num_prefill_tokens,num_decode_tokens
455,6366
190,4153
570,13178
205,8675
244,9007
353,2360
219,5384
495,19233
1029,15352
407,10044
605,11597
692,8988
317,6559
482,2904
447,7667
316,2424
396,26055
249,1535
202,16175
342,6110
523,3330
480,14155
303,2704
537,16260
357,18513
464,8034
769,13450
424,4051
397,8373
417,5471
563,13975
266,4627
269,3272
553,8735
491,15356
227,2014
386,5460
476,3969
511,14227
733,7435
569,8619
854,9364
87,2129
293,2205
450,1898
222,4688
346,9368
266,3954
386,5233
467,3377
228,11715
502,4102
452,7115
519,14396
452,9106
675,8340
640,2758
273,3935
592,6310
501,2661
873,13932
287,2053
576,3162
297,6258
579,12560
353,2753
533,20156
470,3664
375,15921
487,3001
551,15699
381,5037
713,8718
452,4004
593,16454
469,17500
360,9288
346,3846
249,9900
204,3281
295,3771
325,4307
463,4320
1082,8587
1781,18700
592,18325
579,25195
337,18139
638,5228
233,17155
703,8897
780,7276
295,3729
529,5506
433,15135
628,12289
774,3499
415,6516
573,11124
244,8696
593,11652
231,11909
454,15665
195,19796
482,6660
360,5101
445,9484
435,7574
430,4192
409,13030
630,14007
303,6548
462,7612
328,5685
163,6664
259,3770
582,5269
360,6617
495,3378
668,4077
904,10495
608,17331
248,4050
360,4178
192,2042
949,2659
490,3055
624,12526
436,8478
404,5766
563,16521
541,15410
334,18324
560,5091
396,12419
929,18514
352,3267
358,20082
667,18409
434,11490
513,9611
363,2292
171,911
282,11928
694,15169
833,16398
765,14542
579,18239
401,17507
376,12480
476,2846
501,20890
400,3475
423,9500
237,2315
352,2200
262,9078
337,4040
256,2706
326,15478
302,2465
129,7418
667,4518
570,20155
411,3297
930,8696
371,10690
298,3295
462,14305
499,5458
381,6383
589,20612
632,17291
609,5028
334,18712
264,2229
374,8403
585,11542
635,10826
451,2989
268,9319
312,10863
577,2207
312,2157
300,12477
732,11281
566,8569
208,22052
567,11783
426,5935
284,4763
688,9191
314,20384
548,3081
566,17021
527,1984
844,11533
477,1420
929,20700
406,15268
672,11331
83,2844
341,7972
648,12157
356,2326
230,10290
313,5861
749,14675
931,13425
402,1383
618,9379
401,2680
878,9869
395,10460
520,5864
685,2991
816,15549
316,12634
416,9836
539,8422
397,8291
645,20151
249,5953
255,15607
628,10983
457,6266
347,5174
322,1680
396,2532
311,3438
650,6397
549,11886
833,9986
460,16043
163,9340
194,6346
167,3924
382,3535
525,11961
319,3392
443,1690
762,5552
284,5903
273,3587
712,16510
1153,18132
348,12937
506,22831
647,11425
526,2927
238,4203
397,20306
520,4502
379,3915
398,26962
501,9605
376,11948
559,5093
484,17721
466,8728
689,16332
255,9158
390,4043
255,15955
336,1822
229,4628
367,7590
271,6260
190,5603
371,3148
202,6240
251,3202
376,3077
211,2252
465,5448
588,10731
1030,11794
390,8670
1361,8851
603,13922
513,4770
322,8871
169,4552
760,5852
802,8277
169,4083
426,2436
423,12297
345,3216
636,3446
519,8626
405,9981
433,10797
384,7599
221,5277
500,6470
241,4419
581,22505
250,6042
301,10602
334,7154
730,5073
382,14217
293,2871
342,18281
512,8232
230,3997
308,11530
240,3538
169,8518
162,1605
254,2916
169,1481
1132,11624
701,8349
1103,18318
1123,18489
202,3414
250,4526
269,13349
107,5467
284,3287
388,7128
362,12705
471,7209
424,16049
356,16583
309,5406
296,20559
321,5559
542,8178
565,7782
591,4921
447,4772
188,3942
409,5868
531,6886
561,13353
424,12307
376,7894
705,3345
316,1630
396,14546
430,18861
278,2238
582,16048
468,5661
391,21441
514,6277
383,2537
252,11762
350,8412
267,5179
371,12187
461,2300
411,4486
296,9974
377,3505
241,2855
465,11333
302,6829
461,3527
232,3642
547,7789
340,16286
624,4179
543,13880
801,6011
382,15438
204,6726
508,15144
491,7874
534,22895
460,2294
646,6178
633,10754
372,5698
417,19934
473,8147
885,9811
532,7699
321,9267
368,7121
507,2464
318,5748
355,5618
298,12942
325,12502
421,12094
567,18530
444,11421
654,7868
176,2627
304,12128
409,4307
377,7116
319,2660
431,6168
448,4910
599,18164
707,8071
476,7521
192,2726
222,1693
255,1905
326,2787
927,18560
369,6745
494,5678
585,9844
248,9294
417,8332
181,4121
708,3430
450,4756
376,11687
342,13154
192,14677
600,10501
566,18476
610,16693
212,9876
483,7064
365,1224
191,1414
601,12211
201,12774
463,15478
236,17649
402,18385
448,14560
186,2700
568,6894
181,1554
168,4481
352,4906
274,11043
223,1864
434,3845
406,13464
331,10652
472,1663
278,11184
615,3214
529,10890
327,14906
546,4085
491,9030
603,3548
492,16891
562,3532
338,1783
411,14510
478,6045
472,4106
645,12287
839,9746
733,5109
611,3720
696,13731
601,8340
409,11134
341,21427
461,3764
268,5738
600,4988
417,17604
373,17309
192,14319
264,2804
400,5682
174,2892
507,9763
580,21796
463,5472
249,20503
369,7031
399,10972
395,7268
325,5845
2431,9628
239,1761
502,15450
478,8067
570,11224
395,17313
247,10574
455,4310
319,11833
503,7733
272,4420
160,8165
202,4636
256,15886
489,16007
635,18684
517,10157
228,10654
206,1377
518,2889
281,8967
594,6119
422,8774
765,11385
275,7102
600,8261
375,21143
283,2044
376,11799
206,4165
700,22829
372,9512
618,23262
333,3417
647,7842
559,6941
373,2532
380,12289
383,3243
405,2736
249,3588
269,5507
366,7951
136,6304
435,10390
1799,15867
484,10706
179,1944
87,9691
288,9062
115,1910
428,4241
351,5358
287,2315
288,5543
1396,18048
345,2895
524,10700
738,9181
514,2921
604,4831
287,3244
385,3425
1173,17728
567,6530
373,17191
430,2206
351,7003
374,6727
503,8648
255,9818
353,5233
472,7369
314,5493
403,3525
359,13397
259,16409
598,10371
300,3933
296,14533
505,5755
215,2729
131,6719
264,4851
302,4785
243,4567
350,5388
355,6211
439,12237
467,7231
868,4747
748,13105
213,3058
821,7852
137,3576
459,14877
511,4954
264,5507
189,1670
174,2554
333,2983
439,13823
560,9260
317,4358
782,14639
258,11804
423,16744
520,18125
527,17140
446,7953
340,16273
346,5162
352,7056
596,4913
474,6422
536,17821
296,20655
427,12473
416,13774
480,6950
630,15192
431,19448
477,23466
477,10134
301,17332
407,4142
144,2984
169,1658
242,3960
256,2315
244,2744
189,9032
269,2587
228,10055
157,2037
710,19213
790,17349
99,11132
1179,16146
1568,15027
439,20387
296,5528
304,4650
866,7730
201,11821
173,2067
500,6766
321,3192
677,7028
371,8286
482,11578
511,23955
386,2767
377,13889
429,6529
341,9254
915,16554
570,8595
391,11298
544,5571
632,17078
243,2724
234,16866
444,5768
437,20461
527,16429
424,6242
507,22017
356,6116
457,16737
445,5269
241,1827
316,2545
213,3034
345,2129
654,5239
509,5504
218,2020
190,5552
391,3104
343,8565
1061,6816
792,12359
278,5616
218,4304
379,16521
324,5075
133,2659
422,7624
437,9893
545,2552
620,3911
632,7952
1039,6562
365,10349
491,12577
257,3164
365,8604
225,7684
282,4674
534,5783
471,20430
388,13709
614,7284
351,15617
282,9687
490,5932
459,7866
110,4194
235,6154
220,7841
400,8130
459,10080
654,4157
801,5968
465,28952
849,18545
260,1431
912,14922
130,7243
135,1918
349,5191
695,11752
412,6305
553,11953
379,12371
392,6742
179,14614
569,11735
302,2064
342,19785
314,22525
419,3691
520,5727
334,7982
1240,21922
168,4012
946,10650
356,3099
573,4940
481,7290
395,20235
407,14185
56,3334
329,2686
227,12062
325,2922
292,2564
568,6084
213,7564
294,5276
150,18364
413,4513
1150,9206
1042,8974
480,20997
330,4241
226,10683
398,5670
491,4347
278,2298
455,2225
491,14393
885,9304
565,5154
396,4985
347,11248
622,14403
359,2373
428,15942
464,10782
304,3866
1156,21779
389,2831
270,11691
466,8908
618,15022
662,20623
334,11900
402,5556
404,9269
377,7921
341,1949
233,2171
196,4570
387,1601
139,3233
375,4476
976,20228
735,11241
132,2021
382,8995
131,1931
377,6937
506,2177
409,3561
625,8960
392,9443
470,8530
343,15634
688,15247
736,4215
507,20093
469,9827
362,10589
619,21288
520,6193
585,26424
218,5241
286,1396
201,5856
329,7186
470,3020
344,2160
830,14075
285,7254
372,10826
404,12775
148,2196
234,3436
253,1255
341,8580
477,5192
440,4056
565,15757
442,22254
656,17219
339,4685
215,4092
314,2041
274,8168
657,11545
277,6637
727,6515
308,13139
465,11963
399,14395
453,3742
915,14992
389,5150
876,4259
571,22507
416,6560
557,16657
552,5902
462,9148
484,7602
372,4303
362,10549
385,7095
430,7398
455,2132
971,10880
395,2741
191,2453
317,5426
371,4059
761,10118
194,1677
420,6694
281,10150
309,9365
283,5308
797,9194
232,2571
235,3404
520,7749
206,4638
761,14618
430,2205
385,6058
801,8658
483,2357
462,10851
331,10823
1096,23027
420,12065
299,5914
868,12524
362,5993
384,15636
427,2004
429,18249
319,1524
248,4849
358,11254
501,2741
540,13598
381,3848
318,8043
330,3808
481,6806
582,7260
298,2192
420,10240
698,12911
452,7205
582,14861
251,3589
198,5430
185,5891
363,2047
143,2068
885,1495
125,5897
315,1791
188,2263
484,8187
1395,9469
412,4297
1623,20219
292,7035
494,5045
183,1783
400,2337
408,3004
338,2138
531,4762
620,8524
529,20131
386,7816
460,9220
651,9131
768,6490
632,3053
404,4985
595,16192
343,6151
248,16387
419,1892
702,20125
218,19601
482,3904
358,2223
208,1450
951,24542
377,5885
405,7638
819,6099
251,6524
331,11350
262,8168
233,3009
204,1557
448,22258
386,8863
464,5176
193,7142
176,12007
476,3060
482,17493
666,12416
433,17181
598,9562
409,5586
797,4574
378,6181
469,2378
426,3202
520,8135
215,1822
468,11542
289,5846
295,9889
327,4931
500,22663
207,1371
316,3471
435,8477
621,18174
570,3751
468,4148
309,6947
398,2926
486,14207
428,4781
1096,15284
229,6283
204,12244
476,13270
449,5205
484,4389
392,5263
402,2109
362,1863
489,2972
377,16639
650,16470
482,15153
280,4941
468,24357
278,3889
589,3702
399,5994
243,2339
679,2026
651,6332
511,13372
707,21068
513,12632
907,17742
216,1615
486,5851
250,9265
888,7951
334,4865
516,21035
237,3340
348,1977
320,5678
426,7256
645,10712
433,23797
275,4371
423,11318
433,4887
428,6275
277,3069
263,3895
804,18882
427,15189
442,16172
675,16692
731,14824
694,17514
767,10133
275,15896
226,3071
386,2245
209,12456
223,2149
195,2339
390,18177
462,7781
673,7275
671,5410
647,14898
769,22079
580,4093
450,6435
289,3018
229,1299
570,3928
279,2079
805,17594
653,3440
298,8346
1227,20504
699,10220
331,7127
1063,19915
369,13961
601,9919
618,4867
765,11831
612,7159
547,17539
348,3850
606,10379
524,8195
195,2005
894,22454
549,7515
169,19190
322,13757
411,2867
267,4799
138,3420
245,3869
376,5609
147,2161
237,4369
392,6809
399,3448
495,4566
383,6757
172,7499
1329,14015
684,16660
187,3210
144,6233
538,14639
241,6300
361,6930
215,3229
294,2177
462,5045
422,16598
363,4813
604,21865
569,15898
453,2542
832,15279
552,13593
345,6416
413,5218
404,12916
454,10883
202,1419
306,11107
539,2645
508,14783
367,8151
339,21778
458,16239
379,1228
800,20125
570,2141
409,5329
373,5284
445,13434
462,13465
307,2640
216,12043
207,2906
899,3135
505,9737
423,2781
507,5690
212,4459
428,7838
843,7504
530,9586
417,2129
405,12136
445,15297
963,7279
99,1996
778,17750
336,4809
234,5882
221,5613
431,2929
264,4674
162,5126
572,3991
524,11625
578,14588
710,20315
320,11950
606,6139
305,5476
778,12661
268,4942
256,2135
252,1241
417,16564
680,14192
524,11476
436,3982
487,5775
565,18885
688,13110
581,4497
288,6985
353,15928
338,8466
219,8980
294,4603
359,2709
190,5929
384,10197
646,8031
179,3800
234,6944
264,5043
533,8810
442,1501
448,7111
448,20402
348,3556
568,11414
348,6723
484,14585
804,22085
443,4584
443,17010
527,14340
330,16774
517,9925
914,13023
398,4957
286,5184
325,10377
159,13117
449,14189
263,4289
438,9695
429,14979
291,6118
377,9119
224,2165
541,3259
268,5674
850,10481
622,6741
1169,25603
215,4934
526,2118
520,6501
446,2841
153,6956
199,6848
673,17105
995,12087
849,11141
364,10589
873,16685
207,1633
385,17592
245,7900
199,2127
660,20473
726,14331
244,1097
588,3382
198,6936
403,11929
445,16906
389,11884
534,16579
307,5583
258,1666
332,6068
597,7033
500,10088
325,4477
249,1976
503,2285
407,9128
439,4493
436,12430
779,4204
532,13574
275,2660
184,4294
651,12052
498,6758
363,4064
311,5281
489,2006
527,16767
342,4961
518,8878
400,9903
535,14919
904,17125
481,8206
842,4961
496,8593
927,6358
366,8360
422,14294
342,5806
323,19105
254,1469
281,1629
340,4960
401,2828
258,10018
489,15552
585,4386
388,2861
524,9428
185,2400
395,4656
284,7173
314,8513
231,9934
187,3675
187,2187
534,6605
271,10754
484,7776
222,1485
464,10322
911,15504
538,5369
529,7024
158,3227
200,9352
332,7360
767,17957
629,5881
454,3582
623,8730
681,15274
1013,7436
329,19386
632,9856
482,2207
329,6075
785,18104
282,9606
368,1648
355,4979
363,3310
321,22712
306,2440
702,14780
319,5068
356,7529
514,8093
894,11163
602,9419
268,12070
401,3847
190,2525
253,14091
387,5532
184,6265
466,15588
1427,5136
758,8791
811,8943
508,7475
239,6917
148,13249
285,3982
543,5807
237,4178
479,17270
592,4285
430,15743
510,7263
551,7396
604,12630
599,24798
337,1735
415,2043
462,1975
596,17432
630,6609
308,3811
414,10419
303,4021
344,2844
492,6056
564,10371
639,7595
206,16704
326,4377
411,15109
518,23030
694,20160
608,13730
88,832
185,8678
180,4063
407,2632
285,2235
191,8086
502,7919
692,14387
305,4089
273,3857
424,3705
376,9481
491,6794
354,13832
403,3852
394,16815
367,7161
385,3646
375,13349
337,2355
115,1774
331,9805
371,15569
592,4668
385,15732
536,13678
379,2004
670,3335
388,6558
303,21891
258,1912
210,4288
191,7174
255,21873
339,13135
657,6367
1248,7309
663,15168
793,10813
1073,7295
595,12718
379,10098
562,1871
472,7023
381,6842
581,14595
766,14866
433,11841
619,7993
474,12164
453,4785
503,8459
636,11915
393,20974
277,10848
702,14085
274,3058
381,14773
409,17083
419,11007
557,1751
349,2741
224,2069
345,2397
170,9669
112,3396
548,12240
92,5959
291,5557
187,4216
343,3330
556,10455
1498,19291
170,1273
537,16570
323,8824
475,2779
495,6314
390,17826
121,12443
545,19045
767,21052
793,9985
870,11722
619,7022
661,10805
564,16615
623,6882
415,5564
413,9147
527,8443
584,7574
385,13010
747,5790
241,2001
297,2513
455,9456
397,2419
388,1532
385,3588
693,6662
182,2926
353,3253
294,1377
510,5386
320,4086
699,7614
161,5868
568,7775
246,4137
747,5326
246,31722
81,2857
444,4397
911,2989
343,3183
367,6866
437,2792
362,5881
392,18511
596,25122
428,1785
442,10110
436,15398
324,9884
409,6664
312,24181
397,5187
320,12642
466,18297
443,13496
208,2578
462,18166
190,5394
787,15152
340,4179
293,15213
270,3363
398,13550
326,9584
876,5440
402,7519
306,6045
579,15685
825,3157
825,9768
1150,8155
1314,6042
305,18351
425,11981
773,12594
202,3698
980,12185
582,24941
231,12325
394,15107
200,6781
611,9354
410,7947
577,22513
441,3480
625,16164
578,1581
799,13315
682,7420
248,6594
278,12427
443,3757
445,13685
293,5997
247,3784
447,3716
555,8831
608,13447
497,19227
408,11200
314,4051
451,10000
455,12832
526,1490
357,2315
367,2632
465,11568
191,7455
596,5141
417,5104
346,14432
359,5161
597,14874
339,21365
325,10707
558,9019
655,6077
237,6090
451,4141
516,5996
494,13793
403,6357
450,3426
345,4937
241,13262
819,14752
171,1480
442,10334
242,6720
371,2851
612,20959
274,2979
285,3679
244,8488
833,11169
477,11604
433,2028
677,10244
308,5274
622,3355
510,13274
777,8892
250,1725
352,5142
489,8399
201,1901
290,13786
432,1456
476,2882
371,15417
937,17306
158,2211
346,4103
131,1227
677,10457
369,5870
607,5347
552,10157
318,2253
315,12691
331,12362
1002,12959
313,3920
611,15633
323,5781
325,4464
437,12441
722,8636
573,2112
297,2311
319,4917
304,2317
328,3083
446,11096
445,6328
465,7360
408,8515
438,16492
248,7879
367,2284
437,5944
440,9594
125,2605
143,5543
549,14343
439,1769
380,5870
1238,11597
544,17964
340,2483
217,5185
234,1850
550,2437
695,19127
603,8232
814,14833
282,5583
650,3445
276,5093
269,3040
420,15179
542,2383
356,3930
536,21089
316,9448
301,1295
470,8004
487,9013
531,20760
462,5341
446,12417
354,7351
490,15682
236,3969
494,12677
486,7651
252,1632
231,4440
189,1575
341,3645
445,8145
419,2801
271,3617
1002,14169
414,5231
325,3243
195,5816
231,2475
362,2661
257,4073
324,4494
264,4339
637,7736
402,17505
525,14554
857,6765
424,2523
491,12263
670,10950
629,7526
528,14758
226,14275
512,6198
417,13318
265,6602
611,9143
484,2620
521,20049
263,8474
498,4590
681,5235
735,15313
735,15530
405,16024
504,12285
218,2838
355,3224
142,2634
365,6508
233,13790
266,2041
206,5209
720,11869
303,10789
632,9267
311,10821
507,4039
348,7021
233,15373
144,3826
416,6320
311,2133
835,2976
558,2557
279,7100
532,18707
212,8136
910,4537
376,2388
871,4283
192,6128
660,7376
369,4100
462,7397
424,15721
533,9564
535,8317
214,1870
384,2035
417,4700
560,19359
265,13966
286,1390
1055,8726
601,11274
634,17819
405,4218
147,3857
409,8729
199,3827
603,3865
365,4406
338,6702
105,2712
331,12712
307,8585
558,7714
785,18403
872,17983
301,19728
829,14679
467,10759
315,7881
445,7681
687,5503
480,11389
325,16491
562,10539
540,8112
668,3488
229,2994
296,13092
694,12717
370,11244
335,6648
251,1707
440,23373
501,6163
818,14281
278,1541
450,4892
144,2267
571,8540
383,2529
306,4603
392,9168
515,3255
132,8299
282,2378
240,3216
257,12962
438,2862
397,6436
334,5933
301,5224
319,8915
554,3444
543,19056
538,4189
829,11304
4373,14596
212,2740
187,4493
338,7454
156,2418
323,2820
496,4247
665,2719
683,21536
804,14666
519,11616
505,2494
779,16000
518,11301
573,4555
388,1161
83,8182
534,16549
521,4537
243,3877
453,3824
166,3988
818,15367
218,2177
674,8765
238,4456
165,8124
262,11503
590,6736
362,4475
324,3151
185,3870
415,6046
584,8754
203,1907
241,6279
243,10280
183,6723
193,9862
103,2994
323,5361
478,13253
973,19868
475,7954
542,10961
679,7987
869,10353
505,2960
207,2510
313,1459
266,2939
398,5399
587,11325
909,15447
484,2924
369,2900
634,17161
562,3974
251,6915
236,2968
571,3142
304,3435
396,12247
700,14166
622,8561
359,8964
432,3289
313,8736
385,7317
355,2486
636,5907
323,12714
480,5652
639,20370
165,5697
530,2228
183,9893
507,12488
254,8139
180,3282
270,4718
332,6748
126,2579
213,2647
316,2612
616,14558
129,1183
536,5664
507,5752
1340,13607
440,7619
274,6461
633,20185
313,4957
711,13879
432,6473
328,14010
290,10358
388,5005
587,10757
271,12782
625,4563
488,21452
342,2834
865,17531
677,21650
556,3811
277,10980
484,6460
374,3225
499,19829
335,17284
576,4442
511,9860
220,5067
365,19773
431,9138
237,2296
340,2539
271,1692
320,5500
351,1370
304,4085
156,7708
301,4642
343,10128
241,3609
299,11959
171,9616
282,8062
281,10912
735,16626
308,17347
425,3715
601,5390
807,22973
456,2374
294,4997
396,3588
462,3953
585,10168
696,11746
408,10917
702,4486
437,5510
269,2804
239,1535
364,6035
212,10593
459,2580
199,1527
258,3386
482,2929
239,7150
240,5349
572,5282
526,19425
117,13532
299,4268
361,5117
552,10483
152,1863
392,1758
462,9737
925,13257
411,20392
488,4552
435,16293
265,6392
524,10732
454,14767
700,4383
240,5820
352,7764
825,16540
588,10743
404,3646
290,2065
336,13517
154,18116
762,17056
196,10977
604,4417
832,13098
463,5566
1113,15123
346,19727
655,3539
228,2439
213,10201
360,3817
148,6815
337,3465
455,1561
904,7145
1239,18038
179,16328
386,3510
230,1874
279,4427
533,1988
363,16866
750,6004
430,9362
574,5185
580,4272
260,13611
437,14020
317,8031
253,7242
359,14070
492,22502
780,19668
339,1307
428,7096
490,10935
306,3102
688,12608
423,5477
772,12960
192,1686
679,10815
318,2455
640,1890
219,9692
394,4534
358,2790
278,3843
385,16145
267,1199
900,27929
1374,8307
365,9944
309,4004
271,2216
516,3646
469,6857
314,3189
303,9348
529,11533
634,5759
483,5792
511,6109
638,10995
233,26537
898,2886
601,5001
623,14943
239,7310
445,4018
433,10259
279,5221
486,6657
458,4534
423,4189
263,5508
198,8907
231,5777
456,14836
437,10059
627,9399
229,4953
479,5196
203,3937
195,8329
124,2945
177,1221
582,2973
1219,11438
603,12087
326,6750
122,2815
153,2289
173,1447
400,8476
420,2924
1102,21241
390,6259
662,15928
649,12433
326,4380
414,25960
266,3346
104,1161
302,2663
514,18931
399,17925
452,12288
262,1798
467,6399
647,3774
618,12414
533,10342
333,6283
473,10152
147,6226
619,4402
281,4120
512,9343
210,3415
354,5042
271,2815
307,4495
452,7450
201,3583
526,17478
272,10920
210,3537
795,4616
738,14168
606,13370
237,5540
130,2033
362,2941
294,2079
140,1876
368,2132
242,6222
133,1780
313,9870
342,11608
322,8602
522,6123
748,21740
731,4147
446,17642
477,11100
332,5544
148,14198
445,8117
399,3520
508,11604
859,17708
385,21633
341,6472
294,7582
237,4541
236,4279
187,1689
291,1732
256,5331
487,11310
220,2462
629,4279
1252,10381
709,6755
958,14182
494,13383
219,10499
553,13237
245,10937
387,7820
90,5577
731,16017
380,10021
286,1779
591,7875
450,3864
1454,14318
687,8093
436,12790
290,6296
260,7398
676,12853
368,15394
435,9216
521,4827
407,8671
817,17917
613,3785
569,8729
277,9800
147,1582
374,2872
374,6667
566,6570
366,10645
400,12717
342,14733
537,6546
749,12027
39,1670
374,17388
243,2658
179,3067
463,5656
240,6778
479,3992
531,17552
343,8573
534,7305
583,3031
362,7135
283,8500
788,11401
276,3278
521,1621
366,8166
274,4117
411,7788
401,12559
698,12129
343,19118
538,4523
986,21738
385,11112
259,6409
895,21285
256,1895
545,9804
350,2798
241,1617
206,4514
212,4006
221,2938
593,9241
722,5475
434,9340
362,5881
357,16671
114,1559
427,2145
238,9851
611,6514
660,15626
200,1575
769,9527
772,19393
395,12511
401,14923
319,6012
439,4665
198,3531
443,15550
276,2677
379,19780
587,12377
526,7710
200,2313
256,6564
269,2957
225,1647
313,1539
1458,10037
1134,18670
1009,9941
101,1178
405,5360
675,6439
533,18115
395,21201
507,3468
1245,8698
161,3395
604,16451
1178,18646
463,3731
353,12929
627,15551
218,1203
303,1686
416,2255
301,6570
600,9780
326,15000
345,21541
394,5490
396,4577
362,4519
133,1266
401,3465
396,4415
171,1371
221,3281
241,5901
267,10771
357,2349
397,12422
410,15221
348,2980
615,17022
405,6722
710,4390
260,4278
154,7189
210,1295
455,4005
831,3237
445,11823
306,3412
283,19069
410,22469
458,4688
296,5858
794,20084
428,5411
520,9642
1028,8073
237,5870
347,3755
403,16242
915,23016
172,4415
396,2637
685,5061
598,5418
363,3409
405,7524
403,8010
543,8219
421,3116
494,6703
314,4746
246,5603
437,6400
588,2036
142,5655
542,18193
245,6630
589,14588
345,2065
431,11444
375,1587
490,20496
739,1991
317,2631
601,4307
580,4217
980,17355
417,6472
611,12247
303,7415
361,4750
360,17246
502,5228
504,18268
129,7497
626,13429
317,4790
574,8375
482,2299
140,10495
667,20401
508,16954
534,13145
577,8003
748,24534
425,17605
439,3123
510,8774
627,11326
221,3236
440,3382
212,3278
287,3693
202,9021
138,8307
257,7074
329,5739
198,1443
838,2705
984,13368
552,21397
277,2618
298,6126
236,6561
802,14436
605,10453
1022,15037
646,22254
523,7364
311,10024
545,5588
756,9455
522,7304
287,1290
696,19237
201,1667
850,6895
396,10554
218,8931
314,2225
324,4873
514,2813
386,6608
220,1756
274,15937
284,2650
293,3506
391,4273
657,18579
235,2646
1000,18396
453,6853
310,5738
275,5655
157,6569
372,10863
494,8567
426,6905
568,8646
733,16349
671,14839
715,4506
447,18952
664,3958
379,8838
170,5553
530,19588
487,19572
618,12165
545,5180
173,8042
563,19789
656,5142
204,4731
703,6402
353,1995
440,15742
334,4597
184,8309
506,23446
529,7717
381,3997
326,8776
249,16833
175,4259
354,5049
155,2279
341,6164
354,2559
114,1650
518,16332
444,2854
296,13635
630,27654
604,9280
253,3505
136,2242
301,2249
228,3007
95,2258
439,13811
399,5744
470,2215
472,8809
625,8662
555,18378
412,4478
560,4391
307,19536
470,23401
358,17907
441,8458
322,14201
355,15284
582,16226
417,1721
828,8646
864,14812
313,11515
308,2617
625,18912
183,1999
452,6543
121,2816
202,1653
321,2026
220,3099
392,2453
442,4131
436,4959
556,2229
826,5176
357,5415
356,2854
188,4607
506,7769
776,5294
666,17848
567,7240
416,1498
587,1984
280,6096
337,5201
321,6667
319,6910
386,6613
350,2601
409,5699
524,2453
297,2419
545,10259
335,20519
491,9043
665,5246
282,4945
243,6225
213,5668
628,11508
341,9092
553,6725
277,8347
143,3916
240,11703
304,1926
294,14180
284,3386
677,9203
593,12158
708,13033
156,1134
369,15755
172,1980
249,9074
239,2446
203,13103
479,5636
547,5899
387,7147
216,2815
424,5125
318,1542
574,16691
621,4168
461,5779
607,15564
383,4932
548,2409
332,4422
346,13322
547,10710
420,19170
274,1368
323,22857
579,5966
622,3793
389,4084
322,11529
738,5775
557,6259
289,4656
55,2522
198,2192
231,3369
230,4968
576,13758
283,2208
472,5650
143,3146
276,2821
243,1814
211,6716
332,2996
437,11997
407,2587
264,4675
310,8653
585,4504
413,8086
472,8598
244,7913
490,4426
351,5400
669,8986
136,977
250,1912
537,7276
508,1523
275,1640
266,4355
580,2510
310,5402
778,2902
893,12280
306,1471
194,4045
274,4956
625,5448
120,1791
129,1944
89,1198
975,7426
953,8765
467,13397
684,17165
348,6803
126,1255
505,3407
481,6868
454,7789
283,3157
1265,12721
449,15679
549,5421
668,15237
538,9160
451,18142
369,8751
169,2080
514,14210
403,14678
416,10454
315,10950
449,7697
548,7492
706,2345
1170,12800
259,4959
356,3841
353,5070
398,2825
173,18937
477,9265
329,12876
396,4145
400,6426
472,2572
770,6027
1255,6562
310,19249
522,9302
582,4612
217,10812
431,3808
603,3905
287,6324
593,2689
305,5619
410,13764
308,10745
337,2096
802,22948
378,15506
949,6782
627,19211
549,2646
761,16572
282,4381
600,8131
506,4532
348,4417
256,3237
858,16693
578,8748
292,2654
343,10957
543,9136
305,11136
510,6966
344,12602
283,6492
333,6451
213,3141
384,3473
237,1167
245,4527
252,3762
473,8792
299,10524
317,4515
660,10934
893,10456
394,2616
142,5176
521,9191
166,2485
542,4084
610,8927
321,2586
541,4215
463,4588
479,15787
216,3346
650,14927
435,5441
625,20012
422,14737
234,3614
494,6743
228,4151
320,9794
544,17721
345,2996
366,4330
308,2988
376,3852
194,5820
442,5900
648,16421
828,4233
327,7657
594,19206
413,5816
363,6974
58,1847
285,1845
288,7238
358,3816
184,2709
340,11256
395,6159
424,3199
229,1729
800,4550
1152,5262
675,8640
890,22243
946,22250
319,4049
489,5262
478,2506
138,5363
448,18716
143,983
601,6630
611,5328
684,6785
435,9841
704,4824
400,14700
513,13840
447,4964
404,9967
386,3201
291,2365
343,17964
271,5725
661,13747
508,3025
485,18019
462,9850
331,2248
618,15215
288,17307
207,8267
656,16741
565,15593
472,18868
466,2492
209,1627
270,1307
579,2625
422,6552
367,3268
392,4073
338,4330
421,20152
700,17451
104,1024
506,5279
363,5710
331,5784
281,6001
461,5633
450,10262
508,8137
414,11105
531,4002
589,17963
412,2773
442,4955
269,22007
337,4176
651,7089
465,1210
478,18474
329,2727
463,3434
248,11923
1068,16296
463,1692
429,3278
298,5513
548,1850
567,14405
500,4415
368,11544
227,10671
270,5324
58,3100
445,4293
105,3697
85,3860
306,2644
142,1530
155,2680
442,10615
310,8603
730,6612
397,4776
297,3602
203,5916
373,3090
346,1358
170,8765
411,5239
728,16849
376,6651
335,3189
251,6591
465,24520
212,13928
427,12596
454,11637
370,15682
381,12186
397,3700
378,3866
278,7279
702,10493
680,6062
276,9432
418,2244
782,17276
189,4838
487,16082
363,3530
242,6695
221,4031
446,7206
533,6917
139,4589
292,4124
114,2239
393,3900
667,13988
440,10779
693,4960
174,1444
1271,5801
240,7328
157,953
173,4112
439,4832
156,9489
182,3234
783,5456
474,2717
554,13888
541,23997
637,4974
515,8569
355,2379
488,6523
296,16639
582,17559
605,8722
622,13653
334,4920
392,4400
848,11373
791,16513
396,5972
670,6313
485,10982
240,2250
195,7672
277,4537
303,4368
279,4296
864,8876
925,15913
564,15799
312,10521
301,2343
258,3251
264,8197
466,5975
1013,19499
561,8346
513,6828
720,19311
883,8890
578,10301
631,6701
437,3725
468,19729
252,5012
475,10091
192,6480
670,5659
577,16704
461,14870
357,3627
320,4640
455,3861
399,3085
341,14628
351,9044
263,3976
218,1262
301,3070
569,12544
421,4733
546,7741
307,11208
329,12434
327,1634
267,3711
375,8364
232,2815
638,3656
902,20186
367,2539
320,6161
281,8296
562,15187
310,11301
370,12098
559,16850
370,15222
1106,13781
307,4878
260,2694
383,5766
497,18931
481,9412
329,3197
248,8037
385,4455
407,7192
341,2662
231,2102
455,1819
311,6306
442,5731
288,2494
402,1505
208,5446
405,7353
324,4373
1099,10296
897,4859
730,14923
529,20176
600,6217
263,2784
128,1214
221,16078
559,12462
249,2553
293,3288
664,21601
487,10278
509,6351
457,10981
391,2942
458,3195
720,8267
235,11791
320,11881
310,4397
1017,7197
522,4545
681,8284
315,6802
407,2439
144,3071
485,18997
464,5146
528,7373
501,5120
381,7791
624,9090
410,9846
378,8154
361,1357
325,18151
301,2140
411,8961
415,6484
190,2851
676,8211
715,7029
1188,11022
598,11582
533,3383
499,19264
1047,2185
281,6567
295,3937
351,4315
252,7671
209,4626
462,2380
327,1681
956,12641
358,18291
118,2143
262,2939
587,5880
350,1550
532,19562
345,2690
252,2755
624,14095
659,7806
299,8174
727,25665
921,21089
217,2147
464,15365
146,2815
185,3069
234,1983
301,6533
615,7660
422,17162
749,7038
614,8059
672,2183
1161,4976
106,1719
280,3744
352,7706
211,2841
240,7022
562,3563
485,5462
465,6465
671,9638
296,9473
238,9811
498,12065
322,6269
232,13584
477,3099
397,5093
321,8164
461,2686
528,20713
262,5187
356,5901
159,3244
337,5718
309,6816
335,4190
258,3876
225,5660
132,2223
80,1370
256,12544
690,3772
1300,17597
338,13434
136,1361
198,4877
177,2868
280,2704
119,1755
493,16742
584,8153
492,12592
380,10855
446,14690
147,7553
470,11008
1154,15384
522,4246
531,14274
314,22164
430,7694
464,10115
303,9613
604,6874
458,1441
447,13349
504,21413
541,18423
528,5692
402,4314
273,6908
698,23171
270,4169
378,12211
700,5618
420,6624
296,2735
226,3775
249,5189
234,1601
379,5522
555,15549
307,2049
647,6475
426,3634
661,6714
577,12287
402,9574
346,7309
611,4373
412,2353
721,13896
333,5726
586,14268
357,7663
323,3108
598,19948
810,7999
527,6946
1109,12338
406,24768
368,2352
423,2196
735,14313
394,18419
343,11273
572,3043
360,2605
548,7830
245,4117
404,2118
402,5873
288,7192
428,2099
281,4999
388,2566
1058,6760
656,15354
439,10095
588,14031
264,13566
260,6783
204,1007
316,6967
476,6936
562,10670
730,9651
405,10528
275,10186
531,21008
552,9061
393,15956
503,2951
449,1525
614,7821
247,1675
376,15676
956,15718
452,13541
249,1526
421,20766
528,4543
567,7623
532,1937
371,21241
276,8285
201,3115
395,2080
392,5166
402,15822
277,6302
201,7391
105,1043
501,5419
694,5706
559,14682
309,3641
321,1068
159,1843
341,12311
484,8674
105,1416
343,2513
573,14672
231,3680
500,12642
596,17262
231,13793
591,19579
611,6387
494,8458
485,7800
581,14063
609,10412
579,11154
679,19127
407,3344
543,18185
267,13587
381,18492
824,18812
345,1811
589,8826
507,9687
105,2194
525,12395
349,14422
591,4541
279,10591
334,4979
197,1732
537,2246
206,3997
481,3622
386,7272
317,4567
224,1749
641,8613
1466,18382
765,11327
294,12961
673,11304
423,11271
376,3440
287,8464
271,13911
427,9420
418,2810
444,1915
635,6389
832,19383
472,11200
475,13425
354,2438
544,5921
569,4545
327,3746
269,12877
395,10387
153,1430
276,11645
283,1714
309,7994
230,8332
393,7053
342,1705
487,19973
556,10659
319,3255
266,2459
603,12659
123,978
201,21243
266,13797
357,11922
422,5802
514,3823
579,5843
360,18823
620,13755
263,6850
567,6174
334,12906
186,3023
251,1710
233,5088
253,10410
491,3694
223,1974
268,27878
921,21039
369,8085
372,3985
422,11532
414,2382
734,11570
675,15799
469,5002
292,3621
398,6621
209,2196
486,15128
165,2194
111,1206
341,3224
539,4057
268,1631
207,9905
596,15875
1140,22433
1669,10300
766,6254
536,2478
344,6693
324,15471
442,9501
586,3449
388,17090
454,21658
861,7113
266,4122
476,6661
555,5513
592,6790
661,9984
382,9316
421,10253
596,19715
199,2032
375,6379
428,15009
421,1787
353,3230
261,3119
266,4562
194,5203
233,15744
366,3556
310,7413
364,4497
290,17443
199,3725
239,8426
263,3647
163,1829
318,3089
191,2965
311,14865
1090,9884
130,1427
714,6788
440,9173
260,1277
487,5742
282,17475
913,12357
651,22469
835,9355
252,2350
367,18964
766,12731
298,5291
467,4072
351,13270
253,8344
467,15099
232,1328
447,3748
605,2860
368,10481
880,8455
561,8260
791,17443
479,13333
554,10666
408,7118
531,4000
491,20017
101,6485
244,10052
223,7158
101,2736
1120,8216
914,16148
188,1944
325,5372
446,14991
217,2656
388,3254
249,3359
734,22491
518,14264
1320,11610
500,10597
542,5775
320,16072
681,9242
656,4416
252,6211
440,3912
702,7948
312,7189
202,2111
335,3373
333,16625
575,18110
498,6175
196,13366
432,5843
306,3466
300,9464
248,3654
390,6408
306,3782
813,3653
207,955
175,9466
61,2668
665,7114
331,7339
338,5547
1311,12998
1147,15820
483,17818
286,9269
699,5552
296,11799
257,2599
537,4004
300,5742
537,2207
749,11713
970,5922
466,4934
450,9392
783,7434
522,8553
585,13906
626,4235
164,4007
724,5548
175,5734
288,16014
397,4536
233,10235
899,7853
441,2794
655,10105
169,3194
449,9294
255,5852
401,5698
371,4357
242,4908
235,8910
312,4369
394,3527
475,2317
425,4123
1225,16759
279,11313
426,1275
208,9343
615,4803
327,6077
306,8878
716,15948
768,6348
501,13760
392,6768
455,4773
578,19083
530,9964
452,13618
332,15884
627,10893
376,1871
264,2395
340,4702
410,13270
475,16090
617,14119
218,6446
370,7505
317,9286
455,5672
196,2335
299,8711
383,4473
423,6723
203,2258
731,8510
538,16113
231,1761
307,6072
227,1559
331,2780
194,1824
261,1256
506,9026
421,3636
469,9192
634,14053
575,4740
314,10072
268,1496
395,2537
574,6956
100,707
381,11474
270,7129
359,1874
265,2151
510,7949
281,1840
248,7063
185,16388
670,2797
503,5225
193,4332
239,7664
1872,6587
1086,18357
418,12930
639,17617
232,3359
343,6365
136,2282
102,1318
238,10903
608,11445
448,2322
454,9096
576,11135
409,4191
483,7897
94,2033
358,10465
558,14999
521,17457
541,10163
252,3109
509,17114
619,7288
371,6453
250,7876
538,4181
429,2157
437,13852
331,2140
395,2861
535,14638
466,15276
401,1845
476,12431
309,4262
302,2357
260,3706
97,2225
115,1567
327,1988
139,2421
407,4563
1456,18700
680,19180
256,7712
460,12941
275,19092
484,11229
131,1669
498,2519
756,5594
405,9058
530,12297
702,15286
565,6129
455,11854
529,2566
731,12464
537,8003
775,4485
322,5333
297,2915
315,4662
399,2932
566,10586
560,4372
419,14841
329,9898
395,15120
288,4669
284,14009
680,5577
284,4252
375,3205
474,6509
133,2460
515,2312
442,3738
415,2055
466,4349
292,1675
138,3330
750,11881
213,2151
802,4892
454,11064
526,5108
719,20925
935,11768
140,1187
160,5942
99,2560
412,4109
355,2493
697,2161
609,11543
385,17398
928,6169
373,3340
593,14249
258,3362
534,17159
689,10298
418,3877
428,13175
412,1782
996,17014
257,6193
370,2481
299,5022
496,8523
547,7674
321,2205
468,1476
149,5635
1368,9407
558,3628
273,8335
485,5501
397,4056
183,8179
211,4218
518,4458
325,4669
320,3268
509,12116
538,8877
682,20470
234,3555
151,1197
223,7461
413,19765
291,3816
542,5734
915,9237
164,1889
1421,14199
678,5640
649,10814
560,5670
281,5408
193,1703
513,20459
494,12808
336,10222
671,12367
415,8730
383,9481
376,4905
597,13236
567,21463
447,1694
332,3837
294,6240
216,2696
395,8868
294,4834
313,5655
216,8446
510,9646
309,5533
340,4003
180,2018
488,7293
486,21952
365,10801
474,3157
151,1181
495,4446
397,11096
118,3614
541,7216
473,5195
244,4134
389,1927
350,23543
326,13104
997,9681
604,11445
550,8669
499,7987
189,6465
366,7059
475,15557
280,2840
701,6498
253,4219
651,5693
354,12458
586,23108
250,2345
697,2790
367,3396
123,1597
356,3531
401,4691
288,17245
467,8113
340,2757
377,4758
744,4663
1003,6326
352,13408
199,6877
789,4006
462,2211
232,1620
322,3738
373,7052
497,3465
486,5290
444,8178
487,3176
230,19378
536,9823
833,10886
343,4850
247,2448
1094,21720
339,14677
432,18820
532,4787
346,4649
199,3100
357,1307
374,1184
384,10332
239,9886
533,6300
186,2867
278,6516
432,8019
189,1177
478,8300
318,7778
250,4764
164,9171
398,3431
970,8458
442,8688
254,3572
263,4347
233,9682
203,3128
392,5620
456,7516
559,13860
435,8556
1105,12136
495,8817
505,10484
269,13839
428,3808
311,2194
404,5212
663,21063
215,2178
177,6147
643,6700
470,4575
121,2526
283,5709
451,4627
325,7495
166,12841
229,2244
305,6198
1011,12180
1354,8775
385,17103
429,4746
353,11436
317,6752
336,2991
291,2989
222,19382
660,18431
561,5255
385,2636
741,9497
770,16398
115,4367
414,2780
267,10129
553,2652
294,3162
369,3528
296,7136
395,7446
455,11900
611,18368
463,7959
215,11866
204,15081
569,4090
155,1582
318,3293
200,8691
212,5274
554,16324
422,10254
551,9521
603,7474
256,3004
454,3957
496,2607
845,12736
752,2839
368,7484
260,10019
639,11364
679,5143
421,10960
323,7885
304,4073
351,4623
371,4368
490,19158
373,1999
592,3539
483,6605
534,13745
268,1942
676,6042
393,21249
491,10229
394,8183
253,7757
518,7081
640,5440
257,9047
532,8299
702,15840
291,17678
521,14502
493,8217
171,5643
186,1927
221,2345
238,1896
123,1040
882,16257
606,16460
339,4636
155,2664
1117,1643
272,4280
228,3108
423,5874
384,7811
351,19631
728,14138
680,4030
444,16927
699,11978
566,13748
318,3107
318,8106
368,11930
289,6468
547,6658
255,3481
146,1307
421,2668
369,20808
228,3608
588,13649
383,1974
487,18602
543,4646
522,18936
516,11056
429,2819
333,4407
644,9951
670,10106
409,3596
462,8146
280,3465
535,19669
368,4019
806,14240
1301,10098
615,16270
469,2565
1239,10377
443,6650
200,2231
243,1794
165,2954
676,6105
633,10714
519,2197
729,20209
391,14197
821,5871
412,22662
568,21446
444,11940
761,2572
591,14102
358,1827
512,8867
515,4302
398,9005
314,7426
476,21601
406,15713
375,9282
447,2427
502,4689
180,3485
275,3626
490,3065
325,6066
297,1739
167,9398
282,9004
251,12235
392,13325
419,20626
266,3842
365,8621
1205,15072
341,6952
461,12546
626,12496
628,12629
454,1842
221,1748
517,15114
288,3794
196,1588
347,10554
355,8806
360,10587
344,4313
483,5633
513,3602
691,13806
311,10164
450,16133
468,24721
437,5054
309,4705
176,1465
652,4775
278,7561
248,1206
158,3197
454,4871
302,8057
452,13904
271,5018
372,16447
544,4544
277,7012
414,7254
412,7977
503,10251
614,3243
555,7791
502,5891
361,4412
910,12762
550,11998
1184,11300
144,2444
421,3617
154,4957
137,3627
416,3147
181,2332
236,3196
341,5909
283,15216
703,5149
578,12312
249,18410
230,1815
432,18222
337,17793
339,4779
488,4307
410,9182
519,1815
342,3590
350,2319
589,7968
478,15936
331,8940
535,6213
203,4517
203,1376
119,4701
456,1936
133,1704
286,6822
198,1742
330,3493
529,3407
763,18166
867,8883
243,6082
323,8462
633,4459
816,19261
674,18042
1117,6134
461,7285
317,2121
728,22178
371,17882
522,10816
453,1835
207,5196
216,15091
683,3188
270,1510
217,4414
110,3550
228,1996
158,1467
282,3656
354,4642
403,13526
490,3216
389,6106
396,8382
475,12676
279,2232
333,3697
124,4064
378,5366
529,3166
550,18827
540,3974
297,3746
750,10088
212,13607
719,7082
468,6646
545,9070
288,18780
481,5039
711,13428
244,2654
630,18850
388,6237
621,7685
324,1841
508,6990
95,2286
209,5313
328,7345
261,5563
548,18399
692,7855
445,3487
457,6321
956,19840
221,19266
321,2251
396,15302
263,2059
349,1942
728,6127
1987,5226
674,12998
996,16385
503,3957
560,21828
514,4716
509,6838
427,11861
427,9981
284,4865
567,10286
248,3804
426,11349
675,13034
219,2899
260,4961
583,11085
360,2866
507,9426
485,11060
457,11573
597,2821
342,3275
503,16342
290,6802
343,11802
314,4580
328,1742
419,8905
317,3026
334,1843
159,2018
693,5167
376,3508
152,2695
425,4221
1433,14029
453,14705
1075,16385
401,9507
146,1707
467,6767
329,4109
719,15198
496,13277
684,13972
654,10729
658,8532
475,6059
568,18606
376,3769
531,11338
228,2714
340,2080
672,12597
402,2698
243,1220
391,3953
272,9743
348,6905
576,14171
348,6545
233,2033
262,1965
269,8509
255,2280
230,5285
364,7747
616,10960
816,22261
269,4991
594,16946
250,2280
303,1638
292,4454
146,3316
556,15494
508,13519
694,4040
981,21173
291,2959
348,5030
477,5659
401,4826
654,8939
526,4741
405,13664
341,13228
168,1616
468,11842
527,2506
341,6430
334,5096
366,12890
392,8645
350,3295
482,8927
361,3702
248,6010
416,2746
830,9436
761,5701
405,14753
116,2585
398,4456
775,11382
522,9449
474,10697
186,6188
320,2755
390,5654
350,5470
231,2082
508,1617
534,2487
364,5723
242,15473
361,9441
480,2887
323,1827
398,2943
155,2796
395,2546
372,5008
799,5948
1454,14000
1158,23726
746,11603
292,20517
421,22631
236,15891
196,12801
362,4928
547,4467
764,19004
330,4535
638,8822
600,9341
480,4357
420,1828
372,5834
437,19075
385,18206
194,18938
499,7605
418,8323
917,4532
433,2709
287,1639
594,15990
336,6576
328,4668
103,2126
417,4241
410,2622
504,5001
640,21518
336,22252
102,3201
570,6582
207,2243
485,1952
362,3199
184,5660
198,4291
608,9321
365,15587
435,8189
339,12642
411,16550
572,3137
480,3718
606,13527
244,2756
322,14095
509,14909
521,14805
421,9096
406,8482
806,3914
384,2299
666,7392
747,17358
286,6479
449,2718
350,3634
240,4100
263,6506
318,2767
526,9964
318,7482
326,13367
439,11434
354,13543
437,8798
154,1649
165,2533
401,3278
418,7349
481,18265
570,3342
456,8779
468,3150
249,2929
456,19614
179,5811
496,7800
528,11955
369,2806
126,2460
316,18276
285,3908
535,2208
1049,19645
246,5727
214,11022
189,2953
537,9417
1495,16643
397,18628
349,13053
623,10263
804,14993
548,3129
363,2524
328,1910
611,8603
578,6951
236,1666
254,3799
426,2859
451,16303
489,14236
533,18824
751,7629
643,2499
276,3730
1061,16642
156,3164
473,5568
464,7737
211,3590
313,2617
415,10988
447,8362
461,16980
361,6506
654,9485
283,7418
751,14948
520,7910
308,2950
466,3376
332,4370
322,2783
328,5319
232,19386
521,16278
447,8071
1191,11544
1267,10864
353,15933
177,10054
321,10546
645,6194
227,4582
205,3807
399,8277
364,5825
709,7563
553,18706
643,2004
342,20290
444,11240
408,7479
585,15640
424,10710
223,2804
249,2527
212,6242
274,1344
519,4404
113,1878
629,2934
349,4613
997,15179
763,11820
590,7264
710,18144
352,5693
309,3645
547,2317
236,2005
526,2371
625,5135
650,16981
482,8601
582,8113
275,3213
205,4814
261,7219
297,14854
361,16378
365,6411
523,4294
282,9319
762,10611
473,14815
215,1087
184,918
509,6134
479,4618
281,1575
459,7676
325,2238
473,5702
488,2154
421,5871
276,3741
621,6376
246,4083
312,2448
450,3085
413,4660
194,2545
462,5048
774,17631
415,13733
255,4863
369,5354
248,1901
121,1585
477,4128
297,2598
762,16082
503,9011
554,10711
492,4761
304,3029
386,5027
200,2135
566,11018
503,4098
496,20055
587,8718
326,9791
175,6881
306,3498
201,3041
351,5361
254,3210
286,2177
390,2342
201,3752
610,11315
128,1714
185,2539
253,2229
95,2088
395,14318
288,1729
676,2125
379,12394
284,3562
604,6756
484,9965
387,13021
471,8012
175,2945
518,5772
385,6196
244,4615
355,2122
170,2147
346,10826
404,4030
349,10685
331,3870
247,4399
681,4621
698,8706
231,2783
271,1677
326,9110
122,1788
541,13671
255,7444
266,16483
560,17235
810,10337
282,9937
422,11994
233,10748
459,2487
650,7729
223,1408
313,5369
316,1182
417,5241
307,15146
549,3530
473,12046
588,11121
498,5503
573,5130
247,2357
331,2366
310,9904
477,4775
467,21548
758,11843
654,4839
304,11180
174,3232
465,7151
466,7892
495,15002
380,5332
501,15513
410,3640
403,7585
339,3315
266,7890
330,1630
706,9833
402,5495
813,18409
592,18260
400,3172
174,2598
550,6411
319,2741
379,3073
770,4740
1100,24981
329,6076
356,5336
831,14815
217,2983
251,2144
775,6327
454,5208
288,7406
455,1834
299,12488
344,5364
626,19454
338,15147
312,14812
499,21908
273,3071
298,13897
377,10844
499,2343
353,2375
487,8219
753,3887
157,1586
242,1696
188,13028
138,1344
413,4004
481,7718
163,1624
933,15833
666,9397
333,6187
421,4914
268,2892
502,6798
218,14738
925,17880
615,4303
684,16891
591,2121
387,3136
860,13653
903,22833
513,10588
679,7035
707,14482
430,11852
516,5271
306,1689
580,7388
366,13372
296,5811
578,4665
312,1610
370,1940
526,6475
328,2464
449,6569
317,20018
220,1813
439,8553
350,2764
504,10438
190,1726
492,4605
311,2011
322,4045
293,9670
369,4203
246,8642
624,13234
280,5818
754,17526
705,9542
629,11393
152,1923
239,8081
568,10140
481,17231
744,13917
315,7549
633,2677
620,5677
303,18805
656,10346
477,1709
443,28320
165,1919
871,3772
631,16380
357,15190
580,15488
252,3724
303,2039
323,5276
526,10245
271,9376
421,1602
175,16050
578,15497
372,16451
631,7197
307,3868
326,1619
409,5359
327,2419
601,6676
567,10571
601,7294
923,20827
336,11425
296,2402
431,7433
260,1970
529,3090
248,1943
691,3097
387,17151
506,2584
776,18468
571,5197
743,2820
541,6823
264,1391
755,12714
721,15983
183,3631
502,7798
342,12152
448,7294
235,2888
194,1313
509,2700
708,17108
585,23953
249,7788
447,5154
494,11872
387,4680
232,1389
848,13988
350,15165
1003,16897
224,2066
307,4541
604,3291
418,8460
407,16569
243,7172
702,5937
546,5718
715,2176
254,4599
367,2760
239,2570
417,7679
353,7828
415,10876
193,3156
191,2381
324,4376
486,10359
418,19923
552,7807
670,18283
674,7750
650,13043
306,9545
452,5711
397,11282
363,11457
256,11834
320,4332
300,1662
392,2905
303,6129
394,3481
164,6325
271,1087
134,3394
524,7643
1163,11199
141,3216
282,6600
459,7860
199,8165
363,4367
313,7223
244,1395
505,17375
464,11118
522,3542
494,2314
376,2436
480,15268
254,1953
418,2033
437,18157
337,11454
284,16262
610,13835
586,9116
554,17823
480,4986
286,2653
222,4111
266,3653
270,3417
290,5878
427,5227
575,10755
150,5604
243,2076
297,6362
178,6419
246,4728
185,1303
482,8540
452,12071
772,7182
1115,6370
626,8524
607,14744
590,11039
236,6961
270,1739
474,7991
458,3380
535,7770
166,7657
572,7458
452,3284
544,17079
630,4161
560,8888
465,12555
384,10092
259,1683
333,7717
419,4752
288,8939
316,8108
219,6353
238,2581
453,9002
224,7390
271,5970
192,7093
820,15728
263,4212
237,1439
1007,2432
362,1699
640,11358
631,3846
385,8457
726,17912
613,4157
280,8355
734,1816
631,11696
495,8031
542,1759
642,9714
211,1860
108,19129
485,15011
417,6603
391,3249
191,7886
248,1550
298,11512
437,9293
364,8447
344,10338
391,17689
358,6383
223,4778
386,4900
298,2217
261,2943
510,5094
1109,16388
526,9670
494,10924
278,2723
579,7853
428,2525
282,1952
485,12252
767,10766
468,8689
523,3909
588,7466
510,6284
440,3356
269,8226
677,11169
262,11818
372,20334
362,2408
264,5870
856,7035
369,16302
636,8837
432,4059
301,2194
447,6495
506,12178
366,17019
268,5569
280,12170
511,2736
435,6113
355,3255
722,4761
521,7960
482,2110
538,5604
230,1777
104,1696
392,2218
451,3434
421,7183
574,2561
558,8998
517,11474
424,9888
406,23053
354,5358
606,5977
272,3540
367,1102
595,2839
354,11421
335,5703
425,9125
619,10714
565,4531
491,16059
396,2309
346,16135
419,9223
695,5977
205,13495
557,4485
338,14384
193,4837
212,3384
435,2515
226,4003
471,20878
350,6483
285,3409
619,14190
729,10648
520,3507
107,6248
555,6950
560,1866
393,14732
393,10726
118,2422
317,2703
589,5255
837,6355
667,8024
325,4333
478,5262
719,7659
596,9953
537,7656
435,11132
399,21778
673,6359
439,2151
286,15250
265,5012
432,2736
232,1362
513,15735
234,8582
458,16244
622,6156
471,8222
395,18842
232,1712
540,15398
160,3644
409,5621
201,17101
325,5455
218,3034
316,3932
207,18147
136,3315
422,3511
320,3092
459,3367
279,15707
359,3496
110,3821
358,1469
459,13841
1071,14837
772,12320
234,16927
385,16973
815,15757
653,10937
451,6065
1132,8455
1122,15748
570,16568
362,19986
487,10831
469,15658
371,5301
281,3456
695,14549
470,9369
626,26791
575,3571
463,14633
370,8021
585,19385
534,2666
616,10306
757,7270
678,15544
328,11479
713,4253
663,13578
534,1616
437,8976
301,7734
748,7506
255,1356
223,6769
730,17527
560,16516
717,4144
518,25286
534,20258
501,4684
832,8727
1064,23129
434,18206
300,2714
563,4931
638,4277
408,21313
466,4745
730,5909
701,13890
502,7112
554,3624
494,8526
470,10620
515,20824
806,15353
540,16344
434,10753
553,4838
535,10120
535,11798
543,11192
482,6340
592,9747
256,14368
667,9124
468,7550
293,8714
542,14841
453,6099
961,12672
839,15267
418,5653
567,16675
381,12253
841,15554
837,21063
341,6186
705,15453
968,5260
701,9195
438,5402
375,10997
651,5199
679,3654
323,12392
592,8366
450,5941
758,19827
267,9333
727,14047
300,3017
629,9964
527,8837
534,6266
737,5715
997,24172
459,7947
610,15513
349,5725
733,11273
404,4821
93,5412
301,7155
126,6295
186,5060
526,7958
154,8621
226,2930
449,3598
292,5061
370,6213
104,4746
223,2997
403,3203
188,3442
234,6792
173,3997
439,9453
271,4536
201,5390
141,12719
292,4759
233,7784
411,3662
200,6637
281,10327
194,13375
322,2552
274,3044
268,5922
238,1926
171,3144
212,4107
332,4368
309,7689
121,1959
303,6777
105,3927
342,10475
332,5174
404,8962
59,10694
326,6903
101,11536
122,3330
499,4813
147,4593
123,4200
341,6653
242,10316
1388,9114
122,8994
584,4256
86,6003
362,5959
377,3201
342,2220
120,6843
398,8781
378,5607
293,7464
84,1898
236,5876
106,3380
248,9051
191,2246
168,3923
371,3878
80,3405
496,5435
147,11193
221,6568
151,4951
342,7130
283,2701
255,3016
154,11936
300,3650
115,8072
268,2630
253,9536
295,8252
152,7178
285,2582
220,6527
197,3553
93,4512
361,5325
261,6305
210,9469
141,5039
308,4946
374,2756
272,5461
282,5839
324,10125
281,4202
174,4834
407,14299
261,8174
307,6912
375,10631
459,5692
310,9755
100,6080
122,3479
261,3508
434,4804
114,5309
353,3912
120,8252
452,10477
371,10573
174,5825
277,4953
316,5149
304,4243
166,3820
146,3092
791,7340
268,11134
166,5598
423,8303
341,2282
179,9765
211,6545
451,4526
337,5929
222,3459
197,7125
798,11825
244,4085
266,8690
414,10641
298,6131
173,5910
191,2291
141,3780
233,4912
143,2130
146,4949
151,11394
399,21633
307,2528
126,6980
197,5870
269,7765
140,10279
182,3533
920,9368
251,6178
119,5947
170,4669
150,8546
642,6253
357,6435
211,2537
332,12521
520,8301
324,3997
253,4300
100,6599
84,3565
255,7345
200,5187
98,2343
221,4347
448,6544
117,7961
168,1578
131,4389
345,5174
272,3690
275,11190
286,3856
498,4552
555,3253
112,2000
112,3693
217,1755
95,6460
419,4704
153,5018
135,4323
277,5226
253,6380
255,5663
222,5103
111,11997
169,2188
302,11309
506,4558
275,3285
442,4518
137,13152
256,3869
190,3455
121,4363
156,13078
324,6557
319,5993
173,12459
240,7978
302,7480
223,7543
146,9484
160,11105
305,6642
133,4728
487,6224
120,4578
194,2071
385,8815
185,5275
333,3584
206,5993
169,9431
376,6685
218,8044
120,2044
964,21084
155,3265
65,3550
105,4913
147,6696
103,4166
196,6399
270,6525
151,2165
234,5294
263,4348
141,3496
233,14649
565,8110
203,5226
369,8502
119,5048
461,11217
260,12279
370,14187
104,6619
133,4717
179,1386
218,3860
111,11005
72,7066
208,6296
331,6412
164,5763
135,3289
346,7315
283,3831
180,4908
186,5329
345,4197
167,5438
424,9711
347,6391
495,12101
257,5535
167,6915
277,3590
165,3750
258,4193
166,6423
79,5587
213,9087
121,2229
445,7282
544,7996
414,6324
683,11850
97,4898
326,8405
384,6914
224,2685
383,11801
165,9657
286,1970
63,6009
694,6473
102,7873
300,9282
300,9867
105,3274
304,2208
290,6958
624,4880
353,4667
94,2950
282,1746
263,3002
92,2748
169,12906
342,3364
116,9637
264,8142
116,4933
224,5092
315,2731
264,3480
247,5355
264,5021
282,4060
178,2479
369,5991
222,3607
454,1612
73,4826
369,7576
300,5046
216,4875
287,9282
447,2618
107,4087
194,1049
430,4142
495,8740
314,3455
965,11239
148,1748
482,12986
277,2750
559,12967
338,4194
179,3653
319,4136
624,6983
470,5791
884,13840
530,10694
373,2753
303,2649
673,20300
456,3458
356,3697
878,2919
455,4040
374,5365
967,9604
876,2622
622,5883
230,4109
189,11790
204,14177
563,6134
437,2834
499,18027
280,7858
599,5482
365,13280
438,15237
1089,20215
722,15617
697,1623
429,15492
757,9041
557,2977
415,8312
416,2483
573,15678
220,9811
261,6735
629,9640
250,7029
441,7075
359,1618
465,8096
733,17390
347,2956
815,16633
354,5220
756,4861
335,5258
553,13252
455,13467
324,3595
323,17971
721,8437
592,10690
529,8628
583,4720
252,4948
428,3446
390,11083
259,12646
287,9478
680,5774
543,6284
444,2393
417,17314
798,27087
429,7443
368,5667
358,3399
301,19691
101,2018
362,6903
256,4279
384,4828
532,2572
611,20033
298,1956
530,10597
369,12065
526,20291
366,12729
433,7187
498,13575
313,3539
656,8452
574,6266
250,1488
725,15234
223,1805
319,12158
741,14273
914,7846
443,2939
763,16172
189,1799
479,11331
145,1726
410,3020
128,1010
331,4915
862,26992
492,7785
288,6229
421,5600
426,5317
350,16506
447,9934
1110,8966
189,2416
650,1496
451,6386
932,19548
409,2585
562,2322
418,3023
405,7523
690,18454
438,2822
558,9214
821,4092
461,4577
72,2392
293,8373
475,27238
343,3538
281,3616
321,16780
363,10706
474,11813
115,1936
336,2960
266,7975
287,8912
723,2030
371,9944
588,11967
330,5915
261,7389
373,7233
333,3195
517,3743
462,20713
334,13654
207,15206
868,15784
402,1610
189,11768
674,18020
297,4541
317,2899
402,13821
1124,19898
511,7042
672,20265
562,4784
199,2199
593,10399
860,11811
761,4551
752,2947
310,2875
333,3632
403,7472
300,4960
85,10887
303,9707
632,4352
120,4791
545,20546
515,5594
494,13262
549,11638
701,8535
470,12184
584,3502
162,2643
206,3570
417,3693
187,8878
374,4832
473,17501
508,6124
527,1875
850,17217
213,6363
920,9485
434,9320
185,1926
474,8253
579,5835
851,5691
420,5196
893,15914
124,1616
539,5999
312,1422
370,8221
370,3810
423,8621
284,3204
129,1961
419,14134
652,7827
280,17494
337,4228
569,11180
447,7164
1431,10831
393,1223
245,1320
571,12084
535,26988
556,2128
451,10469
256,9689
393,5819
650,21768
634,9819
759,15561
569,7287
383,8292
398,2893
300,9211
638,14019
505,4400
225,2106
264,10454
488,4101
992,8922
391,5868
347,7802
561,5550
414,7206
142,2645
479,4645
548,8859
201,7431
261,1399
302,11968
525,14056
315,4496
288,4035
391,6684
466,2944
345,3430
83,3258
568,2706
585,4840
293,2350
416,16474
536,4629
169,7033
448,14828
490,6108
267,3140
265,4411
431,9674
781,12431
264,3009
343,6992
626,11568
454,2880
564,5531
739,16240
281,1982
474,11826
374,2668
282,9527
170,4127
442,1932
434,10396
299,7352
222,1932
463,11181
476,5792
593,18262
658,8939
524,11570
472,12096
499,18479
370,5432
553,6471
397,6619
484,13754
463,16157
301,4139
702,16815
434,11790
615,4577
378,2990
588,4740
537,23462
741,11913
360,1755
230,12056
496,3422
557,11959
691,15521
250,4404
279,14133
460,19041
325,5935
328,3090
370,15864
252,9927
246,1408
244,3316
457,6883
457,25001
396,14784
204,1267
837,10069
269,6300
343,5953
274,8948
512,5168
468,10471
329,1904
391,12199
234,2261
340,9035
438,2456
583,3680
177,8909
331,14663
602,5870
339,7753
597,19678
674,3966
403,9953
315,4511
336,10038
950,4932
632,17157
499,3681
145,23948
567,2643
162,11513
386,9226
322,2708
340,13184
592,5161
452,3175
451,3180
718,14860
286,5324
474,10356
487,13841
578,3117
536,13269
295,2222
689,5218
515,4436
537,16166
246,14105
474,8990
813,22246
906,11322
632,4309
315,10846
342,3345
424,16618
400,1819
635,1891
348,8759
698,4733
559,17531
428,6133
682,3766
500,6003
317,2911
651,19461
515,7669
1135,10678
729,13650
536,7300
413,9616
467,9850
328,8585
458,21335
198,7057
129,1843
305,1878
631,3425
191,6286
548,16760
202,1516
404,6125
179,1423
144,5318
259,2023
259,9079
430,7557
482,7885
133,1672
444,31615
220,7791
295,7232
292,2129
163,1377
535,5224
233,13136
263,11904
347,8751
528,8187
407,1313
317,4306
522,2182
635,13664
395,6659
844,18565
437,13832
303,12904
322,8644
357,7624
390,9822
880,3373
368,5643
270,1802
365,7968
1154,22559
548,1893
424,8760
595,11407
556,6261
632,1976
337,3343
722,2823
252,1766
376,2921
254,2696
963,18472
204,3673
396,7505
358,3921
487,3753
608,13365
211,908
284,4945
439,8586
397,3466
458,4127
477,2330
182,3369
373,3370
287,2182
390,2912
565,5393
277,3604
871,5635
642,8307
210,7784
478,9091
325,14787
243,12975
422,8093
265,2102
242,2493
209,2029
141,1232
654,8546
576,3344
315,18040
664,14652
423,1726
528,6955
505,6841
399,11668
257,10138
503,6584
299,19006
619,20131
155,4115
485,9898
750,8613
1362,7605
353,13141
402,3062
350,12122
703,10420
518,24262
506,9101
476,4351
421,5493
608,5944
588,5598
417,3830
383,2544
1414,16964
333,2363
437,6888
475,11662
608,10991
250,5191
554,8479
503,4497
253,9404
454,2947
730,3231
327,4800
329,1921
423,1761
272,2790
570,6883
330,9953
260,8056
890,7924
595,8082
311,3650
463,3001
790,8546
761,9196
781,10534
287,13407
98,1031
300,2095
286,1905
338,4274
407,8937
695,4929
521,10833
456,12664
373,4082
121,4006
797,13204
567,3738
450,11433
400,15618
306,3393
1468,9193
647,6788
403,6611
396,15067
293,16810
526,19130
578,5252
631,10438
521,15540
271,14606
462,2931
380,5523
360,4808
830,5230
529,4731
246,2873
512,7397
246,6255
151,4516
826,19581
545,13089
695,17093
289,19627
229,2244
285,4970
620,9111
320,15321
134,1437
351,12332
1075,8465
410,5389
384,6144
158,2298
338,3809
679,5033
534,6399
728,6904
275,6874
168,2640
428,4999
307,5453
316,2390
408,8354
830,7017
652,9249
453,6718
215,1595
543,4527
442,3454
256,4067
512,16268
261,19709
476,11061
501,4192
511,3170
768,23216
382,3343
297,2112
485,11148
588,3826
331,6287
417,17577
407,26655
585,12948
302,6470
269,2036
209,3402
358,12788
293,3005
405,3421
769,7102
244,2237
312,4330
207,2674
187,1295
1012,9451
941,18089
520,7485
374,19685
697,6449
333,4567
371,4017
496,3366
162,753
419,9573
350,2964
617,10304
457,5711
307,2147
685,17721
369,9623
317,6375
636,6224
305,7422
334,7099
335,7180
474,4903
838,15400
1880,13058
213,16337
651,13859
642,12120
665,5676
701,9020
296,6040
650,19211
980,16660
415,11893
423,14106
644,13063
395,7565
723,19778
233,6376
491,2788
351,11838
275,5899
673,13565
645,20553
202,4940
374,8298
383,3287
494,12836
255,5123
363,8319
620,9888
501,6201
161,1480
444,13619
368,15631
743,10934
258,9637
535,11652
627,2923
486,6336
476,7057
360,6952
612,5955
817,12586
223,3473
325,3588
229,3007
476,17819
1090,10067
319,8210
541,11755
297,14809
507,6257
476,8750
461,11809
238,4794
333,1849
430,19714
711,9785
706,15681
264,2636
738,21772
434,3346
1010,13430
460,3580
535,17829
379,13981
239,12105
421,5185
253,13990
1306,13146
1118,10542
1147,3695
659,12223
473,4341
393,3057
413,2740
548,9044
292,8168
506,9320
559,11568
428,12298
150,2413
294,2709
1170,12408
589,5903
369,18358
229,4738
491,3030
572,7333
360,19737
312,3457
596,2311
1015,4945
496,3801
239,4067
451,1787
839,15176
886,7698
482,14073
455,15148
494,9078
178,8945
278,3321
552,20586
337,9213
267,2363
234,1858
288,4148
612,6772
432,6043
481,14620
384,6013
194,1951
536,11768
363,4095
573,12931
403,7063
317,2098
560,9384
343,13312
350,4277
373,3767
299,4556
573,11590
179,1654
850,6638
736,10709
386,15163
423,3094
548,14278
505,9949
621,3572
359,4092
354,3122
281,1688
715,23396
148,5038
173,8057
327,5300
149,6303
155,11416
541,12722
477,11540
183,4932
335,9524
215,13446
445,10865
383,9019
219,9365
180,4370
712,19547
173,5925
361,12473
425,13629
1393,12612
814,8592
1538,11495
316,5559
192,7714
387,4837
236,12459
91,6706
374,20456
318,9940
314,3037
467,4133
483,11627
384,3964
347,20920
435,11041
250,2508
418,10090
279,3405
361,1720
770,18006
222,7922
429,3605
414,13756
241,5083
437,6101
1203,9862
724,15936
510,7610
601,5690
420,3991
753,22864
87,8778
578,9029
343,20962
689,13440
704,17419
888,23591
599,5247
358,19394
535,12358
281,11975
1460,16027
471,4331
501,18031
424,16606
1247,14118
460,17377
589,18498
803,21953
463,4171
691,7673
368,11586
486,3318
435,15601
304,19655
349,22386
510,22516
869,7075
443,17020
242,15893
532,22503
475,14074
466,10940
381,13026
537,10311
376,3943
663,15027
273,9878
644,6161
574,20851
389,4846
173,10600
1259,25187
544,21442
152,12898
562,12489
572,15832
794,4694
314,2614
596,13824
817,20146
468,16882
506,23759
674,15682
1190,14598
312,22519
480,6936
535,7480
890,17649
477,14820
756,24642
818,16750
433,15053
377,11462
768,16882
412,10398
483,16256
549,24496
849,19172
580,10808
594,17103
1273,25463
396,10689
960,15113
670,18299
599,21504
998,24756
391,6628
316,25217
472,17097
685,26252
336,16397
702,7271
480,2714
554,20099
1110,17016
489,10266
562,13629
782,9683
874,17933
554,23175
541,14061
846,11309
161,3009
86,977
103,5081
203,6414
295,5521
296,2552
166,1813
64,1478
199,1344
251,2452
154,2920
164,1696
81,13753
282,2586
136,1834
82,3304
110,1278
111,7749
101,2775
94,1646
224,3090
86,4376
56,1680
200,2020
104,2325
82,1075
118,1927
131,2277
545,2828
316,5333
185,5474
201,2051
76,1776
465,5120
70,1202
138,1859
154,1637
306,2739
417,8108
136,3595
335,3273
150,2376
115,1653
64,5451
98,2168
244,1781
284,1676
106,1478
281,3236
138,2694
98,2461
427,1646
240,3913
246,2815
259,1521
154,4210
109,3614
74,1325
103,1445
174,3468
184,4821
230,1383
657,5170
237,3253
168,1841
122,1483
324,6444
114,2300
346,3648
92,2166
383,3334
74,3272
122,2576
270,1209
161,1925
200,4732
166,1571
200,2072
115,2236
295,1959
129,6074
191,2686
245,5174
323,3253
109,2451
113,797
365,2566
167,2410
124,2003
270,2486
193,2307
129,3752
320,1374
292,8006
316,2552
141,3319
272,1461
107,3489
157,1055
137,2893
369,1868
398,5158
352,2730
128,2288
169,1844
134,13686
354,1805
112,5331
159,2129
250,1928
162,4662
106,1169
82,1405
63,9415
89,1993
386,2645
238,2478
152,2437
111,3341
153,2289
299,4315
87,3708
247,1220
284,3824
201,2794
102,2780
147,2302
80,2685
191,2285
145,2749
323,1794
683,5497
151,1551
355,3174
365,2569
139,1961
93,5025
246,5663
561,4417
417,2630
630,3284
466,9112
181,3731
299,1639
404,2889
218,1463
196,1960
341,7167
232,13890
243,2343
283,2742
144,1651
113,4302
330,1118
261,1115
203,2213
438,7132
276,10827
89,1936
359,6716
275,4275
232,1354
106,3660
362,1964
325,5074
305,3072
102,725
304,2873
399,1911
346,3159
177,1621
491,1213
170,8021
252,4293
145,2047
342,1865
197,1554
243,1788
531,4822
398,2239
111,5047
437,3278
169,3370
79,1170
149,904
406,2128
281,1497
122,1405
543,1767
195,807
190,6766
317,5357
194,3504
412,4173
243,2383
225,2264
154,1832
368,4738
335,6034
516,3899
343,2184
859,7635
169,1356
263,2594
409,6503
211,2084
133,2514
197,8553
236,6822
95,1136
552,2196
448,3168
381,12073
277,11925
87,2241
470,2418
111,655
579,4526
122,1118
99,1478
178,2271
284,6780
256,3298
281,2232
423,2484
149,8664
153,981
63,1536
131,876
117,1306
419,15939
225,7358
352,3005
266,3055
70,1488
465,10053
320,4126
402,8183
448,3050
203,6421
438,1685
194,3373
215,7345
103,4367
198,2703
526,4116
199,2251
97,2207
104,1674
189,3643
154,1615
283,1970
115,2615
372,6532
711,4388
857,3602
93,767
150,7358
88,964
619,3452
125,22426
162,2268
385,1527
101,3735
263,5887
367,6170
223,1755
161,1602
71,4290
290,1651
143,1024
120,2711
193,4723
86,892
73,2631
167,1062
110,4020
350,4637
457,3801
226,3740
266,5237
60,2069
818,2917
187,2782
197,3365
92,9349
736,6800
181,2354
171,1752
351,4350
545,14792
176,918
119,1511
327,5860
417,1531
364,5988
476,9665
144,1150
271,5833
183,1537
474,4078
134,4680
380,2815
107,2352
424,8789
254,2674
511,4459
136,3882
157,7709
256,6685
603,5616
811,13075
174,3530
387,7358
618,19689
192,3933
163,1793
192,3226
238,8192
332,7316
204,1588
162,8607
152,4387
190,2126
141,5424
128,1755
102,948
174,1771
149,2541
248,3602
90,1740
71,1364
211,2581
111,2022
254,2968
306,4670
227,2162
88,3220
82,747
146,10647
292,965
222,4344
204,7745
312,4010
270,13450
478,6340
538,2864
291,5200
54,1925
325,1862
403,3053
151,2417
79,1482
104,2539
118,2310
68,3139
157,2229
281,1279
176,1998
129,2960
139,1871
184,2652
345,3680
99,1419
356,2340
167,1034
98,2255
85,4902
449,7495
246,3556
150,1149
160,7781
135,1593
107,2402
233,2855
239,4730
146,6798
259,6533
155,1246
235,2804
245,9194
234,3118
81,2436
80,4712
300,3070
96,3083
293,1577
177,9916
183,8917
341,11363
225,3699
152,5560
77,1920
459,6184
415,5612
260,3053
153,4755
367,14369
134,1798
294,2934
247,1371
234,7061
306,2894
155,2090
213,6282
135,1372
220,3257
197,7284
510,2004
236,4431
1042,1601
286,11211
246,8824
99,2535
75,1242
546,7983
306,3975
98,1309
430,16138
213,9216
119,2726
298,2692
246,4041
66,698
92,1762
108,3665
141,2179
194,6221
516,7151
437,3483
1050,3897
135,1816
90,1423
148,1885
164,1922
124,1205
386,4289
560,6561
121,1920
598,11351
212,2661
234,2140
88,3540
201,2242
78,1338
100,4061
293,12322
226,1873
464,7631
112,897
259,1866
195,2687
252,1743
64,814
505,5864
129,7240
299,1199
517,6396
835,18415
701,5067
147,3795
155,2775
220,1527
407,7124
138,5437
192,3587
246,3173
154,1556
218,2924
233,8674
970,2926
207,1928
160,1429
361,2731
199,4590
208,3466
79,1243
82,1313
96,4329
175,5906
119,2660
255,2611
256,1563
531,4525
433,10442
426,13268
117,3685
267,2623
125,2648
376,2009
108,1930
391,3980
68,692
236,8808
157,2518
193,2823
218,6225
440,5796
255,5407
126,1494
214,5798
277,2703
227,2084
298,7739
62,1666
203,4414
60,2423
202,4538
179,1680
223,1624
222,2605
319,2624
240,1235
248,7161
126,1003
268,5244
210,3623
82,1070
170,5909
211,3698
97,5097
278,9533
181,1240
99,1853
156,1614
582,3600
280,11102
415,1615
92,814
103,9442
647,9365
94,1679
371,3045
100,729
106,2661
138,1518
288,2843
90,1232
172,6707
320,2275
365,1950
262,3675
288,7188
142,2005
561,10123
554,1391
157,9140
119,2189
114,6034
242,1123
273,1880
117,4008
235,1360
294,5485
174,3882
393,2749
80,3691
112,1602
183,3749
223,1684
306,9136
72,810
160,7899
505,1669
111,1085
286,5551
94,6899
124,6936
688,2963
188,3241
163,9747
118,1771
268,2811
275,9455
185,1615
73,1688
521,1804
151,1784
484,3293
198,5792
185,4320
185,2433
234,2624
153,4840
76,3490
187,1784
155,1299
565,3871
151,1417
250,3277
283,11673
371,5527
89,14966
205,1192
212,2252
59,1141
377,5793
146,1195
65,1649
310,838
165,2937
580,2920
173,2187
157,949
272,5692
259,1687
92,1564
446,2707
153,4166
278,13651
95,1590
63,3071
495,4191
140,2881
192,3480
215,2061
144,1617
286,4054
272,2701
231,6212
629,8646
134,2970
199,7509
146,1279
148,3339
142,1212
480,2913
393,1448
288,4352
167,1805
63,1221
461,12088
357,7763
356,6712
152,2321
173,1995
161,2469
191,5534
174,730
284,1887
155,8639
185,7099
204,1633
196,2766
182,1580
98,2971
269,7907
168,6094
303,3805
139,3002
222,2243
305,2708
135,1619
320,7667
159,2966
371,6930
289,15695
206,3610
318,6141
235,2107
130,865
279,9311
500,7541
318,1737
200,5237
361,1357
388,5968
126,2291
273,12765
949,4902
163,2055
265,7319
1112,2394
234,1760
95,1861
338,4638
52,6867
59,658
281,5848
162,945
139,1647
53,1049
446,4594
476,6197
228,3145
255,1462
138,2719
148,9825
185,2141
173,5558
357,5072
568,2537
386,2918
273,11491
304,5944
342,1466
146,3251
121,1016
160,2126
107,2426
63,2610
131,3067
119,3428
161,1294
532,5013
664,5908
116,576
444,6103
318,4171
208,3570
233,8899
591,9148
102,1465
212,1698
200,4647
111,3767
274,2788
184,2119
673,14949
370,6344
790,14379
381,11593
241,7259
181,4480
101,8533
232,9972
219,2580
110,1151
262,2659
210,1680
417,11632
81,1239
137,1263
435,10985
245,2864
271,2365
182,2636
263,6605
122,1711
108,2714
74,5118
116,1302
404,11729
383,1251
120,773
178,7093
69,4075
205,6757
175,1936
702,10773
123,4746
107,1273
88,3350
416,6535
394,3026
357,5882
254,5392
110,4397
298,3898
191,3628
618,2184
215,2325
519,4425
373,2767
855,8842
1474,15330
129,1867
818,5948
165,4027
341,13005
243,1672
458,3142
104,4248
161,1010
231,3032
288,5152
305,22920
201,980
146,2511
120,5011
264,24624
229,6825
227,6024
187,1643
102,2724
789,1347
86,3428
230,3761
131,7491
447,10141
171,2336
229,4629
108,1408
327,1541
167,1729
421,2133
292,3469
118,12288
115,1866
91,1519
212,1748
334,943
163,6236
192,2214
236,5111
288,5262
154,1689
101,5015
265,708
114,3618
160,5808
275,7519
299,4325
231,4006
240,10312
229,8395
278,3575
175,3952
59,913
599,11776
98,5631
549,4936
362,5370
91,1384
205,1166
195,2301
200,9947
286,4410
50,1352
230,1454
294,7968
220,4327
175,1872
650,9324
231,3409
365,4449
648,11171
221,2405
495,5039
739,7274
289,1611
759,6165
184,3384
123,1019
326,5021
102,5070
222,9928
295,8551
72,892
123,3908
174,1829
206,4640
247,10066
391,11084
197,5400
196,4292
124,4286
289,5267
275,9788
387,5476
299,3770
220,10315
129,5385
849,21455
147,6616
258,2041
73,1164
566,8015
137,5762
211,4733
1006,6130
133,2875
269,6242
103,1916
107,3102
149,1461
134,1409
291,1729
129,1653
188,4562
210,2261
201,2512
367,2842
160,1627
101,1234
324,6318
59,1759
196,1687
131,3842
225,2190
183,4384
373,1691
265,5841
234,3802
150,6718
132,4591
153,2546
134,4359
403,4629
447,9760
249,5571
95,4432
135,1279
219,3957
524,20192
166,3178
188,1947
193,13203
202,5902
111,2987
305,3150
166,3174
172,2154
174,2605
257,8051
849,9103
142,1720
163,3298
108,1192
290,1874
84,2684
465,9170
134,1430
385,1759
73,1223
115,1561
205,4642
362,2291
85,1636
431,13323
256,1278
81,1311
628,5233
78,4749
136,1222
186,804
416,3326
158,2650
151,1097
92,1963
201,4655
140,4585
92,4543
320,2684
490,1673
211,6586
188,5411
66,3229
449,14593
269,2228
136,6795
119,4238
83,5123
131,2116
448,2566
379,1520
108,3881
173,4036
235,2822
286,1377
126,6429
301,2356
114,1196
410,7696
484,3905
241,1868
107,1023
259,6164
140,1291
114,1323
88,841
71,1641
205,2564
207,1286
447,3087
324,3228
313,3619
60,1083
267,4495
92,806
238,2991
130,2395
215,1187
590,9889
442,7716
483,5394
293,24495
270,1348
131,8827
223,1415
162,1295
552,7702
414,20672
118,853
216,3064
564,12107
84,1629
192,4436
336,2279
84,2275
362,9442
142,5918
229,3789
456,5697
227,1570
292,5785
60,5645
170,3495
264,9599
937,4813
346,4479
179,3943
82,6501
612,11814
201,2409
289,7138
321,11058
115,1409
1065,6074
492,8587
906,6339
189,1683
171,1471
101,1983
95,9368
495,7507
270,6982
268,3896
175,1061
864,21033
284,2191
366,2343
265,2474
83,1529
616,4373
100,3693
60,796
177,2247
204,8242
92,1162
303,18052
162,1342
131,2401
347,2975
497,4017
552,15130
179,1789
475,4799
105,2057
81,9390
76,1847
173,6589
234,17205
286,8518
161,3951
62,1916
162,2128
601,4380
135,2393
148,1483
177,1637
192,5189
348,15222
126,5681
194,1062
106,1339
285,12638
169,2088
253,4434
231,5413
326,2374
198,4780
156,2910
843,5039
334,8287
223,2918
118,2225
151,2971
102,4076
103,2031
208,3916
149,7503
200,6065
72,2833
63,1155
300,3043
282,1339
151,9966
1348,12463
193,4454
415,4394
191,5858
131,2204
294,3303
107,2521
47,2450
164,1593
90,1029
129,2045
100,2575
287,7809
142,2551
151,2649
123,6970
182,1427
82,2037
169,1578
171,3837
386,16067
420,19303
166,2564
381,3053
256,1980
209,7420
161,7158
54,1933
248,3990
154,2287
169,1207
263,4748
75,1125
219,3325
95,3818
402,5583
424,3309
367,1804
157,4099
151,3161
266,1689
141,2107
644,7597
1394,12580
312,1516
219,3752
351,2000
234,2224
63,2074
425,3974
304,3227
85,728
85,1040
108,2995
569,13479
149,2236
190,10244
145,5198
103,1888
341,16974
248,2915
473,5247
114,2801
283,1360
414,2278
251,2067
241,2660
237,1788
538,2941
267,1798
245,6422
88,1049
98,768
205,3176
309,12218
214,4681
216,1785
344,2173
362,9379
47,3496
258,3507
187,2567
142,2166
234,1917
746,9668
138,2449
101,715
333,5578
324,4791
369,3283
618,5551
408,4091
285,11894
137,4806
328,3169
733,7745
443,8270
272,2257
132,1093
202,6037
252,7362
90,2753
194,6414
371,2450
381,1663
436,11414
128,3341
472,13955
252,4097
222,4783
52,2976
255,2613
277,1853
215,6572
397,17650
258,4332
351,4861
370,6316
61,6331
210,1177
375,9185
236,11227
280,2234
235,2598
212,1492
333,3872
152,2227
65,5208
212,1604
193,2285
321,10882
184,5005
249,3100
263,3830
351,6044
82,2130
433,6020
273,4567
93,1439
318,2851
833,2901
240,5063
330,6052
471,6181
266,7702
150,5120
523,14047
339,7376
115,1710
475,3019
163,1363
161,2020
136,4529
220,1869
208,4453
127,2192
290,3516
201,2195
777,13569
331,2784
130,2333
222,3052
200,9526
144,12342
215,2888
404,2896
79,2559
357,5691
330,8444
673,3908
90,4790
278,5107
169,2573
177,14225
114,1773
278,8670
378,3258
169,1719
1874,5574
430,15951
66,2496
541,1929
174,6691
398,2930
90,1196
88,1357
188,6639
485,5114
434,3913
186,8274
278,1535
1022,8455
591,3603
149,4694
122,2050
202,15844
78,5057
93,3455
164,2168
233,7006
168,7775
73,3325
134,1985
156,4276
506,18540
225,1951
230,4440
275,4464
106,2164
303,8256
113,1751
525,3900
525,1907
363,16346
218,4180
272,1810
102,4385
230,3556
131,1304
217,6758
160,1685
135,1113
49,916
113,984
160,3015
476,5595
154,1059
154,3158
198,1909
576,6768
312,2767
190,2289
473,3365
154,6322
125,1461
328,1599
214,1900
160,1387
261,2254
255,5710
227,4490
332,1722
272,8821
211,3435
163,6382
166,2869
310,4968
58,3226
73,2005
55,2043
125,2227
262,4495
112,2000
192,3586
215,2413
327,9436
603,5142
173,2029
377,8822
175,11689
92,1147
175,1429
332,13573
502,12597
91,1903
175,5252
304,2702
88,2250
530,16139
169,2222
330,16899
194,6045
99,1151
100,1354
244,2138
195,2287
236,2350
277,4248
399,6485
121,1343
206,2270
390,12460
251,5305
104,916
285,3524
322,5660
78,1420
140,953
394,10797
298,7924
495,6739
166,2386
322,6116
138,2024
261,3542
278,6527
295,2901
614,16800
129,2665
116,4130
122,1051
272,4836
67,3874
185,2047
671,7628
111,2054
94,1284
113,2574
292,1304
112,743
308,2491
284,2776
283,10462
116,2914
70,1158
235,3063
295,6673
334,5840
125,3397
321,9924
434,1566
285,13010
448,2682
650,2865
331,10916
108,1875
238,1593
172,1620
745,3614
332,3356
193,1406
54,1477
103,8061
107,2842
80,1384
518,3346
76,12548
135,2512
100,3454
133,2164
258,1651
151,1728
177,4775
146,3555
233,2259
171,1245
149,1267
422,4489
142,1255
654,5519
103,11781
55,1098
165,2032
193,6101
399,4444
237,3749
365,4799
110,5255
91,933
418,2760
142,4341
183,1124
239,1580
406,1538
134,1169
356,2447
293,8646
309,2208
470,17000
90,3089
241,5863
90,1133
197,2123
166,2388
65,1422
342,6918
57,1918
262,7335
153,1740
175,3399
120,1891
158,2622
412,9757
278,3643
151,2877
55,891
533,10511
191,16878
671,17111
270,2599
132,1221
127,10254
416,8288
103,1966
586,3917
133,1700
293,4515
204,1956
305,3869
768,3396
126,1103
78,1750
284,1499
287,11886
311,11357
110,4592
213,2963
79,2279
122,3253
810,6247
88,1406
187,5667
153,2336
273,8898
219,1318
387,7402
73,1127
296,4473
179,1291
251,1341
138,1870
369,4267
245,10641
378,5201
226,5949
161,3718
82,10043
49,6674
231,1381
99,977
616,4483
203,1652
298,1916
250,1485
236,8532
225,5832
192,3458
108,984
242,13424
236,6218
265,4573
339,2053
89,10281
244,6828
182,3142
282,6186
73,1065
367,7832
122,4799
197,9967
141,7077
94,1898
240,11936
359,4707
152,4821
190,7665
129,7831
212,5854
55,4507
196,3577
309,4960
458,3039
182,9292
239,8381
438,4874
621,6544
75,8348
461,3434
61,2230
53,1356
164,1466
391,6256
147,3056
94,3369
110,798
194,1574
248,4548
101,7283
573,2320
130,1523
136,6434
134,3380
152,1883
73,1836
64,1430
171,953
198,9862
187,5004
239,2109
67,3128
113,5574
154,1230
251,8392
181,2451
376,2357
79,2014
83,1594
139,3311
173,15372
412,4456
709,8412
139,4066
483,5609
213,4426
263,1307
323,3300
398,6485
88,1146
269,4378
161,3981
178,12214
236,4443
663,2277
329,3756
75,7157
210,1719
188,1507
218,5116
85,1591
375,5316
189,4396
727,6012
239,1096
250,4130
273,1716
317,1479
423,8616
76,690
152,4710
148,1342
448,3332
205,6349
140,3501
229,2464
265,2587
151,1747
312,9879
150,13001
106,2424
120,1398
142,1271
205,1076
116,793
199,3924
85,4307
196,3150
135,1616
171,1924
288,2263
401,3599
267,8698
315,1429
308,3189
212,2054
552,3547
129,7024
320,12138
224,1119
119,1127
196,3079
231,20480
159,2141
997,9521
276,7946
165,1936
322,5414
178,3803
68,2036
201,1233
122,3371
164,1523
279,4177
413,4588
94,972
337,2611
276,2126
323,6092
536,17258
179,1769
897,13629
55,2504
423,3276
589,12634
271,6835
222,4007
331,7974
58,2776
259,9930
610,5958
117,1204
201,4803
309,4765
129,2814
140,1856
167,2327
394,6241
229,1804
131,2464
305,6584
182,4658
143,1878
92,5738
121,7100
84,1870
116,1398
290,10905
106,4439
314,11611
191,7496
108,4987
108,1276
219,1170
291,5515
287,2882
614,4432
202,1550
646,13014
200,5188
96,8655
474,4801
145,1290
158,1060
115,1390
170,2149
131,2870
117,1660
361,4228
236,4388
203,1847
851,10694
156,2041
178,9499
70,989
175,6242
264,2919
94,1277
68,1565
281,1475
422,2546
119,2079
79,1521
204,3779
608,5347
218,2220
156,2488
202,5340
136,1374
138,2320
151,1210
200,3871
218,3484
227,1233
108,4925
414,2068
396,2843
161,3547
112,918
112,5241
241,5249
167,1602
135,5666
387,6758
83,1840
167,5092
141,2924
115,1461
141,10028
180,2520
351,3700
355,6058
130,6098
401,3886
238,7573
404,2277
203,1290
163,3362
65,1465
138,6090
62,1510
464,4647
210,6947
110,2336
216,3033
171,3719
274,2618
92,8555
561,6698
244,5440
192,1828
218,2789
153,6843
126,7303
169,4259
977,9411
191,4615
291,1397
589,8190
339,3699
161,3526
493,21171
100,949
201,3334
268,4833
550,11628
82,3168
160,1207
58,2100
155,5129
226,1885
282,10662
147,1511
89,1544
488,3799
362,4485
324,3029
622,9776
148,1311
167,5850
106,4356
413,9475
262,2410
125,1952
260,8916
225,812
301,13951
542,4532
263,5031
318,8498
288,1781
50,1355
107,5742
177,13103
160,5011
116,3037
318,7015
137,1856
194,2829
164,3244
212,3856
73,4085
161,1800
99,1519
220,2560
192,3153
104,6729
583,8234
454,12337
416,5060
279,7849
365,3697
288,4855
275,5658
98,5050
221,2638
352,3486
201,1522
121,863
247,992
139,2069
188,4968
224,1810
73,1761
209,4754
127,2836
130,1283
191,3618
470,19460
202,1786
259,7776
97,1617
443,7447
1352,5646
216,6421
668,3392
296,1529
131,3269
128,1452
291,9181
135,1405
64,1895
616,5013
202,1892
673,9457
221,2739
131,2655
126,2619
122,1888
172,2178
145,1652
545,14108
427,10648
280,9034
165,3832
472,6167
171,8135
164,1519
275,1604
49,671
299,2444
349,8096
227,3920
88,2046
452,8954
125,1007
372,3965
368,1368
272,3248
218,1252
307,2404
200,15218
100,5861
171,3510
306,3339
165,7451
549,9492
629,6957
92,1424
198,4207
392,2755
4669,4323
232,1796
253,2325
119,1702
75,2756
356,10402
149,4457
254,16771
301,2059
150,2252
247,5691
105,4083
301,2532
238,3848
178,3570
100,4581
184,2270
489,2094
824,6970
269,2347
124,3062
582,9716
366,15732
173,3753
65,5120
71,986
215,10043
250,1886
161,1933
158,1528
156,1060
463,1275
122,7253
267,3248
265,2741
114,1865
227,2854
420,5209
132,9624
279,3660
111,1811
58,5385
106,5162
122,1565
293,6720
236,1026
448,2328
305,3084
522,20628
460,2974
325,15500
653,3208
412,11362
205,14279
151,3375
606,6208
708,23273
511,10980
292,10237
535,6441
461,6701
551,5254
363,6570
361,17817
306,3491
738,5186
322,4506
125,1898
575,8656
451,7447
269,3971
572,9660
274,2121
627,12491
436,7459
624,15350
460,4512
515,8921
218,11942
265,4444
371,5209
196,4286
876,9762
652,3026
308,2451
525,5928
863,4747
825,13361
775,13592
283,3278
395,2618
340,10113
313,3896
262,3682
306,11672
258,1721
588,6068
361,6310
441,6982
252,4356
226,5433
571,3893
538,7486
277,13450
430,12118
605,4200
456,22539
744,2912
755,20968
627,13489
60,3145
917,6015
485,2806
161,1256
399,3856
426,2424
282,8352
339,15390
378,4236
114,1541
267,6707
236,2969
461,12901
426,8843
298,1624
350,12276
347,2563
214,6520
527,16292
713,5110
356,10539
693,8605
656,5182
483,5890
692,6920
343,5065
526,13410
765,5295
455,4461
442,6122
765,15780
588,6627
437,10940
308,9658
430,6321
451,2923
533,9974
589,5249
336,15844
541,5854
456,6373
473,21595
209,7142
321,1179
369,3318
529,7425
505,8087
299,3534
468,23580
587,7928
74,2797
1056,4737
801,10541
892,13662
441,22756
640,3858
649,6116
346,6307
317,11255
337,12867
246,18697
607,22713
516,11805
640,11444
178,6897
390,19657
609,4648
577,15989
896,18302
732,6514
416,3883
362,26683
590,3820
489,1849
688,14058
550,13093
583,13758
335,11661
365,20502
529,3809
505,5974
323,17454
808,3405
191,1569
791,13327
274,11402
747,4460
354,13097
715,14566
384,16351
305,6925
400,1660
399,16335
277,6184
435,11383
750,17460
427,13654
579,18170
595,13002
504,15024
681,18073
400,20216
396,20566
981,11620
988,26446
434,13407
649,3665
477,5226
973,17546
873,7350
456,2806
213,11445
390,20487
697,13513
489,22780
458,9119
416,5906
621,14216
649,9073
606,23716
453,7072
698,10325
681,7545
369,14149
536,5617
485,4167
424,20144
535,6840
342,11894
495,18242
498,5339
425,19575
399,13019
427,13628
742,17477
720,18305
583,22224
1452,10920
416,7343
444,13035
491,29650
356,7898
826,9753
584,28323
653,6147
471,20513
549,17679
411,13405
471,7606
140,5098
360,4884
849,10363
699,4094
379,9343
482,21987
467,16580
477,1622
314,16829
317,5409
323,8916
519,6995
431,4866
736,12867
486,12937
688,23110
270,10341
854,4330
358,11367
185,4690
621,6672
677,15638
325,17460
627,6018
480,10036
463,19881
480,5641
674,14157
850,24558
642,13889
408,15731
284,7024
566,16045
569,9364
565,18772
517,5242
514,8639
523,3588
385,8012
406,11855
561,10599
264,5376
456,8006
590,6245
1366,10112
493,21314
451,8362
1163,14543
553,5910
574,19314
363,18451
465,6037
586,27709
475,16376
572,16176
411,5979
614,3993
758,11101
370,22914
328,4372
574,15227
630,17014
129,10583
706,3536
482,13070
640,17759
780,5433
255,6135
738,3876
503,13523
1136,16594
1001,11940
317,4527
224,877
661,5377
652,17706
593,22289
299,7626
954,21504
474,4857
450,15627
543,3402
329,18827
530,24720
426,9504
131,18949
589,22520
706,18414
343,6807
854,15691
732,5366
550,16699
595,9811
693,4244
582,17214
604,5656
503,7330
390,19925
653,15048
205,19940
477,22105
701,14199
504,21972
288,7813
699,19434
388,8139
744,26941
278,1064
574,7171
731,21135
285,12848
839,8020
970,17691
344,8404
442,6366
471,20458
623,24560
464,20798
99,3225
560,5896
397,4171
671,12369
534,11801
623,5995
417,12732
244,13490
445,14280
884,21426
610,13315
157,3707
854,18416
150,1720
130,16055
448,18153
688,19396
488,15390
552,11930
543,13504
491,18876
359,1770
62,5576
539,4341
508,19189
1040,12952
550,9687
372,6501
750,8143
823,4911
578,23253
482,6052
789,16444
125,5593
90,6713
311,8320
604,9532
183,16447
418,18631
428,3671
692,15968
481,3778
612,12719
472,9034
416,5090
500,11867
519,7974
736,11851
771,10219
304,4963
528,8106
264,18102
312,2746
435,6980
549,9893
490,10162
245,19058
499,7883
403,16474
1217,13650
947,16783
617,24178
90,4767
227,2007
199,3986
252,4148
103,4005
377,6227
87,2586
156,3392
530,11765
127,4919
78,5769
348,8545
785,6819
308,2413
458,21204
528,14541
104,3036
339,3949
110,3345
730,11282
396,6652
290,3011
558,3346
678,6985
531,2307
317,6243
877,5297
423,7756
419,10571
1001,4461
644,8689
456,7136
271,6106
279,5700
349,7634
341,12831
1200,13878
401,9431
469,9253
102,1765
639,11359
353,6326
226,5067
883,10505
512,5735
529,9122
449,5889
384,24290
237,1685
562,6889
196,2121
122,3184
114,2276
118,2321
152,5026
534,13504
332,14105
924,16856
667,21225
535,11588
408,6312
387,13031
343,7238
301,16300
485,9035
431,11841
1018,16925
537,24121
371,11011
393,16534
402,3837
777,18445
356,4703
519,11989
221,15752
553,3783
559,9942
599,7811
235,5181
282,2804
608,11563
352,12990
339,12599
305,5995
842,9852
370,19027
900,16050
643,5131
250,20793
454,14350
678,4583
622,15802
437,11364
540,6924
423,13278
597,13203
529,12378
436,12668
319,5357
324,2594
285,2721
65,2986
345,3037
285,26230
119,11986
381,14026
439,8606
697,5460
571,8930
188,1695
306,3795
330,12384
103,17295
524,23978
894,14470
385,7268
354,4211
230,1775
553,11397
72,4939
876,18536
163,13020
458,13541
370,4153
481,10771
569,22030
625,16783
389,16924
515,14677
424,4166
444,9438
404,6974
560,17888
598,9114
657,5575
295,1402
591,21278
486,9380
939,4150
439,3106
733,3681
590,10544
250,2087
334,2795
455,5517
735,9994
465,12666
380,6652
609,3911
400,2510
456,2149
579,3983
639,6825
381,13302
565,2657
465,3246
383,14659
269,8328
456,21334
648,12762
492,22838
997,5313
562,8056
407,4387
253,7762
300,12889
411,3556
273,3153
1194,11754
469,13900
485,14239
524,5255
468,5205
295,2785
91,3281
317,4102
139,1989
272,11149
802,6258
513,13882
420,4713
596,5078
442,8513
508,5342
681,4926
333,7784
88,2787
304,7482
309,1887
94,2490
149,4842
952,2170
412,3293
133,2460
104,1158
168,4717
263,1433
109,12706
138,7897
225,2232
198,2888
321,1717
216,9707
257,1812
94,1807
1167,23711
309,3899
587,2884
355,13648
553,11721
726,3363
306,1659
801,5826
436,4281
706,10349
538,7889
529,5131
552,12598
209,8916
413,14441
204,3012
234,12097
357,16387
320,2808
436,12367
702,4288
207,2678
609,11620
1085,14259
377,7761
356,16999
943,5057
491,16763
126,1569
253,14743
419,15703
575,10397
716,11262
620,16216
553,13833
106,5238
621,4011
192,10747
788,1963
500,15728
726,16532
403,5831
359,1471
696,5977
812,15304
693,10288
202,2328
496,13405
409,14870
527,2990
167,16843
112,1390
766,14647
190,1830
246,1166
515,9784
462,23062
441,15868
427,2420
906,23761
571,2869
617,2474
446,2572
408,1554
520,4851
436,4063
823,11336
441,5577
189,18180
350,3563
778,19638
153,2541
676,8392
385,2450
212,9645
613,6783
317,6423
397,4828
226,4425
496,13223
408,1587
383,15677
272,2352
631,22155
416,12350
204,5382
196,4285
513,8416
546,1483
490,10616
306,13394
469,2046
454,7946
582,6124
241,4474
679,6504
515,4286
307,3561
668,15172
622,21036
310,14425
563,30239
277,13196
228,2615
333,10378
380,6876
265,4344
323,6006
802,21476
436,2728
506,4979
469,20904
173,4312
206,4387
459,15886
682,24093
509,3344
237,5521
104,3453
144,2556
455,1985
357,18057
401,18022
124,13828
322,12766
443,8452
216,2295
496,2020
533,11970
660,8671
618,22657
581,17776
362,3868
245,4290
367,12780
116,1507
243,12037
619,20649
712,24599
586,2246
562,2512
544,4498
206,2759
253,3219
641,6559
215,4186
428,7091
656,25218
470,26621
284,8380
288,1125
287,2641
625,3270
623,6902
417,23543
363,6108
375,6365
474,2992
243,2720
262,3133
474,2190
289,958
443,2958
189,2890
328,3575
198,3495
322,6361
421,2545
254,9385
163,7122
499,8648
109,1228
352,23105
181,8541
406,7271
382,2136
275,2366
353,15655
759,19522
732,8311
297,7528
404,2050
767,10440
613,7149
666,2796
447,5145
234,4360
276,5831
501,16150
93,1543
271,4500
474,21124
490,8648
208,2789
355,5468
845,15982
746,2766
325,11484
323,4382
381,2150
521,20722
865,10753
233,5044
670,20507
575,8462
558,5101
290,14030
680,13038
188,4865
302,17661
801,6570
293,2300
292,5718
727,7899
263,14156
542,10003
193,6406
520,14827
869,9572
373,15570
522,6259
234,9171
463,13650
270,14035
193,4520
387,16181
547,3279
215,2244
370,14347
457,14816
741,8982
484,19026
281,8546
339,7356
266,15861
927,9900
556,15041
182,5133
392,12412
294,3204
619,11275
392,5414
609,13289
408,25216
480,5108
730,10464
251,13387
931,12958
793,2693
578,3891
154,3386
376,4466
497,17283
556,2659
286,16655
177,5078
481,2091
734,18078
663,11046
332,8564
222,1771
186,2852
307,14238
137,1884
472,7570
482,20341
376,12733
273,5149
578,1296
273,19905
251,6005
645,23710
401,9767
298,5157
407,9831
455,15400
397,3994
462,17443
313,12791
926,13028
202,8951
516,23189
491,14693
444,6162
176,10008
196,12884
367,7864
634,11510
300,1957
787,20967
342,6365
312,6482
338,1290
414,11502
401,3186
595,12910
342,12849
435,5324
408,6704
141,1542
243,3537
474,19082
233,3923
239,1361
316,4316
202,9819
274,17650
771,10607
787,16211
390,1391
800,6997
228,5692
661,11755
243,4053
679,18712
407,10293
227,16354
330,2444
268,5532
127,5250
489,5477
527,3762
238,5162
203,16874
555,3051
235,5239
255,9424
807,12690
213,18024
362,5258
197,2693
286,5686
388,2396
239,8002
402,1117
389,12739
601,14039
488,3230
902,14419
121,824
307,16021
349,3447
263,1523
283,3286
884,13832
226,4668
334,2187
213,4551
349,7094
488,4731
215,4488
129,4532
322,17810
193,1203
502,1697
257,3982
389,23473
359,1634
392,6625
415,4716
584,21640
237,21625
333,7461
361,19038
312,2914
439,3021
700,31204
267,6974
725,17567
750,16470
165,1251
198,2798
201,3288
213,6713
332,3224
160,1756
383,14552
631,13031
664,23126
659,4588
539,30240
541,5392
448,11036
170,3739
665,15296
193,5526
413,22997
273,2411
275,3300
259,3120
377,2713
502,4371
364,8336
169,17928
196,2687
215,6287
186,2386
284,11415
493,5474
251,3852
349,8664
206,2425
181,1410
556,9689
317,21966
377,10423
225,2581
234,7465
474,18361
1212,12172
208,4348
267,3216
372,9301
185,3468
503,13119
768,16064
235,6663
471,26881
214,6085
440,12477
459,7169
156,1509
451,10535
233,9510
308,6376
416,6169
277,6944
707,1435
261,3583
215,1424
324,6338
545,16010
193,6784
210,4402
366,5046
384,5188
350,4385
184,9948
753,9849
782,21752
732,6655
643,10010
257,4561
898,3797
236,13472
421,1238
322,4608
453,17467
290,2959
940,14638
1383,15304
468,7224
403,11430
214,2757
173,1479
458,9078
184,1577
469,15973
411,1833
397,1858
656,17950
273,4079
578,13007
578,2111
449,6717
425,4622
250,5116
261,3165
791,2661
187,5377
429,11453
441,3154
507,5731
222,897
793,2221
836,7410
297,16477
337,1601
285,3646
598,12986
327,11683
979,17855
2488,10937
420,5826
1703,17576
417,5199
280,7233
172,4354
805,5743
453,19688
466,2847
251,1922
489,4355
367,7435
206,7196
143,2796
645,19864
368,4777
382,6640
603,6646
153,1998
218,2071
472,11731
590,4272
475,7994
186,4447
215,9661
286,5990
365,4295
455,18704
649,18036
194,2291
350,2067
170,2932
253,2689
909,8942
642,4822
968,2156
488,21900
441,4942
417,9731
239,2621
477,7000
205,6710
781,3377
425,3204
270,8379
869,11339
486,6608
236,20063
750,21475
162,2536
291,6985
266,13797
321,12276
537,2696
608,25760
413,24422
636,3748
512,15783
185,2201
208,23219
723,21371
182,8701
220,8247
171,7143
219,4431
412,4390
138,2559
252,5481
319,13039
515,10804
230,4806
246,4493
340,10147
489,19345
1005,25251
1286,18285
346,2625
306,6110
376,8782
811,16154
410,22800
680,6411
330,1542
634,21236
946,16295
229,2243
238,4200
392,2900
469,6303
443,8369
707,16510
247,5717
575,26939
538,17208
463,5301
575,17519
175,4444
283,24572
266,4946
189,16848
286,10069
80,10495
225,4766
206,3598
669,2937
615,3206
456,1965
321,9708
312,10315
353,4592
222,5624
510,26051
756,7135
679,16104
341,10674
613,14885
646,16969
713,7920
213,6819
412,11713
596,10422
335,10405
901,19162
607,6244
213,8611
986,9957
275,4260
419,2490
262,1445
554,11264
214,5499
589,9648
449,22323
307,16268
532,5121
356,7430
237,2896
229,7850
164,2862
227,10039
178,12243
704,16259
234,1607
351,10483
607,20549
371,8075
529,15924
242,7211
750,4996
543,9803
355,5752
515,17579
357,20461
137,5394
443,11859
294,5514
473,4206
680,20852
304,3125
399,17439
463,5637
337,1300
320,1504
286,17741
363,9795
288,4373
195,9487
433,3997
359,4972
578,15295
176,7162
180,2481
349,4843
362,14234
400,5533
182,2015
146,16502
583,20555
914,19277
615,1625
633,6662
519,1522
442,4469
253,11370
258,17270
468,10239
356,1496
190,2171
233,4859
1133,13434
507,2032
385,15595
785,22121
125,1908
479,19240
458,10730
497,15859
212,10236
424,10020
650,4608
369,3929
332,3796
170,2674
659,3272
274,2969
556,15025
197,3622
515,3693
387,2535
213,10951
590,15009
521,11172
936,21022
223,4030
427,4151
526,6656
421,4704
584,13764
332,3005
413,13047
649,1980
230,13230
417,10376
229,4772
427,5715
445,16225
229,8332
159,6776
608,13211
416,8355
280,1433
206,5377
747,2198
401,3187
325,3815
132,3714
107,3880
288,5216
259,3833
295,1864
342,8938
165,6127
384,1318
527,14430
234,2524
256,2139
241,1260
527,5739
730,19260
543,3842
328,12787
575,14949
743,8291
460,1096
568,18922
418,1733
375,3745
347,7249
209,4580
406,7660
265,2823
350,24513
346,3804
461,1944
162,1632
720,15606
409,1821
457,20249
302,2816
393,15660
464,8359
437,2164
461,7263
218,4532
226,7193
437,9678
601,3041
191,4443
369,5594
309,4452
276,4831
250,13768
495,13685
182,1577
444,3336
558,4534
609,14982
307,4346
346,13106
716,16577
489,13751
596,10039
484,6212
465,6093
183,1443
430,27363
420,4953
827,12220
371,1082
263,3923
218,6168
538,4048
1026,21431
416,3722
251,8971
206,9891
214,13857
510,6665
472,14099
804,12016
583,2210
374,5334
207,1365
860,10667
461,9885
528,11251
298,3667
280,7690
228,5158
678,19596
554,1613
461,3309
437,1897
561,6831
573,7037
170,1463
1049,21324
377,13030
209,3394
228,5712
238,4135
332,13136
721,2833
514,10833
537,23776
145,1669
368,2073
268,5307
706,2162
237,5875
268,7790
580,13377
682,20318
664,15663
757,2092
779,2395
662,5430
508,12657
479,8634
802,5293
415,2839
472,8226
301,17643
315,3983
372,6619
315,1659
350,5834
755,7323
382,7644
585,5293
643,15814
496,7561
244,8223
156,10940
214,3749
477,4483
463,3729
345,9704
611,25082
271,5864
234,6146
373,2942
132,3891
816,8499
240,9707
161,1363
756,21181
562,9022
388,3387
571,6907
524,1697
132,4174
552,28723
599,9848
591,5689
721,10341
346,2119
373,14824
268,5102
378,1631
227,9123
699,4636
304,3196
541,19566
289,7722
245,2407
329,1599
369,10154
331,7848
549,3489
230,4555
652,13433
544,2468
282,12348
444,15395
376,12806
218,5050
603,21782
571,4990
340,8593
427,14791
601,25516
383,2571
278,16042
283,7098
450,2914
184,14948
486,5430
382,9319
471,2593
563,3772
194,3562
994,16179
805,12100
336,15200
410,9613
248,6423
304,2973
630,19023
1357,14136
637,19480
310,4076
839,15166
331,7256
653,15771
451,3113
373,9622
478,21968
242,10997
155,2077
301,7077
310,5483
286,12406
304,1281
597,5032
370,4489
292,4110
267,1415
625,19314
310,5011
159,1289
301,1792
401,23805
949,8871
578,9877
272,2619
393,3908
366,1575
404,2695
391,8379
565,5152
372,10620
317,12864
1028,25909
311,3140
636,23813
289,9398
506,2352
855,22204
543,15631
604,2673
293,9842
314,6417
441,2000
227,2967
339,6592
397,3980
353,5974
577,11093
543,2563
575,15467
781,4383
696,18011
321,14144
1400,15155
650,18907
569,7066
425,13829
563,14736
569,11977
694,14563
538,13330
656,17821
604,15611
408,5317
255,1811
176,10929
448,10746
325,17178
819,18727
253,9120
415,21672
471,6238
459,13817
668,11020
518,12573
699,19249
366,1492
537,14802
431,3213
615,11367
301,7638
442,14398
461,9441
179,3808
760,7481
514,6557
285,8967
615,7440
181,2675
255,5560
485,3464
413,21165
547,8996
420,16923
545,15614
241,4051
319,5315
594,12303
346,1850
668,10332
869,13373
542,2173
276,7860
816,19639
411,10590
664,7951
339,9912
356,11234
415,8096
708,6552
900,22277
494,3944
402,2101
566,14602
656,13172
512,20191
470,16702
368,4351
389,12325
289,2188
183,3068
714,12403
492,8618
198,15688
193,5551
249,3142
417,13733
336,20865
443,9059
328,2334
394,3263
515,4401
630,8491
1196,17809
410,12742
576,13822
507,18415
521,4830
365,20201
196,8829
797,17524
412,3277
544,8695
649,5932
685,5109
446,10097
286,14505
545,15554
589,15359
780,5276
285,11917
261,2738
561,9745
209,4787
287,11056
292,7671
269,5776
488,1771
1171,2041
182,4432
526,9813
584,2222
222,2281
192,1995
419,1215
428,8373
440,1613
402,6208
435,13120
163,4289
461,2614
799,8311
660,8541
1162,12905
748,5741
365,6229
211,3504
427,2695
458,2833
115,1539
509,7382
489,17611
339,7077
311,4556
660,5843
299,1310
538,2259
372,18432
552,10350
345,4828
571,2551
360,2911
258,3274
267,3509
315,3529
330,7596
324,3002
355,2124
515,23847
756,3380
428,7244
383,5526
502,13414
360,4864
723,21613
493,17785
464,2282
440,1589
281,8461
1090,3211
576,18727
162,1217
675,5586
335,1979
245,1626
694,15844
350,6751
343,3740
535,2178
361,8045
707,20152
249,6736
226,1829
333,5584
781,13490
1184,16937
160,2332
222,5979
394,7635
400,2541
251,12999
268,3346
765,15013
544,13747
878,22896
573,6511
437,6541
181,3935
921,27442
412,7545
525,20833
300,10729
513,9009
226,1666
217,7287
239,4516
424,19830
370,11094
541,13263
354,3190
616,14395
817,12268
259,1771
204,1421
433,1688
559,15999
306,5423
319,3804
626,12134
369,2242
221,4282
256,4122
504,19757
348,10027
753,16351
500,13808
299,1455
669,7401
695,8441
490,2625
209,5087
401,2888
406,24354
353,3614
434,2043
864,7059
400,18630
273,10378
375,7444
323,4576
271,9992
479,4773
427,11139
455,2126
356,1960
550,17148
454,1601
418,6715
485,6002
663,6358
319,2707
626,14304
340,5832
482,3878
418,20282
2273,15111
228,4148
334,3473
314,5155
758,9040
1657,16126
472,12359
595,9124
321,5147
307,3842
308,2494
231,2624
189,1967
257,2062
435,12462
721,5917
223,4003
223,15659
186,5139
1279,17868
263,9013
235,1503
641,5888
216,12120
249,9805
193,1960
551,5453
256,2130
605,1933
606,2251
535,3064
730,20453
343,8092
803,12115
648,10284
332,9301
266,1746
497,18372
247,4103
541,8950
220,6856
392,14173
193,5042
786,20367
904,19620
447,3531
177,3533
463,19659
335,5241
529,22644
169,2407
443,24026
209,5152
247,6803
262,5504
869,4444
278,6557
332,12194
182,4001
937,14932
238,2933
384,6131
358,21358
449,2823
482,10796
541,9701
542,12786
416,19515
446,3077
332,3715
504,4999
808,11079
192,6663
209,2421
390,9103
348,6630
228,7364
604,8353
162,4310
414,14412
289,12918
678,14983
891,8100
655,19880
831,9388
302,17176
741,19211
509,1946
584,17958
206,10570
183,5769
411,17147
295,4173
168,9228
272,4149
720,6211
233,8168
818,21872
519,2258
300,6311
808,8766
672,24384
568,7044
263,12568
248,6350
356,20451
257,8827
285,7811
276,3926
765,17207
472,23594
344,1223
527,6716
228,3845
388,7456
378,6265
205,4180
264,8135
477,7319
713,3437
686,17800
169,4947
496,19360
214,7259
511,6989
498,9175
857,18918
407,22832
500,18984
396,20094
182,4730
406,21914
153,5145
277,5284
365,1641
349,5388
342,1247
307,4012
123,1704
369,4186
170,3946
1106,18032
449,11205
463,15660
446,11351
533,2240
489,14599
177,2192
539,12185
360,9477
521,10060
363,1594
599,21052
213,1858
689,19847
637,15389
892,3198
434,8486
636,17639
707,17677
718,8560
298,4026
375,7920
518,18959
513,19614
251,9489
310,3337
244,8209
616,4961
503,18221
483,2498
806,2415
179,1657
173,6032
912,5418
181,3225
288,2968
384,3044
386,20891
283,3721
620,3574
612,7115
623,5604
906,18138
1052,9581
276,3951
453,8375
450,6422
227,2227
623,2509
172,5756
394,3435
437,3503
470,7513
642,3903
551,8463
237,16902
762,6863
420,4346
595,4592
215,1756
195,3860
609,17301
278,5330
532,16407
126,1830
286,10585
330,4748
227,12922
342,6137
594,4661
527,12605
296,2117
345,3827
682,10656
448,5250
391,16287
202,20813
341,5780
332,5013
352,4363
198,2144
202,2438
646,4883
1048,17921
211,6676
245,3081
242,5971
254,5166
403,10460
748,7736
338,13338
530,12901
639,4773
354,24765
740,4267
277,5791
432,6934
425,12368
226,4379
346,8443
581,10537
522,9436
746,13780
684,2417
302,7266
389,765
259,6146
415,18854
182,6090
954,3878
284,5395
247,1979
367,11949
683,22869
182,2067
609,7911
593,9188
904,15087
375,9109
416,2513
622,2743
387,5782
1238,11786
540,5453
807,3876
168,1752
249,8183
787,17979
194,2545
420,5305
297,5451
346,7705
761,21154
475,14523
591,6535
737,9710
334,7619
184,2545
746,16191
696,7269
331,3259
320,1660
400,2671
1017,18390
632,12095
708,9225
383,1921
401,8011
771,17098
494,15273
400,9276
516,13742
472,16326
713,9530
497,5461
500,9504
308,1465
381,9724
882,12434
471,15184
401,16947
610,13944
435,1298
531,8361
440,6294
256,21560
507,10563
587,13644
235,8885
1196,16095
209,3338
925,2718
411,17145
604,25686
433,11167
502,21003
232,2786
768,12994
225,1046
410,10259
473,5095
206,7997
527,10947
137,2737
609,16641
358,5422
199,6813
956,18210
568,7789
544,3703
492,3624
272,6860
461,2186
230,2441
478,7398
264,7667
748,7472
420,1249
353,9879
232,6925
443,11553
234,4811
785,23325
216,3416
312,10629
187,1667
657,5930
441,17708
201,1834
376,4485
706,13990
356,1642
235,6916
688,10078
493,9735
183,5258
259,10542
425,10319
270,6072
361,6113
486,22939
337,16765
518,18216
519,15903
304,9786
152,3738
252,12365
555,1716
244,3373
517,6273
385,5397
390,2731
240,5212
384,4505
272,2391
176,9566
272,11491
157,1237
322,18765
269,2003
862,5475
573,18530
214,5874
1214,15464
361,9213
739,3679
349,3948
557,24303
313,7955
492,5361
578,7089
813,16208
640,9574
552,5911
381,1329
163,3455
269,2878
349,8639
501,3417
224,4118
249,4290
701,18672
238,9986
371,15396
288,12710
330,17516
1370,14631
1042,7916
729,13215
261,11026
372,1690
309,2661
525,2757
284,6628
161,15849
205,2363
119,12230
224,16125
253,17217
538,11564
236,4895
402,3753
377,14507
196,6802
284,3098
449,18638
561,10640
417,7794
259,3327
234,3079
332,22832
364,6534
367,1751
313,2446
254,16639
322,1284
390,7976
693,16429
273,4121
451,4948
302,8297
800,6675
318,10693
506,3382
263,7839
546,7721
501,2104
1412,17262
321,7922
434,14142
261,8599
420,3550
234,2717
216,5740
445,6082
258,12723
202,15545
388,2265
636,15542
529,17905
739,4788
833,5762
322,7038
252,3390
519,17616
443,1916
228,9677
270,4451
352,5183
255,2293
339,5359
191,1891
308,3545
759,10832
261,8837
166,944
325,21134
588,15372
423,4673
311,2277
444,7309
468,27785
360,12028
345,3017
254,11979
484,12790
396,6326
299,7947
270,8348
596,6433
748,20697
522,6417
395,5073
570,5359
375,2742
418,3900
186,2392
429,11503
761,21728
202,3721
223,4501
646,15988
1078,12177
218,3200
355,4772
246,4554
315,9509
612,17726
207,5238
461,5573
533,3924
384,2953
595,17466
455,2466
746,17026
258,15637
254,9700
587,19412
268,6234
478,7858
512,15861
309,10582
478,2141
504,8406
319,13638
290,14436
371,1352
550,13384
457,2382
667,19887
214,3298
251,8299
205,1454
844,10331
734,27180
483,2282
206,7656
143,1213
303,21870
609,7417
331,18467
819,2909
302,7548
531,17323
585,14337
108,3884
994,15736
220,3991
368,6893
539,25126
524,3275
297,8848
883,18357
377,6413
723,23707
371,8546
256,7758
440,23101
405,21752
537,18532
441,4709
459,5715
182,3481
202,3321
619,17697
245,1446
333,3129
369,20527
525,3647
227,2428
182,10010
409,20494
236,4252
568,8563
191,3819
638,5038
409,12824
398,2577
400,11504
383,2454
252,2972
980,8931
588,8538
950,14021
665,9394
376,5789
438,10137
351,6903
535,2039
304,4776
816,10972
346,20390
292,8252
298,3668
337,3524
650,20195
348,1856
322,9574
603,2968
188,1555
577,20607
604,4611
285,5422
403,4254
655,4597
412,5760
137,5843
614,4372
537,9386
734,15128
80,810
469,3973
471,14256
464,6708
381,2503
422,11431
580,4768
462,11820
248,5863
585,14203
261,7865
275,5818
289,4145
189,1276
555,5481
227,5314
726,18170
403,6620
291,1357
324,3840
402,1344
1128,10129
282,10873
344,4224
208,11299
357,15658
170,5672
560,4654
475,2222
524,2930
182,1212
375,9619
130,2086
428,19006
203,5148
301,20157
716,20214
455,14164
191,7591
212,9770
530,13453
238,3944
235,3363
512,4300
606,1552
259,5283
302,2745
386,1788
493,10008
178,1662
458,5962
511,19186
394,16745
142,1421
386,6302
617,19024
756,12765
180,16052
592,14613
171,4674
871,24485
416,1635
350,16469
439,2273
305,17130
562,17482
471,5173
308,11602
597,19104
274,7017
278,9538
160,4920
187,2369
184,9983
94,762
261,1040
430,12364
343,1279
298,2368
309,6495
647,16704
495,3487
188,4034
436,3651
417,4019
432,2830
320,7884
508,5146
800,11387
260,5983
669,14188
191,8953
418,4070
315,7481
576,15178
889,8800
683,17157
803,2742
150,1665
789,6612
238,2495
332,18637
438,11574
111,3107
269,1382
247,1231
386,16269
701,6556
375,8031
542,4295
293,16770
673,9413
401,11304
333,7760
370,7874
246,1454
395,2792
255,7739
456,3128
304,17041
641,14595
375,1804
311,16598
780,16098
318,2908
530,15570
158,1769
307,3850
636,20013
801,17103
1067,2823
310,5509
193,1808
201,1758
396,2199
269,11220
497,3616
377,1745
203,9120
707,24408
486,11193
463,7801
304,3348
424,8230
664,14396
232,2103
277,22299
472,16989
886,4865
253,3008
494,24188
1160,13089
317,2832
240,6208
247,4198
548,8301
417,12026
489,3850
325,12369
115,2923
319,3157
723,6407
460,18332
281,5543
540,1934
393,15001
996,4912
258,4034
199,3684
458,6071
272,844
734,12678
261,9352
342,5305
270,8571
300,11327
456,6586
462,16333
306,1612
644,8083
743,18260
479,3013
502,1503
191,7102
377,6145
996,18558
538,1676
398,5094
184,5744
414,16444
365,1526
294,4652
365,6549
600,11559
446,4169
236,1363
202,3909
240,5620
438,17851
326,4237
916,20357
725,6027
246,1035
359,12156
320,6127
623,4145
826,8690
390,4012
149,1622
454,5049
296,6521
345,8830
370,11541
427,20056
270,1969
539,4048
238,2694
209,2086
394,15751
460,5361
165,6348
942,20313
423,1964
774,15638
777,14121
401,12582
495,10092
464,13782
509,4880
283,2510
230,5507
349,7585
341,1806
422,4411
650,12584
472,9080
314,6778
594,13156
229,6486
638,14831
436,1174
1006,15353
420,3764
498,8564
482,7824
842,16465
621,10512
580,11350
649,5887
442,18194
746,2672
395,6061
589,11577
177,4105
370,11767
467,6440
298,5005
115,3600
570,5828
341,2124
183,4213
211,2560
483,8702
216,2414
523,1304
1028,16472
321,1134
241,4806
345,2912
211,2479
682,19405
567,8446
377,3784
270,4448
600,10823
539,19343
195,5171
531,4677
413,5400
636,4600
474,3392
1204,22809
650,1032
556,12629
551,3056
765,12460
555,28659
425,10243
170,2259
539,19706
109,3049
472,6416
690,8441
408,1343
408,1812
442,1250
560,22836
431,2148
841,19572
248,7598
436,1967
798,20304
1265,14730
388,16074
412,2423
359,13681
473,2013
325,12191
199,21130
374,12005
744,4713
724,17081
286,9164
639,5047
313,1567
428,19071
256,21144
369,4625
433,13752
454,9491
305,4623
147,2582
326,9962
440,9482
371,11366
423,14100
1168,3406
708,19602
730,5917
369,4619
429,22944
267,8053
630,6700
479,2021
322,2621
321,7390
165,1390
411,13371
347,2744
495,6927
829,14581
264,4049
619,14276
204,14435
465,19378
630,11310
396,4999
384,13128
740,17898
323,20799
834,10181
844,24135
344,12897
363,16358
334,1664
817,16322
362,13788
380,3860
270,9140
512,16841
267,1725
254,5175
266,2937
443,20878
420,17093
309,1198
339,10580
359,5126
362,5341
616,15504
440,8260
507,5932
470,12036
753,5785
545,10909
552,7360
601,2418
424,6557
631,11151
840,24016
421,1840
514,1631
233,1889
597,6564
521,5351
324,9606
487,9661
394,4978
561,13458
599,6391
689,15277
980,10299
346,4599
1183,17118
455,4238
767,7396
389,5927
276,12824
209,2691
714,5890
683,8617
387,4065
1104,12969
352,8146
297,3032
576,7856
542,2086
801,22520
179,4920
424,7747
258,1519
369,16391
310,3192
328,8223
661,11643
155,15493
536,8377
205,3843
364,16508
283,7796
595,1869
159,5712
278,3314
233,2665
586,13885
249,3366
434,2774
624,20919
368,16440
545,9699
235,2502
360,7450
282,5713
659,21484
404,3844
448,12038
523,8392
478,5900
165,5776
537,1647
447,4899
299,5395
244,2961
397,8307
475,2190
496,1269
291,3691
158,1870
528,1714
632,22495
212,3399
171,6015
791,25146
331,1858
262,6187
402,12404
210,10115
364,9225
717,11152
300,4744
596,12572
341,17806
773,10878
603,2379
230,8037
474,13744
212,9010
854,13328
267,2546
573,18248
167,946
469,16761
426,14555
602,17493
589,15370
548,7541
768,13627
187,4374
221,11280
569,7435
483,24995
575,4524
462,18098
570,15914
745,6849
213,4942
341,23413
506,5009
253,4073
658,9478
261,9870
1038,7941
384,1607
204,1630
787,6787
389,5336
282,6908
567,8991
467,3670
754,14246
951,5569
240,3261
688,19332
672,19118
534,7193
296,4800
406,7562
1199,7840
513,15716
573,16589
296,1385
814,9976
866,18431
247,5879
745,18552
244,2555
288,17731
514,3636
619,8021
890,6745
329,5549
316,2734
200,2748
504,5159
515,8396
205,11604
582,17291
291,15201
194,1345
351,6813
450,14400
276,6155
737,24831
473,14478
170,1459
794,15070
658,11848
103,2419
699,9219
639,11378
278,2065
348,3516
476,1831
1097,28076
240,2882
963,2757
1091,21399
272,12188
434,7382
181,2284
313,4717
205,2108
602,6984
765,19095
548,3483
217,3088
481,8526
487,2073
729,26308
501,16407
445,5316
395,17862
247,4338
864,4634
249,15709
573,11051
321,5479
187,1065
692,13730
220,1546
286,20585
339,5233
489,2244
403,20965
538,6296
285,2141
211,10181
227,8216
363,8438
236,3566
216,2597
221,5672
1133,14687
423,17395
474,2374
471,19986
1133,5200
354,8012
356,9685
630,3292
206,2534
490,8754
369,2003
382,2823
454,1887
249,2087
227,1717
217,2500
363,6815
255,5509
197,3337
908,2641
167,2519
239,1655
404,16213
582,9769
547,9699
430,2640
313,15724
700,3730
136,2692
482,21388
910,14796
551,11994
423,14869
228,5761
598,12479
317,2962
426,1132
379,2360
554,14634
491,4822
383,3808
320,21826
280,12588
301,2198
245,7158
392,5817
487,10158
331,7399
238,7657
301,17484
298,9772
396,11228
386,2872
378,8431
151,1359
599,17273
363,4565
449,3152
407,8999
615,8195
208,5445
373,4471
334,4677
1282,6951
780,3439
579,12249
317,3757
251,16015
476,6340
482,3739
443,3367
651,15777
657,14211
291,14077
586,12285
424,3255
387,12840
216,2227
527,1802
397,5680
1341,17102
387,10509
291,3690
364,6099
361,21441
756,3454
371,11375
212,3735
310,4462
595,3409
393,5432
474,3953
353,19247
512,8624
501,15264
319,6684
509,9007
249,11848
582,13977
194,10199
255,11793
545,17167
466,1511
292,3009
324,3151
638,11433
594,1739
450,4089
542,13646
344,4006
332,10762
292,6381
826,8617
338,24334
476,20040
596,5796
640,6016
255,7641
846,9987
372,4004
1041,17475
95,2106
600,15144
373,12905
741,6634
2416,17116
174,3066
553,11719
511,22667
724,15937
242,6163
278,7485
513,25061
206,10016
821,21121
436,1873
876,11462
808,19714
491,6343
416,14867
736,6438
576,21133
303,2572
185,3236
591,18987
219,11826
705,9372
702,6351
430,14623
516,12923
161,2454
612,7081
617,3854
147,3367
248,5318
242,7406
117,7469
1378,15081
235,4122
483,6145
364,13278
746,2409
624,4295
499,7684
319,6169
229,6820
166,4784
186,1203
560,12539
552,7748
253,1473
242,6383
338,17057
419,1234
699,21488
336,5066
677,12987
277,4053
551,6324
884,25055
361,1723
167,3753
233,13566
585,17714
259,18590
428,5249
512,9866
529,1883
254,9484
307,4920
245,1974
303,2943
509,6805
770,7813
149,1788
682,5114
278,2326
460,16038
777,21349
310,3373
313,5473
571,9099
265,1820
277,10327
301,2465
952,16876
500,16706
280,7111
511,2204
210,3837
359,16663
599,6636
623,3565
466,5605
430,11270
709,17538
463,8097
245,4454
474,2820
399,5589
329,5196
322,3527
308,13676
539,3930
163,2355
307,13504
517,16354
375,9849
338,14217
604,20730
217,2364
106,1295
319,7196
202,3896
575,18578
560,14025
230,1102
197,3547
423,7189
198,4389
258,2391
802,9603
610,13668
248,7781
178,9585
737,6678
274,9710
721,13645
203,5236
421,13391
687,13560
548,3180
750,5097
227,7638
228,4203
320,1975
554,2673
715,5249
447,6686
695,9011
643,12707
503,8582
213,1247
511,1779
1261,21906
254,1589
586,19066
750,6091
432,19287
1055,16101
222,5186
208,3031
403,16474
249,3459
223,3070
340,2440
225,2507
1026,17792
296,3836
698,3305
530,16054
609,14499
383,6663
730,14174
358,14865
783,24726
498,18617
332,11332
560,14541
479,19651
517,10267
238,3683
364,15204
291,3950
476,14456
432,3809
317,1150
827,13548
611,17286
144,8833
645,10767
283,2298
180,14628
358,7242
352,6867
236,5339
154,12841
339,4356
495,1300
484,13233
862,26587
323,4868
269,18459
488,20305
627,5563
607,5591
309,3646
525,13338
235,2478
251,7274
237,1904
614,15441
444,20122
628,22400
265,2694
309,6466
234,5178
195,2707
195,2669
463,1777
1010,9264
686,23355
297,4614
316,18589
494,7745
516,2980
487,5766
814,6015
181,3327
503,11432
516,10252
475,10448
338,13317
445,1998
645,19835
593,3093
451,7312
485,2743
463,9098
320,15520
336,4102
682,8713
364,15314
563,17822
387,1529
191,4017
536,5507
338,8332
332,2991
469,2004
618,2419
241,4445
551,5961
629,16745
660,5861
717,22773
287,8674
495,3060
713,20481
596,2121
919,7986
397,6117
257,9402
232,6554
305,5321
496,16000
274,10163
226,6167
195,19719
302,3617
441,1823
558,17530
580,13218
243,2282
410,20025
780,16321
378,5339
467,9690
652,13058
258,5185
578,4100
381,16207
202,3349
254,4650
478,9431
417,18908
217,4758
274,3358
467,1713
456,7826
152,4222
629,15067
607,20975
902,2396
178,5706
751,12296
1441,13242
319,1674
238,3741
305,13246
323,4429
613,3074
379,6630
346,4568
433,12430
366,15989
253,1933
553,21047
545,9576
720,15708
381,25635
318,6573
243,7009
520,15281
956,19981
459,5591
343,7887
459,3941
310,8377
343,4783
498,14198
427,4149
381,10807
185,15389
466,1484
224,1542
220,2139
438,15631
242,4725
410,1544
427,2410
348,4074
334,1983
187,959
411,16562
242,3321
388,9513
412,2538
912,23599
245,2320
417,2877
348,14963
246,18061
338,4510
254,4465
549,19193
322,2517
246,2392
302,2307
332,3448
321,18580
301,5395
530,1919
945,16738
745,17723
481,8150
354,5236
518,8866
295,12721
787,4910
254,6867
471,12382
444,5640
529,3649
175,1278
531,6762
324,10830
245,2555
328,15661
477,13063
732,7711
277,2081
312,11499
575,9178
114,1091
237,2715
315,2927
222,2311
248,4243
634,11175
783,7558
504,3915
207,2335
288,7167
1078,12026
250,2353
377,8088
845,19339
214,11440
635,15406
306,5645
431,11211
536,12534
668,5350
321,2814
466,23284
296,4335
443,16366
525,17115
569,17621
461,5219
236,3379
191,3559
732,4567
182,5365
537,27272
675,20707
369,6605
386,10643
684,19654
364,8439
199,7507
281,15203
215,3665
168,2023
247,5186
370,1173
386,5877
603,21092
417,15250
234,1046
765,14075
950,5426
276,4276
422,15527
702,19261
374,5291
211,5969
298,20942
178,2694
532,8500
138,4486
416,4369
343,5705
180,8415
988,13514
498,18093
359,8240
301,6246
257,7808
215,5469
176,2743
414,12024
447,10345
205,3520
315,2876
420,3442
524,11340
275,17804
856,9162
910,19553
473,3687
899,2427
139,1670
387,1390
589,5914
469,13752
343,6475
475,17971
385,20556
976,17206
335,3849
239,3545
292,13280
868,22889
320,3398
515,19265
588,1373
425,19197
290,5670
442,20978
758,17845
188,2411
338,17425
427,2922
470,1805
266,9578
151,1513
509,7935
374,6419
285,10725
319,6353
298,10462
125,4522
962,21620
225,4681
394,2493
198,2781
391,14643
525,17772
280,21157
256,5374
443,5731
204,2584
404,8630
478,17507
286,2740
246,14916
586,5834
212,4628
662,25468
261,4061
252,4231
317,2165
336,1266
500,2983
760,7765
257,3729
250,14532
236,3049
174,3294
477,2888
309,6921
312,6202
283,5595
299,4857
534,17685
246,11308
243,1558
346,4255
395,11119
374,10332
553,1881
380,4770
439,18772
309,4666
301,4809
173,10566
294,16947
442,6019
171,5878
279,5043
327,3964
237,10752
575,10905
319,23031
699,24472
335,9714
305,17383
470,9384
223,4610
541,8596
192,5813
169,4720
275,10506
579,14412
360,3811
261,2605
176,17799
187,4771
202,4023
298,7539
164,1765
293,1605
344,4504
662,13728
449,13951
399,18089
430,10369
212,8580
368,1606
604,14232
308,6661
236,3096
326,3986
304,15599
293,6290
315,8959
257,1434
381,2384
476,5362
258,12454
327,15569
281,4775
649,9619
380,5811
297,10564
459,1304
460,5287
422,10024
557,3768
521,19447
455,22755
857,2857
466,4636
474,21978
190,2411
545,19815
965,3084
404,13593
295,959
336,18259
743,6430
317,5843
211,6092
473,13242
392,3240
619,8062
601,7265
306,8895
303,5105
257,3205
666,4841
380,7348
958,13317
487,16646
234,3276
448,3857
498,6027
569,8606
180,13875
346,12475
371,7749
799,12318
346,2200
390,3304
318,9882
392,6402
777,12360
731,10519
233,11702
402,4386
314,2072
277,8291
236,3719
568,7399
577,17466
140,18034
582,7733
396,1518
258,7115
228,2111
401,3030
314,2255
319,14516
316,3096
557,2228
472,8281
512,16324
344,8972
518,10425
309,2873
161,2084
375,7223
188,12979
552,10752
195,5038
358,6889
220,7000
420,22375
337,10430
238,1240
725,10838
387,1665
638,11477
318,8766
419,4325
374,18697
167,1269
255,3090
336,1436
203,1899
476,13865
448,7910
479,16168
659,17116
341,6697
553,21079
276,11039
405,7355
622,14062
442,9204
1445,19596
395,1569
632,12597
744,24641
446,17333
450,8126
442,2012
880,25029
350,4838
197,8603
526,11141
467,5571
715,4940
352,1061
129,5334
267,2290
443,2200
716,11614
317,11602
412,7141
402,11814
1063,20402
241,7896
536,6971
549,2513
564,12605
266,2546
368,759
395,8311
333,2852
608,8307
317,6006
365,10271
281,1323
510,15298
488,7761
416,18643
255,9855
1028,22165
829,11182
404,9778
394,779
334,5317
472,6908
430,18376
430,6288
563,5149
752,17197
332,972
466,1141
304,2398
517,10102
253,5830
649,4190
628,6781
157,18853
412,8636
169,9293
866,25364
296,1526
380,2995
797,19094
604,5606
652,11523
349,8034
216,5405
390,9236
665,6877
917,10728
603,17995
395,8373
459,3237
631,3678
353,7535
281,12717
349,2063
402,10317
503,23381
526,5522
548,21776
329,1743
791,2658
688,8846
929,15504
303,13806
469,14033
486,7111
366,2258
638,12369
725,9783
412,7978
641,6867
487,2007
341,19992
308,1317
645,7274
624,19338
313,4453
523,6623
500,2389
441,11155
268,7307
469,11986
481,9308
346,3944
276,14144
263,1333
323,7738
539,5052
629,24024
256,5689
328,18041
352,11824
453,2008
226,5238
286,1988
590,18625
404,3266
339,2506
663,5280
990,13473
626,12641
388,8908
547,1576
264,4469
769,17751
531,3148
329,12514
225,15908
504,13612
273,879
339,6604
382,15527
150,2838
351,8790
386,7957
932,15096
253,8436
328,8698
306,6243
409,5177
294,16257
250,4823
183,2500
301,18705
596,9526
864,14177
286,5235
227,2601
432,1975
439,1964
210,5079
937,24483
480,12497
506,8606
445,6292
251,5083
239,10209
266,4076
959,14454
192,2879
658,18674
163,2941
242,5957
390,17198
184,1313
594,8345
222,1518
289,5712
213,1372
175,11292
755,3669
329,2882
373,1563
588,11152
228,6258
435,9479
507,12126
618,16380
602,4544
723,16513
252,2727
707,10909
318,1543
707,22118
436,1788
604,13063
580,6001
616,25825
219,9959
595,12941
294,3913
360,2517
201,8291
315,8306
191,3614
247,8374
205,2499
179,12368
473,12622
356,1734
420,15136
703,21270
591,3294
338,9992
305,1765
161,2649
493,2545
351,9649
502,5943
299,12410
761,22293
851,23669
327,4758
166,2310
433,7846
645,18797
530,12550
235,8689
638,2888
418,18240
252,1255
277,10017
131,4328
526,8047
226,8404
249,19448
601,18546
254,9402
545,12704
516,15470
457,15576
406,12729
370,8235
684,5182
231,5704
462,18980
347,2816
147,2093
365,1765
296,20830
586,23809
148,1488
524,14077
295,1646
354,13924
633,27662
555,7450
470,15566
758,25109
785,3097
196,8797
705,11501
795,12081
539,16496
289,12984
1237,19965
1026,13815
293,2678
302,4638
522,17956
408,16791
351,1011
311,5523
290,12499
161,4845
184,4958
388,2845
108,3775
901,14857
213,4348
272,2858
161,3229
409,4579
385,7418
206,4251
238,16502
562,15487
399,8335
171,1911
339,20353
475,3119
273,6587
565,14207
511,13617
261,7437
152,6200
460,3736
228,2328
439,3140
189,6768
552,7508
168,2647
522,4623
261,8446
204,5987
312,5986
278,2214
296,5565
911,9462
268,6751
599,7640
659,16866
493,2076
441,7767
192,2669
593,21414
417,8948
619,14812
595,10538
518,7147
416,3120
549,19321
207,3434
356,5581
287,16132
447,8754
260,3653
590,4120
370,3377
115,5516
301,1931
171,1884
507,6797
278,2584
273,8301
307,2934
223,14692
351,14805
271,10715
317,15494
390,2433
443,6391
514,19242
192,3702
239,3274
267,17308
244,4728
569,18672
360,3127
234,3520
601,15892
216,3070
391,1303
159,11854
827,14211
409,15552
414,9686
401,5912
363,6608
586,7161
563,20431
642,15263
200,3315
838,6434
744,15484
840,22921
817,23388
435,6409
606,2814
261,3448
568,14045
668,10893
404,4217
307,3051
694,20365
446,10225
802,21106
741,6742
179,3181
744,7024
229,2161
762,6214
203,2437
595,15874
180,2306
309,1743
387,9011
803,14920
466,14210
270,839
814,14973
586,7587
469,3067
448,12666
440,19926
188,5630
316,2895
329,20978
689,3317
118,1606
539,16983
558,13123
475,5804
331,5951
381,7170
293,19748
297,9894
566,5078
435,1417
164,4252
278,3149
637,9417
668,14778
475,4283
700,13264
214,4566
500,15255
496,6395
209,11956
219,4291
333,20360
852,16475
587,20004
801,9430
603,4933
345,5546
378,6756
143,761
210,2022
320,3447
314,14000
171,10424
521,10470
571,5827
430,6560
619,18389
896,16397
137,6180
389,5328
325,20279
444,5725
297,6781
576,19314
464,11008
267,9851
728,17767
257,3345
932,8319
346,6416
435,6225
464,12027
269,8369
149,4552
199,9496
357,2944
724,20257
567,4427
367,1511
212,10867
307,3614
377,8434
786,9690
525,4833
613,20529
824,4065
254,16611
701,20691
362,13806
321,16790
312,1442
413,4491
216,2853
137,3631
146,3114
334,13110
326,10683
288,6518
355,2918
335,14621
96,931
741,9105
811,11914
327,6781
422,10193
185,2240
298,2242
314,7302
449,5259
417,1565
170,2050
319,3962
673,18521
376,10377
389,2780
597,5975
249,5846
575,7978
220,1892
340,10221
500,6815
833,1785
630,14188
515,6893
398,19739
178,19851
614,4804
274,6289
612,9261
406,13749
631,16797
614,6306
266,2101
204,9819
568,1560
413,2870
396,1827
262,2203
531,20592
594,14966
213,3547
420,11878
733,2259
196,4824
334,2883
483,4834
283,6850
109,14148
368,7331
462,19352
281,1513
428,24617
186,3160
214,8183
309,3688
1010,9657
219,1746
508,4027
196,7154
412,14017
270,2328
197,2661
240,3461
683,18740
606,14055
210,5372
495,12206
487,7646
544,20750
573,8511
564,9824
294,1296
385,11208
357,9029
740,3543
711,8575
374,7583
621,13145
332,1673
152,1713
588,4418
491,9492
485,17505
197,1837
444,2155
708,16833
272,5149
277,4856
315,4522
263,9175
299,4727
553,19104
559,5888
705,18094
464,2594
527,2247
775,20328
403,17911
515,9119
881,17825
443,11494
297,17800
309,2052
394,2477
262,6902
304,4854
159,1307
477,14637
860,10118
812,23933
295,3658
262,13111
309,1139
653,27326
326,2519
371,2587
1286,8266
289,15636
461,15331
100,2451
529,6269
908,14550
794,3277
342,18143
626,21541
614,10676
518,7938
199,2308
495,10316
339,5544
350,10544
317,12458
482,6358
660,5553
499,7461
721,4860
725,6704
359,14926
204,3468
170,4354
920,14668
985,6403
539,5519
344,8950
300,2514
252,3407
253,3496
363,1641
291,16165
825,2822
824,7202
457,1147
429,1913
577,8013
755,3904
954,10664
291,11366
741,13353
722,1195
261,4528
343,23320
1282,11635
550,12729
404,4315
412,15677
598,22283
247,5898
363,1903
383,8943
470,2623
338,4741
149,873
276,11174
608,6292
136,3620
284,7542
290,5188
615,26480
332,870
550,8813
302,5443
310,2218
826,4946
205,3919
340,17381
278,19152
548,16291
156,1245
494,14079
719,9726
297,9903
529,25931
595,14585
499,13090
246,12822
760,7737
317,1942
248,5164
337,1668
286,6774
494,1572
859,11158
339,7987
277,1335
363,4048
556,8983
254,2723
417,15819
267,1498
312,14135
355,13503
288,5295
265,1212
223,2178
422,1678
278,2390
502,15247
207,10897
283,12314
517,9113
458,14939
174,864
643,19709
262,6580
502,5233
323,3295
216,11031
237,6581
246,3216
697,12585
355,2049
247,6261
540,13178
309,3730
346,2157
685,20332
251,9520
446,4324
721,16259
349,13468
720,13423
661,10437
399,7431
275,4744
554,5506
415,7011
180,1927
649,14838
176,3361
232,5017
413,15529
186,1884
312,2864
257,3388
560,7727
167,4712
154,13454
538,2931
573,18713
410,4077
245,7598
888,22719
547,14376
534,13142
200,5491
499,4930
172,1495
691,11830
305,1104
597,14462
552,22642
196,3028
532,7624
869,14018
399,18256
374,2606
748,6636
273,4045
221,2246
602,13824
241,1316
368,7971
350,12160
325,8033
483,6622
415,1673
191,12321
329,2758
555,15792
549,11032
207,9486
394,5807
341,2716
412,2918
258,11412
250,1495
296,2501
338,8072
281,1472
535,15067
224,3476
589,5831
343,7322
679,15424
729,17779
622,5317
574,11002
766,7075
616,19137
535,11728
228,1699
187,3297
335,13217
181,2999
753,1209
218,5201
529,4724
1077,14959
354,3793
305,6973
354,3505
194,1298
413,2334
513,24969
677,16854
484,8845
457,1455
667,10503
201,3792
244,17530
248,1764
743,10406
346,3068
195,1972
278,15436
482,2966
564,6882
250,1607
380,5485
340,15131
698,15701
288,7330
141,2787
313,14567
166,6151
301,1893
277,1179
282,16073
400,14446
448,2897
625,10629
506,1326
576,5691
457,2366
1175,27743
877,8395
406,11021
301,3167
614,14156
331,2363
443,22445
440,4719
204,4411
618,14556
221,6787
805,7463
269,1998
189,6384
725,17400
176,587
264,2602
419,16923
518,16413
709,18188
118,14740
287,2219
444,18900
564,14886
500,10755
181,3836
189,3774
796,9877
308,12232
409,7951
300,6372
366,7918
647,2282
427,3916
339,2108
354,1592
489,13063
579,1475
323,8831
378,23136
186,11121
438,8135
757,9537
498,2319
839,17827
878,18236
532,19934
638,9504
406,8910
556,9559
595,5462
711,3834
837,20987
1167,20219
732,12070
464,4089
322,5950
853,19261
551,11338
377,1869
132,2724
818,3937
489,9852
650,8442
748,3621
127,4437
231,2816
230,4961
790,7284
1055,20688
265,10091
427,4948
328,3726
423,6167
381,14651
493,2831
419,8389
639,19696
223,14643
716,1977
921,11402
197,2028
481,7184
791,7435
793,6533
248,7569
269,8426
175,15821
546,19365
260,3098
369,7827
342,1952
591,17821
474,1695
268,10433
680,11344
776,19717
694,3279
408,8186
142,1152
587,1888
370,2811
366,1380
395,8516
563,16725
667,3645
455,18040
293,5189
613,5587
268,4069
479,7040
484,10217
307,3449
353,11249
455,12584
519,12396
546,13501
936,12536
732,5628
262,5727
433,5013
743,20265
592,7789
466,9401
395,17720
300,1283
582,18289
872,13228
215,940
305,2756
468,19538
325,2221
447,3034
578,14111
318,3650
411,5997
867,11014
588,2898
331,16734
406,6692
324,6363
1137,15650
592,10404
532,7157
295,6072
346,1079
379,2043
423,5776
203,15184
451,6883
367,12053
205,3487
249,5262
291,6315
546,10076
207,4083
797,14990
504,12567
345,1503
778,11486
174,4772
199,1281
907,12196
212,1794
263,2598
525,3205
523,1410
616,10627
304,8109
385,4949
277,2822
553,6825
530,9925
249,11934
386,12335
714,4673
307,3532
766,10927
342,8206
290,5176
582,22661
489,15917
192,1604
559,20801
615,13492
266,4245
286,2437
404,10990
609,2291
392,4432
821,7731
611,4712
174,1885
592,11728
347,1918
535,8419
506,7235
540,4300
624,4637
625,12499
223,4026
245,4472
255,8081
336,6541
286,6747
294,3451
476,7419
367,15820
554,7106
259,5935
574,7797
707,12231
115,942
113,4393
431,6094
248,6000
559,11230
832,4902
590,6545
488,9101
205,3086
549,3320
564,15024
735,3927
616,10249
354,9119
603,4950
262,6027
327,8539
650,1811
725,17681
297,4178
840,10768
305,1637
853,5758
479,4988
861,19487
795,10653
556,19954
564,7085
276,2618
600,6463
831,17472
290,11000
399,12023
521,12479
466,4367
544,8723
614,10079
424,3422
669,5165
703,23497
357,2608
540,4727
591,18488
607,7870
240,2414
379,2335
181,3360
532,7969
389,15913
680,2508
267,17467
520,5533
650,12226
849,22222
418,6633
526,7093
209,2514
574,8661
576,8101
572,18903
561,14878
326,3379
667,25771
670,12615
212,14135
208,7661
946,5252
681,21816
257,8627
349,4514
377,3496
230,8908
875,7959
757,18242
503,3638
387,9729
761,12220
927,12693
560,5862
223,3777
479,3279
455,15182
283,11378
353,2141
186,1507
675,22787
362,1993
236,4932
250,5233
432,15442
238,3623
237,7128
637,8709
909,19424
272,2522
723,21887
161,3991
131,7562
643,5512
500,5486
405,14213
195,1649
800,3426
322,9535
502,11997
413,10379
700,25544
641,6025
211,2810
736,11401
573,18519
124,1365
164,3610
265,5250
299,9011
712,25920
258,4546
197,20589
649,16770
355,2368
602,5759
247,1377
334,1722
558,6345
178,1656
468,8452
488,2778
990,16275
485,5680
422,8446
231,4235
671,3730
265,3444
680,2180
535,3406
314,10801
420,1668
418,28219
274,5612
230,2835
337,4889
199,2585
439,6887
625,13077
330,15085
251,14472
292,2926
406,4634
280,7997
753,1363
601,16835
363,26924
685,2163
275,7467
328,6294
90,1467
740,4621
758,11160
240,10732
593,6880
627,1503
169,13724
485,8958
537,12057
234,5181
674,11247
556,7582
385,4552
536,20821
252,2578
67,1705
243,6213
744,7935
237,5409
283,2817
215,5594
437,11326
299,2215
1006,7631
470,15342
260,3779
528,14483
231,7204
581,16478
392,16821
699,19925
624,5136
487,17032
160,6468
365,11150
445,12634
211,2603
366,18485
483,16392
230,4176
562,15764
425,2410
312,6557
390,14921
222,1881
441,7719
854,12239
417,6419
227,1617
581,15005
710,10759
277,3747
862,18499
402,7066
688,1736
215,16371
1049,9705
455,13784
294,1152
280,4720
460,16884
323,18995
288,4672
390,13360
215,4137
292,1586
488,925
398,15890
600,18601
118,2319
101,7027
172,2878
269,1556
546,3593
753,5938
1377,6067
228,3064
322,13465
427,4993
511,2364
608,4634
426,16914
608,22557
172,1848
439,1785
487,3718
371,2432
554,13960
374,4379
453,1574
690,15746
429,19598
242,1343
392,5630
245,5267
337,12789
282,4375
931,18769
432,1667
169,7846
185,6213
364,14431
218,11308
380,18395
140,2854
368,9648
272,5078
1372,12010
349,11471
697,11951
388,15156
429,4824
248,16022
522,2685
285,4475
128,3287
126,3586
670,9575
272,2710
667,9627
844,6311
880,7544
404,12336
289,2820
686,16322
185,8454
422,16862
156,11250
188,23142
473,14430
455,5767
544,10586
228,4349
227,10364
681,1798
1043,16806
349,3414
797,11691
540,20910
1071,22212
474,12820
192,12399
281,5663
471,4376
699,15053
387,5094
262,3662
382,4274
264,2963
487,10658
242,3178
269,9650
364,5060
356,17402
533,12634
1075,4213
208,1560
148,3359
121,1540
411,10603
237,1483
272,7318
716,6351
294,15550
265,7625
368,5906
619,1356
180,4747
205,4496
336,3942
242,4797
929,6486
283,3363
1099,25968
338,7515
564,10792
296,8805
356,20019
373,16378
296,13568
673,19293
172,3259
691,18570
298,3468
416,3152
331,13122
154,1287
542,23416
340,7407
327,1356
164,5230
443,19227
265,8905
397,3264
798,4995
299,21169
656,14749
326,24042
616,8760
468,2343
697,13323
502,6051
355,2191
204,9616
594,9160
740,12358
625,5015
309,5913
310,10192
450,15260
292,7884
115,3551
157,3435
221,6963
726,13525
210,5343
384,7680
203,1771
176,17555
349,2608
628,17084
810,4223
518,21516
742,9826
186,8132
549,8000
602,10506
475,15726
348,2591
193,2256
642,9135
270,4508
198,1320
324,6743
508,2167
869,9656
347,9500
173,4449
907,24012
288,5020
502,12468
369,15733
581,11567
909,22703
759,10387
285,3596
426,4875
321,4583
320,19578
530,19822
392,15206
278,3792
473,1483
357,1657
575,12880
273,4951
413,5855
332,11796
219,6651
689,10709
550,14191
334,22670
416,2723
670,8472
519,11786
419,14489
569,4880
170,1544
415,22062
250,1026
218,3598
277,1077
933,16900
352,9356
666,8603
443,2271
590,2328
302,10462
512,15807
311,3386
663,6839
602,12419
429,8493
251,5660
215,8509
501,13623
127,8619
229,2665
638,2391
432,13587
360,27393
538,8394
216,2290
359,15990
510,10564
697,14259
168,8321
162,1408
224,4144
586,23644
392,6000
496,18382
590,11000
840,23375
391,1477
318,2099
286,7127
315,6607
452,6384
454,12463
316,7150
720,22122
692,21929
238,7752
293,8352
711,6586
766,22017
331,5466
266,3393
237,5899
481,1741
554,17607
383,4552
215,4611
305,10450
268,7150
349,3172
316,4583
1066,2836
436,1929
295,3650
237,6859
475,11381
530,18587
754,10562
578,18514
282,1312
483,15332
346,9436
388,10249
290,7847
254,6947
549,17180
359,19623
387,3544
360,6674
182,5694
604,5274
365,9337
240,5004
841,17065
532,15012
643,15659
286,4857
141,7320
270,3819
474,3390
204,6519
557,14986
233,4210
310,19849
560,10348
352,13676
274,1695
737,19299
263,18042
83,893
360,16121
398,1472
318,5095
445,13061
504,17359
750,12490
400,1436
529,7563
174,5297
229,10839
171,2496
269,6168
365,8246
619,10484
196,2105
428,9999
420,6095
212,6126
204,1709
446,2764
411,8689
519,6158
929,12264
479,12997
529,6263
308,4871
153,2680
473,15136
296,11902
270,1621
268,12466
454,14387
671,22000
463,11251
264,1772
418,17849
373,9810
228,13795
698,5269
1486,15807
716,7316
577,14628
384,3829
381,3230
758,12390
929,22495
218,9715
386,22523
406,1312
395,6054
777,5632
388,18998
892,13231
338,10984
325,1177
420,2967
489,8554
431,17791
624,18462
642,13799
528,9105
710,21599
509,11938
515,6437
485,20267
860,17778
865,9692
308,8389
241,4993
745,18197
725,3627
529,7067
919,20243
306,5177
250,4179
263,3883
387,1511
256,15445
216,1400
563,10984
554,6804
675,4439
592,9216
430,2560
341,6717
633,4584
554,16999
875,17218
308,6801
298,1819
590,19364
103,6790
265,3517
551,15505
776,2483
239,17554
430,6277
591,3704
804,20486
380,5240
380,11289
288,4228
448,15454
217,3977
593,1457
334,2747
332,1021
307,1833
301,8019
418,1620
660,4575
286,2131
295,11837
256,1556
453,16177
397,842
437,13104
866,16728
184,7058
383,4082
223,4963
328,2035
274,800
203,3064
337,5852
302,5447
710,23579
234,4397
641,12689
860,20038
393,6077
379,2975
931,7740
251,8393
582,19865
491,10928
193,4381
355,1619
194,6608
271,6273
747,15062
469,1916
339,6464
1002,14214
291,8700
434,4758
299,7510
195,12073
270,12387
292,3128
214,3864
211,1424
461,7623
762,14708
691,22046
309,3195
471,1456
302,11207
221,6150
329,16836
676,7063
255,1527
355,3629
735,17129
446,1561
243,6142
274,15108
259,2277
410,8198
207,6231
605,13659
236,7642
213,3275
439,6729
229,3540
267,3309
479,8671
495,3658
159,997
680,7221
910,8753
179,12286
483,1614
357,12368
266,2458
961,21927
469,13011
544,14458
313,9837
475,7330
431,10161
455,10782
331,15725
610,13929
223,9685
298,3964
291,2187
190,12568
199,2953
250,4336
399,3954
192,4621
340,14122
474,7246
313,1946
431,9490
364,11217
536,18148
309,18432
640,21875
404,6202
445,7805
542,8595
711,14144
198,2603
427,6035
227,17752
609,14724
425,6755
185,1347
500,3745
714,9153
605,8500
255,5586
690,3933
302,4118
457,14501
711,8231
356,2793
1320,23612
227,3625
170,3812
275,3034
702,9975
251,2248
330,3677
968,17485
253,2487
349,15078
168,1635
833,24162
383,1486
332,9500
304,5034
971,8612
362,3879
707,13669
266,1467
695,6854
466,30000
732,16654
851,25057
262,9043
368,14327
166,2789
902,19411
513,3453
1022,7569
350,8583
952,20349
405,24631
298,8334
459,7327
1391,18173
311,12744
591,2105
188,1804
282,9415
420,3049
522,21078
375,6189
545,16560
1331,19900
790,12937
305,14288
646,19305
169,6144
433,2357
330,17104
899,21919
803,20317
253,4327
322,1549
198,2446
223,4041
445,19392
592,8847
227,8990
458,2827
614,23359
281,7481
496,2836
278,2393
282,4520
233,2186
334,1672
171,5655
295,7351
353,2567
207,12534
288,1985
504,9143
475,10509
214,11245
425,1500
253,1857
238,3433
797,11553
525,10366
705,4327
275,5074
475,14538
519,5696
321,1521
121,1154
479,15283
223,1455
567,16948
166,2806
211,13753
584,7192
79,2914
492,11158
466,1666
558,2297
542,4146
844,6073
162,3994
327,2342
681,9032
408,20838
299,12516
539,19637
519,12711
607,11637
290,6029
763,12838
305,11324
453,21079
253,13234
259,14208
307,5661
263,9062
471,14109
522,3489
165,4542
304,1914
250,8043
627,11856
387,4857
377,18962
237,3359
693,9358
960,14597
218,2092
255,7937
283,1886
221,9838
579,3157
201,2339
278,7309
665,17600
597,7848
317,8743
477,3302
452,9232
504,10401
463,10161
792,9635
258,2647
531,1743
446,4737
544,3391
273,922
636,3978
462,9718
341,2387
694,19746
273,1984
704,5199
666,10164
665,23876
365,1045
398,19035
592,11330
406,5431
476,23238
388,1501
562,17330
998,7028
412,5835
334,2873
368,20371
478,7978
452,1173
271,1453
111,1403
278,22825
1519,10610
468,17956
418,1787
495,13751
496,7435
262,3472
575,2317
471,1840
358,8987
264,16214
200,6949
349,8416
445,6026
1116,6165
463,1282
626,7939
461,16189
711,12705
683,8735
362,2199
626,9615
309,3608
517,16656
551,17433
638,8155
470,5950
877,3521
198,1683
962,17767
171,1347
636,6994
593,18810
555,7071
285,1845
366,2612
185,5420
736,12120
269,10650
268,1542
102,2088
458,24813
687,5823
352,9279
337,7661
506,13216
526,10466
651,15790
575,8468
412,19788
632,17127
982,12922
548,5691
285,3260
391,1704
393,11727
695,12871
173,1865
626,14882
331,9872
542,3631
423,4468
359,5043
378,2918
551,8826
513,7509
368,1480
550,3156
396,7850
609,10262
612,2285
956,2683
580,18030
644,6818
369,10907
473,4784
671,18116
657,14982
395,8289
541,4469
555,10750
467,9781
408,7778
271,2349
735,11899
199,2204
844,17870
237,2171
256,12888
351,5017
500,7700
332,14070
1000,19836
424,17776
284,11875
644,2000
451,11398
649,10083
330,7205
862,23775
540,5236
562,7241
99,1136
707,8201
675,23006
622,8419
239,9996
481,1596
370,13269
735,1821
430,13359
336,6829
618,19081
437,2786
468,7003
574,2104
324,10836
448,2747
422,5418
636,4067
550,6173
511,9048
313,13414
351,2757
808,7014
371,2062
910,7679
322,5196
430,19595
1068,15370
695,13683
478,9148
1100,3280
347,791
236,3992
279,8231
398,6662
672,4165
269,802
545,2737
421,6296
315,4949
568,18590
1129,12981
577,2457
272,1479
383,14470
295,3239
300,2038
231,1929
194,3235
307,14535
256,4987
240,2653
232,3676
406,4177
109,2477
554,5863
250,12572
391,16967
362,2675
681,22662
233,5004
617,24282
376,17179
304,2983
259,3670
619,9983
287,8002
395,7551
341,6306
757,4569
586,11113
360,5542
406,24558
541,15931
569,10193
1253,23055
318,13613
261,6504
448,29530
694,13020
235,2232
213,7784
218,3851
874,7767
142,1509
904,18714
510,6119
432,11898
788,26680
616,7497
692,7006
467,17867
352,7606
266,11757
267,2276
625,3691
609,2533
276,4831
203,7261
619,2106
539,15482
593,13486
171,15376
711,19963
236,5405
235,3033
273,4247
183,2166
709,19079
167,947
373,13564
632,17676
608,22929
550,7196
202,2731
132,3454
452,4554
1117,21185
247,4715
479,8458
492,6633
355,7901
855,16564
238,2352
710,12464
628,5871
308,2035
288,1632
518,9463
638,18613
248,10504
751,18420
276,3707
784,19450
207,17722
264,4881
361,3792
864,21111
373,6751
190,3455
476,14397
375,9702
440,12286
213,2335
767,19783
522,4787
389,4304
656,8227
358,7671
932,8369
613,9168
205,2367
231,22493
474,6203
544,20196
620,3662
379,11484
224,6509
349,6810
584,5558
439,2268
548,3496
558,2048
190,1862
656,11827
263,3541
351,8864
149,4859
721,2652
705,22140
649,10988
318,5853
201,1287
307,9948
505,7899
259,1457
794,11662
163,10171
838,6967
938,17335
422,7557
217,16094
579,9854
370,1826
351,915
881,9741
252,3796
1020,21924
342,3068
590,10566
195,6989
858,11151
332,6254
254,1211
237,6965
335,3295
192,4209
280,8094
250,5708
148,3720
438,4209
593,10069
370,5922
323,13760
461,24298
509,24300
110,6152
265,2862
308,7374
286,7067
190,2418
343,4848
213,18983
509,1988
298,4424
407,13275
479,13824
281,4649
386,18594
597,19378
318,4381
322,6629
304,6765
602,2276
481,7558
537,10970
447,13342
199,5824
581,4151
1183,5695
239,3948
610,19634
770,18449
260,4224
660,5643
162,3208
270,6977
199,9099
597,13775
208,3033
282,5339
431,8141
613,14078
326,5287
941,6718
330,15328
426,5827
399,7383
676,15637
734,5221
330,2313
206,7838
361,18070
350,6809
190,4384
460,7524
461,12140
239,6410
829,10934
179,4501
189,1302
600,1503
185,10710
266,9274
368,7914
308,4429
537,927
782,10979
360,19248
209,20220
293,19283
171,9592
225,5702
1161,1252
511,2602
317,3076
172,2538
168,3267
624,10958
407,7496
742,16540
495,7334
542,9739
286,11897
1062,23315
248,16703
298,6146
644,11675
597,15746
510,3932
324,2054
678,17828
214,1232
668,10629
982,21494
539,22403
749,6874
539,16345
831,3185
605,17407
228,5653
625,20258
469,8009
203,4400
214,9283
274,8285
187,1342
215,3522
686,14453
311,22383
377,4362
309,4552
890,22151
312,9229
362,9511
416,28138
264,11260
202,13192
229,4334
162,2225
392,3351
357,2488
638,7793
362,14141
644,4280
240,968
260,2922
475,15681
416,16439
276,3539
370,4479
229,5033
236,6083
1247,15007
179,2190
632,16170
258,4015
265,4288
317,4683
194,5345
485,16267
262,5222
923,16414
469,18598
190,5195
309,6837
288,5316
242,2178
388,3052
331,8426
328,1388
229,2679
573,29772
676,21337
768,4100
244,16520
382,5105
681,8265
349,7070
197,3802
315,1836
183,1819
243,6976
195,6083
549,17734
432,15176
688,17711
288,1731
271,2938
250,16726
426,6670
329,1576
224,14398
601,8845
352,14000
286,3238
176,2238
246,6644
227,17264
375,23905
294,3770
995,21118
331,14405
309,7278
525,19920
226,3141
888,12620
482,19023
479,20263
354,5549
465,21572
197,20305
209,12879
348,1392
204,2109
910,14204
183,5228
419,10496
654,21478
201,4548
726,15884
564,8460
659,9505
1098,2088
641,9879
278,9892
390,3028
519,8976
602,15741
382,7528
262,7375
532,12344
529,1537
282,7340
457,5234
327,17933
366,16192
712,10471
194,1651
443,16053
231,8653
261,4505
368,7585
448,1167
561,7152
486,3993
981,12150
552,8767
544,25784
330,9862
350,10015
261,4839
274,1861
622,2949
364,3351
822,16419
468,6971
508,11257
455,3371
131,1525
318,2589
184,2655
359,6488
183,3723
639,5275
694,11636
345,4567
226,4751
277,1363
470,21596
825,16485
648,17329
247,3320
463,13135
179,7683
742,7938
369,12802
434,20530
185,4092
657,3751
267,2239
839,15963
228,2130
818,19920
315,8451
156,3405
637,5486
468,3472
605,2219
205,3091
484,2616
225,3718
556,11677
249,5131
253,8162
307,6350
720,6121
450,23383
354,5393
525,6277
1280,18753
222,3587
1117,13096
402,14322
585,11323
996,16681
301,3080
495,4392
349,11713
300,16677
371,2661
234,5730
323,9648
131,6001
439,14695
627,18521
580,14405
331,1852
337,10884
571,3060
215,4189
278,8043
442,15713
387,12754
497,3334
215,2706
542,20256
184,2633
1088,6913
231,2864
229,3925
719,15547
569,13083
682,6306
660,17180
591,19569
372,4192
643,8617
439,3269
239,5131
224,9771
722,12117
1098,19498
327,3021
826,11831
378,21719
686,15963
528,5276
125,827
232,7211
394,1844
535,8380
484,16145
371,6837
237,5060
233,1883
385,1077
265,4509
206,8401
242,6146
663,5319
402,9255
2169,14069
484,8424
388,9951
316,12807
167,5605
440,15801
694,23767
740,10514
493,9821
632,10903
758,13992
116,3528
582,9875
501,8032
780,15921
969,18624
749,15408
447,5982
901,15836
269,5327
203,4845
310,9600
506,10393
630,10644
864,11935
401,4208
605,7669
840,2583
200,2452
344,22887
291,1440
168,2827
792,13299
492,9769
591,12253
667,11259
276,13976
658,4525
724,1979
688,19548
427,6990
488,1368
565,19182
253,1382
683,11104
374,4151
743,7194
553,6567
365,1576
334,2169
580,6063
563,9711
330,6129
106,22879
626,14339
317,3877
653,7238
90,2068
600,17187
534,13744
559,4081
455,7948
224,2363
388,3599
981,14550
847,10153
890,17194
265,9013
1022,10772
289,8914
890,21698
370,8989
283,3911
396,24052
348,12154
350,4174
161,1816
198,3106
482,10239
537,18872
498,13730
403,8209
613,11604
493,12391
495,3723
439,18711
271,8606
603,12452
491,11765
176,5271
585,5077
215,1202
177,2124
1373,20502
269,19608
394,11175
225,2816
484,3665
168,2385
416,9344
250,1939
363,9777
502,16125
477,3991
212,4596
324,1372
503,10742
353,5810
425,4725
349,1273
420,9639
239,4638
198,4290
267,2708
612,17736
648,3590
657,18277
188,3931
770,18668
183,6239
148,1913
417,17310
126,2789
550,14906
567,15218
479,7947
166,5000
187,2463
554,13486
372,3135
323,1896
285,5682
497,3571
354,4505
370,4439
591,8961
611,6045
135,1121
377,21315
285,4006
368,14204
444,5271
397,9153
283,10005
842,16181
432,12384
676,10545
273,18463
157,3244
412,2721
621,7710
335,3461
1472,15656
862,11633
328,2134
527,19632
339,14716
591,14539
633,13593
401,4701
274,2686
463,3120
234,2062
777,6330
474,3104
558,4367
496,17790
152,1699
351,1500
158,8020
338,1150
564,3474
359,5747
584,16731
678,11096
353,3189
327,7449
498,8276
729,24465
805,9584
687,4536
247,1495
974,23256
349,13472
430,14886
322,4152
590,18609
645,9114
326,3426
180,5379
471,16404
328,18418
201,3774
227,4327
397,3854
441,2565
403,13707
933,11816
815,14236
324,14030
307,5761
280,8683
768,10144
422,17911
282,16525
414,18794
418,3236
273,1473
367,4237
287,15545
724,15564
654,4366
522,7495
735,1785
747,3400
973,17012
397,4246
700,9528
461,4583
226,2336
309,4167
766,4757
329,3491
271,3112
418,9403
396,3755
843,15533
111,1804
218,4636
950,1598
234,4360
160,5256
159,8644
242,3044
652,15935
439,2611
283,1925
265,3554
359,3552
751,11343
427,14486
335,1252
205,7752
296,1612
392,3245
335,4664
579,22217
439,1375
251,2605
219,3387
730,11308
283,14736
579,3369
184,16532
386,3988
171,2014
211,7575
235,1349
253,5120
547,9618
337,2210
620,16450
264,4225
327,6507
553,11395
188,5582
723,10500
673,15586
335,8593
434,15897
664,23761
255,2391
228,2304
524,14724
202,2554
669,12873
259,10007
342,6955
308,8788
389,19779
656,18865
420,4274
171,13993
278,1779
255,3051
160,1576
249,8944
838,4249
275,3246
327,5852
980,21914
286,4231
674,20575
381,22085
506,6710
429,5031
167,2598
467,5343
668,11891
515,8023
244,3766
324,3198
205,3343
452,3957
343,3468
792,8022
634,16487
880,13676
901,27543
652,7911
785,18539
954,20835
632,12444
491,10603
491,2807
718,8604
477,23273
636,10701
372,2157
251,3340
475,3649
440,8519
614,25285
815,13314
273,1489
776,19722
402,9915
410,10854
521,17460
369,9948
549,9094
403,18942
351,12076
571,9564
936,5773
420,19719
473,10873
551,7339
628,19562
535,14150
657,26063
752,4149
870,12923
420,2753
555,9773
506,12212
263,9096
491,3152
362,8828
289,10287
339,17397
1159,15544
234,4971
620,4894
1047,18770
516,6212
368,19182
419,10931
504,3150
590,4322
659,9961
749,12460
742,15481
951,25248
578,7043
459,18723
732,14753
375,9295
696,8926
251,6429
594,17360
239,3396
716,8257
849,21688
806,7327
393,7724
401,13086
393,19695
474,12955
875,7401
601,1374
747,6058
259,3835
899,14376
645,11807
440,2195
622,11878
927,13818
407,3735
572,9573
809,6997
816,8564
549,9926
940,14764
633,6107
626,7815
551,3011
803,5987
729,7461
307,16518
262,3028
523,2171
403,3338
477,7490
750,18349
539,15874
526,7184
438,4408
456,3596
313,4418
413,12770
591,2736
817,7678
500,11257
593,3927
398,5987
754,4817
514,16153
673,24701
604,18486
456,5535
430,9319
218,10761
493,4682
521,4658
772,11026
398,11909
402,5281
385,5108
426,6881
443,6343
426,7483
619,3887
361,9845
525,10355
651,3721
610,6455
1138,5518
512,16538
855,19459
678,7336
584,16869
541,12198
370,9022
384,21893
296,1775
351,2449
274,8782
246,9552
449,8583
500,4959
104,1020
360,17737
339,15417
256,9216
230,7042
351,13540
497,7951
459,8985
696,3568
351,6713
392,1772
523,18612
383,2191
76,4292
550,3468
387,3878
349,13772
488,10674
480,6916
405,14641
366,14924
498,19665
290,1201
704,13128
327,18327
287,5615
153,13431
419,2619
423,1694
519,19205
563,4396
228,7654
335,6464
501,3361
560,4609
107,13553
318,2257
258,11711
545,11506
271,10666
249,2528
423,8159
458,13449
335,8434
300,8475
313,7724
254,1351
552,6042
221,1288
383,18227
300,2443
547,14132
244,6529
384,5029
416,2310
682,6894
636,10377
244,3809
668,9170
393,17844
745,16911
372,4081
374,2461
292,2135
645,14897
162,3385
227,11375
598,11587
208,1189
219,11054
363,3597
595,17879
351,6235
177,3460
702,18161
472,1556
308,6577
750,5551
556,19209
620,4118
648,2216
290,3575
310,4044
290,1332
307,11439
523,2885
339,1861
748,17653
755,10961
479,4669
357,3966
216,15329
364,11267
257,9377
438,10167
351,12426
706,5892
310,10735
439,10185
293,8335
425,11383
458,15196
296,4577
407,2480
361,5058
295,6653
465,6267
575,1826
620,6040
203,1872
276,7698
252,1985
271,3545
257,1773
599,8978
340,5866
280,1721
544,20721
221,5330
389,6449
542,9018
194,2758
263,3506
223,12153
255,11678
561,6742
901,15239
437,2593
443,4261
561,10773
77,2988
942,14913
421,3641
554,10722
306,2647
484,7176
352,13555
666,7665
352,2668
607,14316
406,9825
361,8880
330,1619
356,7731
125,3976
429,3286
362,6402
363,16834
561,6411
178,5687
539,15047
532,3300
490,5905
397,10740
288,1644
284,2567
416,3574
546,6567
230,12716
203,18485
412,5236
306,3421
509,8950
410,10933
463,14486
318,2118
563,17911
580,16329
242,9954
780,8897
460,7517
462,2813
469,2602
563,11900
310,3694
396,6649
608,2859
489,10360
610,25873
645,4053
407,1760
417,7701
418,3501
523,10241
272,1697
428,4195
385,6080
289,5279
524,4688
254,12530
266,3685
665,4267
405,4404
309,6132
484,7315
569,5736
645,4264
306,8983
206,14173
309,4386
519,9102
477,14733
353,3381
373,6624
484,16590
191,7285
370,6041
398,19420
332,3960
298,7854
264,11837
561,4649
361,4268
265,13487
318,5183
396,6043
321,1924
233,7225
425,20717
340,5567
601,11305
482,16442
442,4257
253,12225
276,8360
363,13840
432,13787
305,7461
316,3641
505,7110
609,13200
569,7135
342,10724
531,15313
324,12332
520,22828
280,16661
438,12901
485,8611
249,5211
257,4997
245,2450
406,2519
243,1870
659,4031
208,1834
1124,19776
511,2505
490,15783
261,5844
409,2630
489,12197
488,9395
397,8190
192,2775
437,7125
696,19410
192,4142
524,28108
266,2168
271,4673
322,7062
377,14377
238,6159
340,3348
222,10248
298,4562
400,3542
246,8391
240,2511
324,4462
283,8855
777,11663
369,11037
350,7153
427,8882
401,7621
300,8782
828,16589
311,11709
243,7249
602,17297
425,9212
449,8629
600,17193
824,7738
690,9735
433,11261
247,7688
611,3741
267,3875
210,4886
561,5032
470,11489
1040,21438
240,2614
692,11232
515,17656
364,1914
300,2692
208,5287
437,2963
318,8612
138,3128
281,14821
337,12249
691,7467
483,6722
693,5336
393,12705
701,4245
591,5895
203,1664
386,8649
281,7960
275,6591
398,1508
489,3445
396,17065
463,4424
418,5180
394,3426
638,13278
292,10488
221,965
292,3206
398,8755
412,7512
393,7349
459,3893
303,4886
737,4349
209,1504
389,3303
251,2184
580,12085
432,19538
387,15719
539,11509
291,6288
420,4217
331,2276
231,9578
327,13031
404,10172
485,3861
324,11909
503,8364
272,5563
565,3399
499,9914
567,7826
835,6824
396,15883
349,5217
384,2424
283,16473
492,11364
362,2078
481,10432
203,4522
399,5343
347,3224
328,1979
298,9029
534,3880
256,4842
519,15566
227,15979
294,1918
347,3882
751,15468
97,2487
209,3014
400,3506
500,4885
154,7393
364,16425
307,2832
347,5346
223,7417
678,12027
422,8121
260,9347
333,2754
535,16727
329,7254
318,12152
363,9125
319,10865
207,3744
555,7350
390,3232
294,3444
519,8206
526,8023
326,8067
325,21133
856,14482
151,6338
484,4716
181,7300
312,5922
226,16091
167,3224
559,13169
133,9572
330,3258
705,8854
484,2829
531,11629
407,2602
453,14226
412,11796
304,4997
445,17286
189,6070
419,15602
388,18290
367,9639
524,12175
234,2876
374,7160
259,5261
413,9731
368,6849
439,13567
940,17937
604,18637
210,6332
473,9926
604,8672
396,4778
286,6972
343,7996
480,20551
376,6740
326,3658
173,4421
403,11118
314,7863
382,3106
368,4558
300,2237
368,11682
532,9848
284,3007
174,3879
273,6043
217,4443
526,6956
536,5043
174,14812
364,11038
460,4578
288,3440
325,4214
525,13781
472,2355
318,11247
505,5833
398,11772
939,22071
542,13390
711,9444
202,14562
663,16440
179,4463
351,1440
281,8625
320,4635
379,6349
269,13940
338,3850
328,6851
278,6491
275,8590
375,3112
314,9911
326,5570
250,1303
266,12897
526,5398
810,18166
237,11230
558,10780
257,3740
511,11424
770,10850
518,8561
440,1347
224,5723
326,18170
343,14798
183,2134
394,10999
297,3908
454,18759
303,5540
296,10057
347,18497
479,7730
354,5617
302,2169
366,8361
270,4239
345,3359
657,8861
328,3152
242,11916
604,10197
341,4445
428,5797
363,12419
594,13226
578,7933
351,12795
591,10714
442,12433
449,4498
595,7177
391,15753
401,16372
462,8802
604,4174
127,3819
141,2222
347,3966
270,2459
326,4986
377,19470
300,4698
365,5476
715,5526
523,2854
304,5717
427,14340
465,2525
176,3158
376,6777
334,2005
424,4388
501,9486
528,4180
324,19705
198,6441
345,1948
338,15499
223,4177
683,7457
305,6217
320,7054
288,4545
408,9161
421,8690
852,7074
394,4894
795,7802
441,1752
324,13251
278,5112
283,5031
644,8527
117,3317
396,6944
245,12041
228,4629
283,3922
512,11841
322,3313
296,3798
390,4682
377,1373
133,5071
522,2127
289,9569
423,5357
253,1299
423,3218
646,12469
283,1828
561,9725
304,8683
156,3067
579,12735
501,14219
554,11791
309,3545
368,8365
325,3467
476,6683
171,2660
425,6922
197,1955
266,4333
549,20551
261,1766
377,2408
471,6379
510,14718
307,3743
481,6286
364,3951
185,6469
465,10008
396,5945
593,11061
264,4056
392,8607
467,11717
390,10058
195,6509
452,3704
526,5297
197,1359
353,15761
384,7841
325,4423
463,14028
367,3217
442,19635
291,2505
469,5966
454,16680
315,4053
457,12398
329,10824
803,16503
197,1611
660,11285
173,1163
662,6495
418,5009
290,18759
421,16589
176,7546
353,8938
325,2122
506,5242
573,18967
221,1173
278,6458
343,6634
395,2825
376,3493
379,5872
251,2975
330,7221
270,15978
526,8615
469,9198
242,9355
206,12116
499,7389
427,18206
139,9664
449,19617
409,13486
702,4707
417,19300
136,4506
241,2137
276,11826
434,6519
343,13058
421,12496
436,6490
210,4626
384,15403
236,3230
352,17621
369,5143
155,1478
213,6762
233,1778
466,10571
279,5149
341,13229
551,7420
253,4824
375,10843
302,14868
550,9972
413,5948
383,6571
384,1426
186,7936
307,13648
426,4133
364,6333
291,4420
666,8789
328,5006
665,13753
296,5312
363,6652
434,5694
254,3589
292,5915
343,4489
471,9667
839,11797
576,4082
837,8810
651,4628
680,13672
242,4796
320,4206
492,6955
209,16523
406,5217
335,7784
476,11780
457,14476
472,8430
376,4524
490,8039
396,1930
829,9983
446,14558
438,11929
373,6496
350,3524
147,6382
391,7644
593,11496
447,7423
293,3067
218,2231
1087,14153
489,14275
401,11675
485,4365
214,13193
280,12977
262,6685
151,2140
278,8557
274,4626
580,12790
199,2653
267,4992
310,1902
270,2964
289,7310
498,7284
232,3331
677,22322
503,2706
249,14806
437,12131
350,7781
197,14401
387,12643
339,5082
518,10752
572,8726
251,6045
233,1784
343,14395
477,13471
738,14863
383,7476
222,10689
579,10948
165,2241
516,10913
280,1109
480,19269
194,2161
165,2411
534,6538
409,10614
226,6443
432,8102
236,2692
465,8162
230,6150
759,2708
246,4554
423,28558
508,5813
416,13308
521,10787
447,12127
445,17429
683,23360
370,11571
450,6908
269,2000
426,8784
276,3462
361,3502
447,12905
488,15411
724,3663
230,3012
476,21482
347,9114
436,6181
426,14878
213,4457
626,7314
265,19333
374,25289
458,11908
136,2131
478,2337
431,7289
464,8947
408,9869
418,15585
398,5951
470,17936
464,7862
228,7545
654,16278
320,17940
300,4060
662,12426
338,14083
264,2667
129,2226
739,8625
302,8992
270,2622
462,4450
320,2236
525,9288
349,18976
222,4529
515,21939
1005,7554
623,21047
266,9400
356,19814
539,7732
434,4211
330,4909
299,9072
426,3289
273,6074
298,2039
503,5516
496,8994
309,8969
679,3755
231,2532
402,7202
153,5218
402,8074
279,10084
743,13111
236,2868
430,4894
489,3282
392,10452
407,6135
583,9826
253,2845
419,13659
278,3814
123,1611
581,11345
335,3417
437,9438
518,3868
268,5427
327,3152
439,2591
388,9918
698,10099
545,6823
217,1656
333,8329
419,13825
344,3797
305,3293
214,6808
421,6222
392,5397
507,2526
390,6576
344,15843
841,16897
445,6616
340,11529
293,5972
375,3924
146,4501
457,9187
408,9942
430,6631
299,6259
518,17314
298,20382
325,12839
169,5788
460,29648
514,13423
221,8305
660,10732
318,4350
323,2750
750,9800
542,8300
153,10689
282,4142
342,6631
296,8406
187,3730
400,3008
471,4487
374,2091
395,6345
551,6755
360,3348
365,4169
501,10690
260,13194
717,8215
342,21405
368,3746
525,3306
428,4249
616,7419
210,1875
475,15861
223,2199
348,8502
537,9386
301,3822
484,14651
424,5703
434,7633
568,14270
439,5399
237,2135
367,1690
462,14107
199,2617
258,1618
335,3572
562,12010
389,7091
343,1878
684,6155
318,3762
221,16448
724,15956
332,5134
370,2812
309,3068
479,8521
734,3984
563,11116
462,3409
461,10430
221,15362
620,3104
211,2225
452,4916
407,3250
323,3799
734,20017
284,1657
247,5687
452,9408
414,11756
446,7699
277,13909
217,848
249,1239
492,12160
263,6407
892,15819
400,2688
208,3699
302,9634
259,5774
478,13653
740,5511
441,6056
975,22265
377,11213
318,14667
643,6581
500,25273
220,4909
723,14629
383,10307
297,5238
324,2228
311,17425
283,12039
331,6224
735,12232
490,3544
707,6973
354,3987
595,9236
211,2689
276,2433
491,4810
312,1719
335,2750
303,3213
326,3661
245,4370
439,2642
533,4419
440,12194
261,4338
437,12677
204,2047
306,13749
511,21692
560,23421
319,2692
224,3067
448,10790
283,2556
610,23165
296,3307
395,6438
463,4527
826,12438
555,3292
429,7123
432,13137
336,14826
442,10630
309,5765
398,16489
494,8299
620,13541
215,3149
230,6916
149,7549
403,10641
340,19045
402,6398
568,15187
497,17142
318,14667
175,8904
173,11790
459,14459
249,5612
380,20793
349,5842
415,3912
575,9524
288,7002
527,8130
328,18046
433,7767
408,14524
440,8664
150,19397
400,4108
413,3932
310,3235
497,17375
327,2101
273,8914
624,2593
414,3761
386,8461
279,1144
494,9715
237,2945
887,19161
219,7978
453,11471
315,3140
334,5646
309,5575
563,20707
673,2660
355,3843
685,22509
632,12901
321,5098
363,5344
696,5960
363,11051
346,11303
513,7483
315,5558
291,4632
624,6450
282,2564
221,6543
149,6060
701,12821
165,8066
459,11565
215,7567
225,1044
424,1656
380,1760
402,12569
391,3778
313,8471
210,6252
429,4457
726,10638
187,9031
242,12505
158,6193
322,2098
481,17987
312,15694
602,6952
365,7436
509,6826
634,12936
310,7303
271,4167
495,7644
407,12155
258,1568
244,3143
738,4698
491,9173
494,10149
768,10310
385,7938
384,7422
402,5394
275,2721
325,11944
566,4180
583,8600
158,4694
338,10532
558,14641
252,6315
265,3026
363,2290
433,17085
750,14276
284,3954
182,5096
376,8138
363,1626
321,3580
645,14427
618,9168
272,3024
382,3718
427,6992
727,9584
325,5464
524,20144
271,4538
333,5130
383,4140
439,4718
436,5021
229,9251
390,8361
391,5863
781,5590
496,11156
429,3043
283,4053
283,1575
431,2190
321,5740
344,1646
1284,18500
310,2327
481,24982
285,4791
507,16659
582,9451
280,4294
219,3227
193,2094
562,12244
435,8088
422,9462
278,4571
509,12981
304,2766
549,6208
429,3070
291,7916
201,2244
367,9593
352,5546
261,6566
355,7102
487,4865
428,6204
242,2163
402,3058
635,14891
453,14680
405,5610
180,3065
600,18281
151,6117
360,5251
307,4743
423,5086
355,3197
342,7448
371,4777
221,7498
324,1785
286,3825
463,4153
546,9558
356,12253
325,2080
486,15383
299,13874
333,16703
418,4046
412,19198
532,10663
326,1987
620,12086
462,4305
165,4232
286,6385
436,12309
397,9690
285,8013
829,8701
536,19671
384,9933
150,1615
183,4486
507,8982
427,19299
242,12545
196,5005
498,11297
552,13675
520,3224
562,19686
147,4882
332,2527
243,10269
292,7674
615,17474
295,7640
243,9801
311,2429
958,19696
531,11383
279,5089
374,6361
139,8782
400,8659
682,15141
408,4887
317,7836
433,9151
245,5180
432,12498
289,2679
318,2239
241,4162
577,18557
447,5866
430,5469
304,6396
740,16609
671,8780
315,5311
342,6348
368,12541
461,8420
362,3101
215,1451
149,4194
449,16401
294,11644
432,9429
453,3104
707,19406
352,5891
365,12502
661,14637
160,16906
373,3874
155,15993
251,12755
253,4801
505,8178
726,11766
159,1904
605,5485
625,8506
553,8170
240,1085
647,12982
411,2570
398,9236
143,1880
318,22911
190,3767
126,5399
299,7594
552,4350
672,7674
355,10964
342,2390
599,14039
478,3969
382,11556
198,4066
405,1915
365,11249
249,9682
351,2069
393,7169
323,2266
715,7817
287,4647
397,10418
381,13450
371,3401
690,14183
568,10788
229,3452
234,6645
403,6305
309,11179
232,9161
511,7474
331,5555
392,13602
429,13504
285,21866
430,17436
618,3547
513,10962
132,4879
258,4909
173,6721
324,14961
489,3401
344,6592
311,5945
525,6417
380,16077
428,2837
247,15336
185,10141
431,2770
347,8290
479,4591
673,22221
507,2855
520,5038
397,6902
261,2769
300,6997
429,4053
391,8397
518,14740
455,7093
446,21923
486,11476
559,7956
354,8350
90,7964
340,4306
523,15436
493,25059
223,4624
587,9453
416,3801
387,10335
413,14505
263,7246
522,7606
494,25515
276,12757
480,8729
451,4009
522,15717
599,4818
301,8467
222,3564
337,6732
375,5291
300,5408
319,6900
356,6164
217,4488
624,5349
318,5364
328,2370
229,6483
266,4364
553,7965
309,8176
659,6288
385,6766
326,4721
260,5520
704,12635
626,18958
357,1913
339,10647
283,2936
417,13483
670,16813
438,21908
391,5511
189,3698
362,12488
396,6197
438,16473
301,3836
315,13648
