num_prefill_tokens,num_decode_tokens
78,14908
129,4978
61,10952
89,2618
104,5617
91,5494
42,3632
65,7014
56,4395
80,8386
82,5534
107,11776
51,1178
51,2847
39,2324
49,2507
95,3470
41,5372
72,7286
45,1734
38,4803
104,4523
79,1894
56,8980
136,26139
114,3047
51,7862
40,3006
44,1891
164,3616
47,17151
67,2752
128,1493
150,3058
57,8427
97,5373
65,14297
24,2869
128,16104
40,3437
49,4625
118,4832
72,10280
47,4834
76,8044
90,2973
203,1880
78,1119
81,1778
87,15083
35,3583
21,3685
119,2628
90,1746
103,4373
89,8079
67,6508
118,16253
61,3031
107,8583
38,1722
83,8552
128,2242
56,4951
105,6832
42,1746
134,8319
119,2746
83,1381
75,6872
142,7398
41,11336
78,12455
77,3128
143,16363
126,7057
114,9947
82,10088
67,3521
56,715
62,2970
75,14337
47,2094
130,5747
115,2387
43,3873
145,1630
95,13205
55,6134
30,3134
43,1650
46,8513
57,8281
44,2198
80,20176
45,7914
151,16948
152,6083
59,2237
37,1459
35,10601
61,11352
122,10317
71,14138
74,4106
104,3511
45,3228
126,8138
84,4800
93,5110
97,18335
68,4323
84,6663
48,1323
53,1882
130,7114
72,2298
54,2491
93,3368
68,6477
46,2960
25,9764
64,3816
39,978
105,7447
110,6142
90,3026
40,5509
35,2332
491,8497
97,8840
88,7795
11,3060
90,12292
135,13329
123,3030
137,3429
98,2174
69,9266
65,13108
43,11972
67,9482
117,5253
146,6142
72,12190
79,8784
81,4527
114,17066
76,2122
51,5618
33,8431
66,1539
40,2847
37,2644
56,4769
49,10949
57,10091
55,16259
107,6113
68,8824
275,6087
65,7637
65,6789
104,4574
81,14250
107,5364
42,7166
61,10686
48,635
69,9069
185,3101
52,4496
49,5315
123,14229
147,11422
162,4829
39,2430
80,1539
33,1745
33,4113
58,14702
96,3740
79,16493
59,16571
77,3650
152,4286
38,6197
24,785
64,5260
46,645
82,13389
116,1884
70,2461
100,8362
53,1959
171,4361
159,4509
51,2957
129,12156
37,1405
43,1571
77,8502
41,2770
89,7077
79,2673
73,7896
70,2940
265,8682
36,5746
37,7204
58,12795
71,17309
41,1699
92,5821
65,18603
93,8086
23,2490
65,6561
61,4167
146,2980
43,2740
114,2693
117,2172
60,15743
140,7533
66,2717
96,6392
66,10227
42,4872
31,3063
93,2587
124,12640
53,5542
51,17820
76,7208
122,18632
86,4363
67,10384
47,7131
125,1973
37,1931
76,7709
23,10582
66,5961
68,2932
131,1463
58,9781
92,12188
96,11524
31,8551
71,9768
112,2893
67,7377
125,9311
105,6627
66,3450
67,4403
106,2757
95,2621
102,6981
47,5382
63,5276
64,5159
27,6749
77,2726
74,8632
19,3841
66,6576
63,6261
72,6296
100,4813
124,3356
38,2648
146,7494
99,10224
45,7871
89,2088
52,2480
160,22970
239,9116
104,23011
62,7353
76,14339
70,2546
78,1278
53,9566
69,2376
61,16224
118,3614
67,1167
72,2272
88,2106
105,14637
93,5596
24,13533
92,3287
77,4088
154,6840
94,1902
131,7317
82,4236
119,16779
20,4251
67,2470
95,2541
52,6777
49,5615
51,8185
84,7456
141,6373
93,2486
43,9278
37,1615
92,4998
54,2882
99,2308
28,5152
91,2672
77,10998
105,1730
47,6368
80,10434
262,15700
55,7385
93,6031
140,24974
211,10578
29,1798
32,2991
35,5973
83,2263
179,5184
80,1791
65,13000
110,11878
61,11145
43,1540
90,17431
64,9000
69,16460
99,6117
43,2347
82,9004
79,6154
67,3048
78,2442
26,4237
46,13956
136,11353
42,1803
87,12566
129,4975
27,1443
77,5100
38,4285
26,8826
139,2574
73,2022
85,4691
93,8798
106,5769
74,2765
65,4461
68,3445
273,7773
27,8875
69,1758
35,8653
61,1844
36,1804
37,2248
43,8571
77,12218
24,1988
92,1638
102,5958
158,5190
47,10325
40,4719
72,4786
77,2111
62,1528
45,10193
126,4528
126,3516
66,10947
62,18327
117,6326
93,7116
140,12670
67,18918
73,3942
45,3376
31,4940
157,21897
28,2085
74,849
82,3294
90,14578
161,2980
67,15280
136,6761
141,6794
146,7759
34,4843
85,11788
61,9631
61,10949
74,5954
50,8999
21,9513
50,3289
47,1656
35,10486
88,4948
37,3597
143,987
78,2679
75,6883
78,3139
136,7556
67,4615
68,9986
53,14218
226,9551
47,9104
51,9475
54,1953
136,7653
23,2018
32,4496
22,1768
103,19767
39,21518
40,2244
78,3939
60,1901
27,6341
117,14488
157,12750
77,2488
56,8900
97,3230
70,2943
78,3495
53,11575
60,4683
109,6387
35,2632
39,6297
106,5000
39,10369
103,10321
89,9118
43,2960
68,4095
368,3424
154,8162
69,1562
71,7417
44,7109
42,1865
117,10786
33,1127
26,5364
54,4560
88,7399
60,850
83,2307
117,1723
35,6482
103,8024
69,7098
52,7167
28,1245
39,1573
68,2238
77,6703
63,4939
76,16175
37,7368
196,3429
94,13840
46,9818
64,11349
176,4161
104,10925
53,3578
49,16541
91,1437
49,5111
111,3230
142,4086
56,3783
50,1682
48,7169
102,1592
73,3607
69,15081
115,14592
105,8363
47,5995
35,14404
134,4464
59,8391
139,5007
140,1554
131,3102
60,8464
267,3937
53,5231
27,1683
47,11239
29,3776
31,5974
88,4708
185,5397
19,6099
75,1237
36,1105
31,6140
142,4087
43,11426
90,747
39,3626
75,16183
23,5401
29,2338
49,3143
138,21074
73,13140
31,4048
87,5934
188,4336
45,2674
367,11295
326,3606
65,4484
57,1398
47,2045
67,3736
73,15489
94,5886
87,5307
94,3206
51,7629
55,4013
162,5132
69,3663
73,8122
46,12306
50,3825
34,1609
84,5186
58,8184
98,19330
38,5308
27,1448
151,13954
112,12775
40,2462
45,5647
40,7116
45,2020
83,9165
243,4973
41,4156
133,2476
36,9240
217,6772
84,12458
41,2626
80,4060
48,4519
53,1330
52,13459
53,3276
115,2909
80,11877
60,8171
67,1146
80,9849
198,7803
35,9953
32,5964
53,2799
43,997
177,3379
198,7738
109,8077
76,2680
46,2537
75,2545
53,2908
158,16801
39,5792
53,12971
41,2257
72,8291
41,6393
68,7663
79,12977
26,2432
49,6272
42,2490
56,1974
25,9373
92,908
74,2201
60,12258
41,3392
43,1361
131,4153
44,2836
80,23064
123,16146
153,6472
53,5471
56,6762
98,6740
118,7951
36,6079
54,3757
68,911
29,2301
128,5958
35,4116
52,1768
42,5820
63,6226
25,1418
122,3663
17,2056
139,13889
74,6370
51,5960
74,6315
74,2962
31,1230
71,6389
93,20580
77,4876
79,6628
24,1258
72,3382
55,4777
30,3058
76,5319
51,3395
104,7060
68,6543
48,7714
221,4682
134,6172
35,3908
120,2646
90,1530
93,3517
59,9637
50,2859
89,1702
86,1048
47,3932
58,7793
69,5657
68,10605
75,4356
113,7564
110,1309
26,1898
39,1493
139,10464
110,7712
100,6230
32,3093
44,10603
179,14428
55,3974
51,6167
59,4811
23,1131
88,6926
43,5105
32,7461
100,8182
95,12477
85,6538
20,11377
69,3612
174,17990
151,3587
62,9683
52,1489
61,10381
124,4966
68,4661
59,6075
26,2454
75,8141
101,13322
40,14097
45,2098
87,12769
47,2545
70,2719
88,3658
72,5213
67,6071
138,11832
55,3164
152,2711
133,16665
71,15742
43,6144
153,3930
57,2893
50,4348
67,5958
75,3382
62,2054
116,4446
98,7496
43,10397
64,4676
65,2025
68,1683
30,19074
164,4444
38,5043
92,7163
68,4551
127,15212
88,22909
119,4235
88,4526
153,9339
79,6868
106,13214
54,4366
91,2910
59,3535
125,3458
68,3769
57,15267
84,2051
58,3745
27,12960
59,1735
120,3603
58,3335
68,11346
75,5044
65,1570
83,9057
116,11790
98,2172
100,8604
152,3705
80,12026
59,4348
101,6864
107,8639
131,1941
77,1329
73,1649
24,5472
184,10290
75,4979
124,3789
79,8440
59,9977
107,4921
123,14420
57,6871
82,3939
48,2738
64,1221
183,2173
38,2743
48,9043
77,1963
69,5445
81,2449
59,3947
49,2707
78,9331
77,4826
66,7930
46,2437
82,15810
44,1756
58,515
155,3908
102,10181
47,3032
88,3447
79,14513
130,13702
112,16698
71,4638
110,6733
104,3060
91,2998
48,12511
58,6162
56,14884
47,14704
72,3705
63,2274
84,14320
315,1973
82,11263
51,7905
144,16578
37,1637
47,4813
56,5242
79,6378
45,3443
52,4537
103,13141
112,9120
42,3708
77,5400
34,2045
78,3691
76,1319
28,2593
173,3457
55,10774
60,8035
20,2562
43,9316
141,7911
55,2449
33,6338
79,8242
91,13411
52,10852
142,1494
22,2984
42,10839
19,3260
84,1590
128,20743
65,5539
126,5691
48,7098
110,17251
35,6177
80,12394
58,6552
95,7929
34,8137
103,16545
146,9239
58,13220
40,6649
51,4336
61,2039
78,2853
44,1907
96,11860
57,4104
51,15034
108,23173
99,5566
92,9502
92,4073
100,5896
40,3739
45,3890
77,1780
98,12573
63,3123
91,4585
50,12748
42,3135
97,11782
151,4708
74,13636
121,6758
71,3779
78,3494
93,17873
158,9449
70,2161
23,11703
129,8321
36,3817
83,4189
113,4120
132,18186
55,13705
102,18325
121,12871
74,15392
79,2806
59,5296
58,5634
107,3592
59,1819
82,14144
61,12378
93,5132
60,1635
79,12868
51,3916
63,3417
38,5500
92,3860
45,2593
82,14630
179,4911
63,5345
62,2233
127,1179
100,911
87,21467
77,13266
115,5036
74,5981
41,2350
200,5559
79,8183
26,2456
48,5913
74,3037
21,2898
91,12143
125,1518
42,11385
144,15253
171,6011
70,10679
113,8340
49,2155
118,1365
54,3461
49,4364
89,14991
115,5646
35,7400
120,8412
73,3232
130,7162
79,22306
59,11612
70,10854
88,9292
160,6556
64,2912
73,3510
36,1641
60,4375
44,7077
36,1856
44,3559
62,16018
74,7926
54,5263
61,6991
69,6835
45,1183
55,5233
37,5121
52,3767
54,4172
47,8442
55,4380
68,3744
68,8158
53,1280
55,2043
133,18874
46,16378
71,15097
86,1777
96,17707
74,8420
74,4161
49,1060
53,23080
212,12254
80,3437
39,4087
86,1583
72,4224
96,10744
82,3148
99,8854
85,4377
107,3834
60,4557
12,2213
97,4727
55,3757
42,5228
83,7274
129,7703
63,5950
109,21282
209,9378
54,5359
35,7428
83,2218
30,2581
97,3000
73,14104
112,14947
113,18544
153,5813
47,13187
26,4953
79,5864
80,6894
78,3458
64,12274
140,3433
55,3952
44,4887
85,2573
57,5297
93,3156
62,8652
66,9039
69,7707
66,16196
182,6934
61,4876
145,8034
67,9443
62,4841
109,5199
106,8393
118,3289
42,5860
38,992
25,2273
33,8713
52,10227
81,3676
28,2754
57,4299
19,1383
166,7812
70,1852
57,2460
61,5312
45,3737
67,4558
63,7462
97,4617
58,8527
16,1811
76,5013
55,9674
85,10517
47,7371
38,5110
168,2464
46,1987
111,15295
110,6062
93,6664
23,4699
92,6099
50,3519
38,1945
77,6351
151,17153
93,16523
75,3092
102,10448
67,12565
92,6039
90,1120
90,4187
71,3611
119,8937
55,6847
81,12371
57,4092
45,4859
73,6280
79,2716
85,4637
70,5014
87,3270
29,7893
108,16403
25,1732
52,6852
95,17407
131,5802
87,5806
63,2772
78,5809
181,3421
149,12754
45,3655
77,2246
56,12567
64,3100
105,955
108,5945
173,2896
167,22983
76,7136
33,18989
80,4075
70,4234
63,2784
46,5288
67,7120
76,12325
34,1945
151,16923
94,1754
75,10980
88,11449
45,6231
49,4206
52,1755
55,3051
79,10389
89,14302
25,4399
41,3156
56,13460
115,11984
65,11249
46,13873
88,10624
99,3319
43,3324
52,3033
52,3820
161,5556
142,9809
16,3320
41,6894
86,5468
114,9473
134,4564
35,3178
151,3563
52,4170
90,10290
130,4351
40,11515
36,1794
53,3111
126,7724
137,3585
116,16283
64,19866
59,4512
111,6829
150,10228
105,16220
43,6712
89,22921
51,2442
59,3664
40,4382
30,5200
62,916
35,1537
107,4739
60,12272
57,16754
42,5311
139,2343
63,3835
73,7242
147,3819
141,17614
100,14274
92,3424
142,15852
104,5045
60,17342
40,3166
93,4619
47,4803
32,7394
74,5410
169,4368
45,4589
68,3658
91,8463
52,6341
96,3110
92,2106
63,10294
163,9415
31,2975
25,5054
186,14718
62,1841
40,1013
69,2817
128,3530
80,5241
153,9668
38,1936
98,5249
77,10937
29,4984
73,5496
57,3420
63,3939
64,5051
68,7742
46,7178
167,5718
71,10693
44,8433
59,5328
53,5319
117,7217
53,4002
63,3919
172,14420
44,7723
95,10325
52,3294
137,20800
75,2976
150,8532
27,7067
90,12046
20,6492
149,22670
15,1967
92,11214
69,3864
105,3423
25,3783
105,2876
73,22369
66,5410
73,6172
48,6320
29,2675
34,7055
48,1268
42,1693
225,6041
46,16583
90,12255
61,9075
41,3770
75,11310
51,2336
53,18872
109,5950
34,4878
69,3604
138,6946
98,14340
98,5552
176,8482
24,1739
52,18243
35,3566
125,11580
95,2564
209,3573
72,3071
53,14945
86,3691
37,3258
62,19372
273,11322
99,7544
63,17142
61,13913
56,2309
123,14285
72,6099
108,5762
73,1876
49,4144
43,11468
44,3261
85,11400
74,1194
47,17587
42,9254
107,8711
41,2668
25,822
43,2541
19,4768
57,9748
47,2728
112,1949
89,10863
43,18463
91,5896
55,16647
22,3576
64,8786
122,13462
44,2154
61,7411
58,2409
60,3680
76,10809
105,4023
70,2955
68,2762
56,4780
171,16795
103,6785
45,5580
69,3193
174,13006
122,3911
54,5736
85,8421
55,4293
60,3436
78,2820
59,1050
80,2233
125,9949
86,4690
114,1418
127,1250
86,7483
28,4078
21,2208
74,19986
70,1717
26,2872
91,1971
52,10210
99,16275
265,11630
37,3583
71,11697
85,6037
71,2559
41,6728
154,15027
68,6739
96,5685
89,1016
102,9887
76,2244
44,1462
51,2552
110,11633
50,2269
108,4983
148,7852
52,7096
72,4093
56,1220
73,5846
77,1573
26,3275
118,4817
58,4906
39,9106
29,8469
222,5019
87,2946
74,11048
126,10599
178,14561
38,13691
50,1740
79,7499
51,954
51,10444
47,7200
146,4097
66,4391
68,4355
40,946
26,2497
58,9649
52,6819
60,4430
52,3319
97,3639
80,3353
123,13618
149,1542
68,8854
44,6021
192,15590
24,8683
126,5824
59,1292
65,3940
50,2696
74,2053
57,15447
76,5431
39,8670
70,2473
44,2998
64,1712
68,1079
74,5912
100,18795
24,5360
56,2620
16,3408
97,10349
92,10134
61,6786
68,2035
31,2613
83,1209
71,2521
94,4531
66,14895
25,1616
43,1344
83,3795
48,10920
103,8512
49,1432
102,2721
29,2262
115,2151
65,1734
57,3054
105,5561
42,8852
42,8725
60,8883
53,12864
49,3279
126,10270
45,8024
104,6807
59,9836
94,12789
99,16548
167,5394
63,7705
44,4143
74,2478
88,3429
41,12301
41,1040
88,7235
116,12282
125,9619
109,10100
37,2668
95,4535
93,5529
57,7840
73,1331
37,11776
60,4815
152,7776
145,14870
77,5045
95,2561
204,18185
42,6649
66,4012
94,5377
70,9439
81,5093
73,1900
52,8858
125,5457
43,2057
28,9541
66,20196
89,9987
74,3580
31,4511
46,9417
113,8513
38,3463
40,4070
97,7242
85,6801
169,3468
126,5534
50,3151
33,1810
46,1707
37,7824
157,14344
81,4728
86,2870
55,9535
145,19011
92,4982
113,11708
60,9454
109,10730
60,1297
59,7243
53,4264
43,2531
162,4801
70,8273
68,5814
103,9955
48,2698
171,18808
149,6350
98,6495
63,3976
111,5052
77,6869
81,5960
159,7798
110,8023
157,15904
60,1299
70,6770
63,7178
25,4810
85,7681
50,6861
67,4761
79,4039
86,5515
83,6805
67,4252
45,10832
67,4308
47,1311
128,6854
117,4776
208,12798
47,892
43,8594
73,4126
88,4138
89,13474
23,2531
73,6277
36,5391
101,9575
74,6830
108,8786
96,1629
84,2228
112,3394
162,3715
36,1549
108,14464
58,999
75,4604
70,4453
101,6691
66,3380
107,4118
159,14872
55,5439
59,13205
105,3075
86,5463
88,3232
73,17594
23,2903
82,3290
91,1994
95,2884
106,7678
75,1782
39,5844
96,16051
26,1231
43,3811
54,11993
63,11859
61,6014
30,4460
66,2201
37,3375
52,7230
46,2075
41,13765
98,11087
71,5300
63,2247
60,3101
121,8417
60,6981
15,1960
118,13460
61,2951
61,8584
32,13342
104,8933
73,6348
40,2711
36,2320
67,1657
256,3634
91,3553
305,4576
78,9919
62,4007
149,10316
93,1961
12,2997
60,9659
51,10536
87,17286
74,9173
47,9402
70,6493
29,3235
37,17409
88,3964
48,11021
45,9151
133,10119
29,3776
97,8099
52,3126
37,3705
68,2576
43,12659
40,2569
14,1517
44,4267
103,2982
45,1716
75,2045
30,12341
66,12848
64,8419
22,2650
86,5730
64,3618
36,1466
79,3103
74,1989
72,3234
121,1770
112,3273
71,10415
76,4809
48,6279
32,7459
47,7453
132,2303
73,11821
73,10712
125,10221
105,4002
67,3488
54,4770
31,4604
66,12930
58,3351
91,6541
110,6906
52,3785
70,2117
160,8510
85,5778
68,4918
37,5283
50,5230
65,2488
43,3325
86,2675
70,1179
40,4350
41,2084
30,7395
34,11190
111,12158
54,1148
75,2699
78,17735
331,16722
54,4138
45,2844
141,14255
76,12716
56,5838
98,9861
405,3857
78,19452
72,3668
14,6566
112,4562
61,1646
68,15888
33,13131
14,2492
109,12328
34,8612
85,2023
197,10311
103,9022
59,10624
123,3529
53,1032
74,6207
40,7033
33,2854
44,4757
72,13054
88,9137
55,7118
55,3401
119,8522
74,2478
79,5316
59,1421
197,9314
49,5656
57,5306
122,3953
89,6016
38,5782
85,3454
100,2751
45,1648
66,4345
77,2070
61,6592
104,6446
56,5351
87,860
46,12153
103,11207
114,17372
81,3436
39,2993
75,6525
71,7711
85,12155
83,6533
49,8036
64,5122
87,2529
105,2967
22,5003
115,4859
120,7068
42,2913
72,4915
41,2483
35,1471
65,9732
124,10271
66,9562
29,14216
107,3627
45,7274
43,3755
50,3453
86,15882
30,10557
51,1392
61,12424
46,5971
75,3112
19,2097
69,13351
60,4452
69,9041
56,3939
50,1343
95,5971
46,7392
84,3792
96,3192
80,6300
89,9418
102,7744
92,6112
68,9483
143,5752
92,13092
123,5067
195,21652
53,16597
58,4202
28,10624
49,17723
51,5192
88,1913
21,3637
97,1977
83,4145
138,1490
21,8282
73,5748
18,4961
69,1481
62,1945
40,12171
73,6308
92,8466
111,10251
78,3303
38,3058
48,9982
46,14690
58,4127
125,5989
43,12680
76,9817
58,2689
40,3841
98,4932
39,8031
59,3958
174,14784
147,14851
47,7179
84,13109
100,1636
96,5004
53,4845
59,8094
136,13777
211,1998
21,5736
115,11196
77,6769
307,12231
74,1734
58,5916
68,4645
85,3902
202,2364
33,1825
48,13413
69,2697
156,8298
228,10936
24,5651
44,6738
70,4458
61,12996
48,1507
73,4080
48,1027
52,14281
35,5944
76,5971
65,5077
44,2215
136,7494
72,1362
32,2349
43,2002
114,11747
52,8519
67,13155
46,6723
40,6556
36,4196
180,3357
86,8387
47,8763
68,7433
64,6217
36,4545
32,9741
55,8203
32,3014
49,778
85,4082
159,15382
80,8118
79,1949
65,2848
148,4880
50,3019
16,5766
135,8868
46,5702
45,5327
58,3354
78,11290
95,16648
76,7511
41,1978
26,4130
99,2042
81,1850
123,5973
140,5970
74,1221
161,5290
97,4326
100,6239
71,6081
80,9704
66,3062
54,6924
70,13609
63,10232
38,7820
75,7398
36,2926
71,12331
113,14257
71,4448
117,17955
26,4249
26,5009
44,2925
57,7537
72,5568
48,1432
92,7753
96,13840
51,5362
122,1940
38,787
27,5371
111,13209
38,12714
67,11113
99,6698
61,13229
118,3092
117,16813
55,3257
49,3218
50,2042
65,7720
36,8249
92,4656
96,6122
23,5988
88,3028
72,9061
107,7186
97,9009
48,13191
32,6259
65,4911
47,4859
85,8205
83,1373
32,2517
31,6009
96,2750
169,23636
30,7319
36,4458
77,3169
135,23864
190,2722
71,2836
75,7155
67,4943
44,5291
85,4206
92,10464
225,7680
42,4112
102,7986
59,4234
117,3316
106,12273
45,2098
62,1958
38,4881
116,6077
114,8522
51,6157
82,2401
61,3465
73,5829
173,8288
111,10136
54,2150
78,8043
101,11505
114,1965
30,1231
237,9730
96,2714
185,4160
53,3510
88,2574
59,11367
44,4407
39,8585
180,5293
34,1775
44,2021
60,3932
69,3478
60,19583
54,4316
127,15001
102,23749
44,5259
30,6271
72,3127
44,8446
48,4033
120,12029
81,5464
103,3137
65,7540
26,12853
43,2628
31,2026
64,9020
85,5554
46,4993
25,2894
81,4024
34,1569
79,3202
71,4003
132,17274
56,10071
156,3956
121,4391
54,4202
231,16274
21,5688
95,8126
100,9795
62,2244
74,3435
79,12114
29,17794
434,12988
37,6117
86,5210
24,5450
83,5507
116,16189
92,4244
93,5415
41,3524
58,2700
46,1045
84,9453
99,4191
68,6558
85,3375
41,5697
88,8557
62,17673
57,5329
86,1777
93,19488
44,13366
52,2039
122,5891
33,3899
67,9939
80,954
91,10550
65,12903
90,6035
78,10861
65,3466
49,11682
68,22365
91,5513
72,3437
198,19329
141,9886
111,4107
33,3592
71,7618
41,1813
70,7877
38,2294
77,932
65,9568
125,18106
27,8670
128,1800
59,6619
52,12190
67,16572
62,3347
40,1355
73,2438
118,8527
49,3539
123,7495
61,2922
84,3713
78,6048
55,4815
46,1060
29,4066
144,9130
307,6682
76,2395
78,2904
43,3702
37,6754
58,4568
91,19010
39,1753
38,3951
52,11432
63,9120
57,3037
103,11471
81,6021
128,2551
146,14010
47,3713
84,3704
81,1511
143,8966
110,11346
68,5462
44,2311
59,615
89,11588
111,24390
29,13270
63,17240
87,3662
381,10055
67,14338
50,1036
70,1641
25,3953
91,15853
58,5802
215,7835
105,2771
58,7620
74,3397
69,1764
49,4375
88,2931
54,4152
41,7572
83,9249
54,11193
289,5358
63,8341
67,12641
34,4596
99,11201
81,2480
37,4109
50,13691
72,5382
78,11779
24,2909
43,20402
39,11387
79,6790
121,8894
74,5305
80,4758
93,12104
95,4466
76,992
124,9656
79,10644
122,20733
142,22552
53,23626
50,1024
51,3123
79,12219
71,10082
72,2808
50,1641
62,13394
73,3080
65,2777
59,3016
31,2448
32,1464
36,10533
96,8255
47,7696
33,8976
103,6925
58,2848
69,4025
70,22975
69,1964
39,2027
102,9317
95,5953
54,4000
39,2850
57,5444
62,7907
95,1814
65,6137
168,11003
80,7230
93,8285
60,1233
72,2008
55,12414
58,2464
86,5225
51,3390
38,5099
73,6230
94,2973
53,3497
26,4190
106,6796
46,11183
45,2810
115,3360
187,7812
45,4202
67,4481
77,1371
65,5396
153,15514
51,18377
76,5181
63,4096
89,1825
122,5282
24,1276
146,2354
111,7509
116,3836
54,2644
42,2695
252,11166
114,15915
72,1561
50,1666
8,1144
110,11384
41,2096
96,5193
118,8821
52,2908
102,4996
36,2548
58,17148
35,1766
56,8667
68,16020
141,2738
102,13027
79,2532
44,1986
99,8102
56,3233
71,5391
57,3756
100,1907
87,18545
173,4061
124,21895
54,14441
103,4466
53,1871
84,16987
52,6739
54,5323
56,2506
61,2439
62,3894
37,1735
67,1655
71,2552
38,3947
181,9957
132,1540
63,25484
91,9163
124,15220
51,6607
55,2541
105,8850
17,5242
42,21603
82,8569
61,6853
41,7232
16,6409
38,6215
52,3926
76,10251
32,8289
15,10758
39,1868
38,6897
114,2309
125,6665
50,3587
96,9548
116,3262
67,2084
63,2287
99,655
95,6749
45,8960
52,14494
105,3729
67,8632
38,2263
36,2236
107,3277
19,7592
156,11146
69,10094
177,17716
188,10187
105,3777
93,4777
73,16038
37,4632
175,8558
100,3484
134,8551
44,5072
48,8931
31,8348
98,6360
80,3115
189,3589
45,2232
38,4337
34,2261
41,3179
110,1894
58,4688
55,9209
98,3505
53,2459
103,11436
56,16591
93,13669
59,2191
71,7856
70,12972
131,5441
60,3259
52,1541
45,3972
55,1445
41,2263
135,1942
95,11976
91,5017
54,4329
128,13581
70,3530
31,4088
73,1186
39,10333
42,2326
71,3378
39,3953
25,4280
56,10010
43,10883
36,3624
40,9585
64,7152
93,12403
32,1785
51,2232
137,11459
110,9244
42,7091
144,14706
86,1552
132,5124
37,2413
77,4396
78,10252
75,6026
108,1965
94,6440
70,5686
194,6045
131,4060
72,7770
41,7309
27,2951
81,7305
29,12946
32,17341
124,9600
44,2738
166,15389
156,2408
45,3236
49,2530
72,21289
67,1855
40,1919
74,8596
69,10181
63,4037
270,16676
56,2018
90,6531
24,8136
47,3474
80,5006
66,1654
63,7183
88,17040
47,12797
50,4461
101,1349
49,4301
72,15002
94,3887
40,2332
42,2728
81,7754
53,2959
83,3238
102,7238
99,4421
44,8201
47,1587
70,5551
42,1629
57,1802
33,3107
159,9913
80,5006
120,7878
86,7822
381,9506
116,16368
56,8403
47,7356
43,6337
31,4495
54,2358
39,15832
75,2485
111,17893
71,1141
87,6696
46,3950
24,1920
74,11366
103,3771
80,9550
41,2311
64,9565
38,2290
48,6095
34,3460
39,3754
79,4360
157,5120
45,3742
40,2771
47,10055
75,6047
36,8124
66,16963
100,11044
41,12209
54,14648
105,7038
43,13899
104,10220
100,6230
135,4938
67,7286
79,11827
67,6808
155,2614
174,8912
105,2051
100,7804
47,4151
123,6670
76,1272
39,10058
105,2504
73,5020
133,1946
125,9321
74,4728
42,5212
61,2255
55,4830
49,4202
90,3424
51,3444
74,15292
75,8357
196,2277
115,12554
56,4654
65,7917
88,14069
20,6671
55,5700
165,3572
37,3216
126,20786
68,3098
77,4233
81,9763
45,7426
21,5451
75,7258
104,9154
64,20319
26,3808
87,6095
48,2777
58,4454
50,1498
73,16656
149,5676
92,14929
50,3657
23,1386
50,4901
368,3414
157,2245
109,7306
51,4523
64,1194
30,1860
127,13505
89,15159
63,6419
85,1605
102,5427
53,4457
88,10717
47,8773
129,3266
74,4397
76,8033
83,4366
59,1977
83,7365
66,1255
36,4519
42,10613
63,6927
44,7133
83,6930
132,2481
58,7372
72,12411
78,3344
78,14723
74,2318
61,2745
105,23873
32,7497
112,17939
94,2397
47,4543
56,5313
107,14206
87,2032
80,7714
143,15119
108,6059
416,4172
62,6517
38,2562
65,9041
63,18046
44,14018
44,11972
94,10245
149,4803
125,8485
52,5029
48,1723
108,5734
124,6592
68,10055
22,1324
62,2611
114,2987
51,6469
37,4521
72,11240
102,12625
101,8715
51,2465
99,14728
102,3834
125,17582
84,12853
143,3392
44,2721
81,16632
34,4585
55,3952
44,5737
313,23851
141,2835
57,3843
92,9034
73,1731
81,11480
103,5260
56,4341
65,10945
114,5533
138,3944
60,16191
109,4091
70,8527
45,6841
16,1670
70,17288
126,3643
111,15266
102,4593
130,3304
57,1268
67,3053
109,2882
45,6721
49,4244
31,4643
122,9453
52,10549
28,4141
53,7015
126,6750
36,4331
188,4182
43,2970
94,11176
172,3300
25,16576
80,3928
22,1758
92,1709
57,5624
149,16498
168,5953
33,2811
44,2592
154,5401
149,7978
153,2813
88,17221
78,23883
106,4994
66,4767
55,2873
63,5294
69,7451
117,5021
58,3209
44,6289
59,5186
158,3508
84,7646
194,8684
64,4234
71,4419
42,5812
90,3154
107,18582
24,11921
69,2140
66,2982
42,5869
66,1952
72,8733
93,4575
96,1294
101,8395
126,9749
94,4932
55,9654
74,18321
62,1932
100,6124
48,3015
64,1877
49,1985
50,5959
57,7775
53,2417
61,16112
25,1750
35,3048
40,4595
36,3402
22,1089
67,6071
149,4586
46,3470
82,8980
31,1721
104,13567
69,6215
145,4827
74,4783
39,10202
59,7424
54,6459
61,7045
46,4459
26,2455
168,5661
69,5831
78,16133
162,9982
60,6056
86,7570
61,2627
64,8767
153,2369
57,1638
111,7455
47,3630
52,2906
82,4678
59,1250
109,7122
52,12808
109,3414
48,2978
75,19189
98,15095
56,1169
102,1493
71,6323
90,10495
102,8501
69,1599
140,9518
48,2796
31,2847
39,4015
64,6892
129,8592
118,10887
87,2914
111,3435
57,8206
92,8855
116,13919
42,5177
44,1205
63,5781
56,4477
128,9029
59,6853
57,7126
49,5978
102,5668
46,5653
37,4516
65,5683
57,12439
45,6162
76,2444
51,3395
55,2957
70,18955
62,7309
86,6990
51,1117
49,5867
94,2562
206,4675
77,10494
61,1708
68,12724
65,1532
28,744
170,5016
91,2377
44,5494
23,5002
52,14150
183,12581
131,5638
29,4796
53,3166
70,4737
89,3191
130,19187
129,10147
33,2610
159,16084
53,16281
89,11092
29,3122
216,9648
66,4915
66,2487
55,699
97,5048
80,5032
66,2621
136,7887
28,3511
53,4723
43,2767
36,2079
128,3358
46,5953
121,16606
252,3462
70,17191
48,5748
70,2841
36,1802
50,2972
63,2476
56,3834
68,16345
168,5469
61,2136
77,660
77,10140
55,3828
22,3917
56,6746
59,2676
95,6057
57,607
56,1756
63,13701
55,1047
73,9807
114,8919
69,2343
99,16466
116,4805
56,6768
58,2839
39,13483
103,8714
75,2396
56,5409
119,4055
45,751
58,9455
101,2473
48,18713
53,3368
59,7457
57,5960
97,10764
116,17370
61,2815
45,1984
81,9754
84,7468
126,5552
99,4044
58,5699
30,3778
20,1333
123,13514
63,3782
78,19718
56,2266
28,5773
36,2726
65,4120
162,10499
50,7058
69,16326
41,4622
53,25755
93,1707
136,8506
52,10065
58,4547
58,2860
101,12814
85,8163
106,9698
49,1285
143,2889
67,5128
106,17796
77,12364
103,1612
15,3583
93,5797
19,2214
49,3617
22,5958
27,15946
63,12335
69,10128
49,7950
106,14772
166,2548
40,7174
74,5825
80,8508
106,2040
65,3295
78,1988
71,1893
587,3273
63,8195
76,5511
136,12864
76,8080
52,9831
81,14616
60,2113
117,6956
63,10209
86,11482
44,8841
28,8713
114,2614
78,4588
84,1898
62,5374
69,2040
27,2372
111,7279
86,5141
68,2971
137,4987
107,3183
38,11308
95,6762
45,10396
88,5724
93,12890
79,3393
170,2987
15,1325
79,19802
63,12085
25,12253
88,4710
53,5331
82,9377
97,8285
71,6238
66,1197
61,994
99,14680
35,12976
61,3297
105,4560
51,2986
143,4373
31,3702
82,13634
49,5533
78,21002
83,3389
82,4241
113,2300
86,1460
101,5298
92,4101
80,20848
103,9006
75,10313
28,1522
19,3871
93,2649
110,12111
47,3620
50,12109
65,3313
128,3773
51,2289
53,8385
92,3038
95,3181
156,2822
98,16901
63,3185
45,3445
37,4538
70,2965
43,7152
30,10168
80,6607
37,5397
103,11804
68,6026
82,2747
62,8294
70,14513
85,2169
42,4451
84,15777
85,4033
47,7594
54,8170
72,12260
44,2264
45,5325
83,6675
41,5039
55,3689
66,1781
69,3569
121,4008
43,5076
155,2799
66,5420
60,10699
53,5754
37,3847
53,4817
81,1469
65,6292
56,2667
36,7693
56,3682
122,2086
51,14675
71,18980
91,8397
198,10990
81,5979
114,11138
48,9082
51,11580
76,4022
45,2833
20,2295
64,9172
38,1276
34,1367
67,21185
104,5019
81,6741
139,3990
50,3088
48,1310
44,7625
49,2211
75,3461
38,1578
73,8514
63,9384
79,12225
48,1899
136,4748
78,1635
38,4319
31,3462
101,3431
93,14081
44,1760
53,9264
55,6497
26,3007
147,6743
47,2958
49,5140
113,8720
52,4250
113,5495
61,4229
44,6846
66,6571
45,3451
48,9704
34,10362
52,7632
236,12914
166,4890
66,8241
107,5180
61,4902
31,1315
51,3652
60,3669
38,6240
67,5017
76,9984
67,6671
53,3081
100,14560
40,7813
50,8638
48,6478
122,2320
65,3267
63,9803
80,8158
75,11689
137,2490
22,2702
104,10185
103,2589
87,4163
79,12409
77,1694
89,15754
132,2884
78,6674
87,1787
85,2985
140,1792
70,3356
17,2029
56,2731
81,3489
51,7949
137,4152
140,7421
17,1939
145,7819
114,8774
36,2719
48,16374
69,3515
44,6158
42,8492
57,12067
120,6703
55,2908
73,1470
74,2614
152,3593
118,5851
59,4770
13,1058
157,12581
61,6043
113,4790
70,5688
58,1685
34,3535
63,8416
127,6949
48,6288
97,3384
124,3069
60,4335
138,12715
116,20315
98,9958
77,7332
83,4574
39,5075
18,2472
77,9228
192,8766
55,3751
159,4203
55,7578
90,2857
84,2453
81,12802
55,5035
100,4333
80,11213
57,8102
24,2004
98,12921
24,7860
97,16534
63,3871
165,5222
117,11105
54,8155
76,3345
101,7467
17,2016
199,3422
24,3961
46,6499
82,4411
108,4091
80,1985
98,5859
51,5181
27,2188
81,9230
21,3598
58,6066
32,1309
82,6106
117,17526
169,13944
112,3411
73,7096
48,3157
51,3510
104,1962
92,2440
55,2120
139,5455
78,2387
92,26497
38,3294
69,1248
108,20345
77,1531
82,10421
112,6833
177,3909
35,1703
111,1966
76,3774
97,8251
85,9092
39,3160
35,4448
33,5037
29,8449
68,2878
81,23266
69,21102
87,2680
104,12418
81,729
76,4017
120,18135
116,20311
93,11139
41,9849
67,2532
60,7561
43,3599
35,4461
29,2741
49,8292
42,1840
59,9440
82,7497
50,5122
79,10890
61,2542
89,3790
112,7801
110,16324
59,11221
61,3413
58,3351
101,11549
45,2604
65,13230
71,3146
44,7515
144,8076
63,13854
106,20644
29,13825
81,10690
103,3429
118,18857
56,4398
54,3413
88,6994
65,8237
119,6256
102,2657
82,6710
22,2100
106,4705
136,6361
74,3880
68,4039
92,13290
124,3119
89,1819
50,5486
103,4831
71,4446
90,15107
50,2556
93,17276
64,13146
45,583
38,2922
33,5429
19,2261
56,13557
65,1807
115,10728
97,11669
58,8780
72,3412
76,2882
66,2314
29,4966
71,11512
57,8103
166,8913
44,4107
89,6843
35,2219
118,10465
20,3585
50,5379
46,4372
39,5132
47,10675
66,6071
62,2838
86,7660
146,7917
95,2310
26,1723
83,2957
45,1474
33,13080
51,5359
81,10304
45,2880
46,12676
99,13827
45,4385
41,3431
100,6873
135,7902
103,8857
19,15687
88,4814
36,3432
69,13328
68,2939
77,1300
67,7263
64,2996
78,3192
51,8391
27,4655
78,1398
68,4917
75,4867
76,4708
174,6852
133,4453
259,6933
55,9625
81,8747
79,8138
43,1485
79,10024
51,6351
49,7092
51,3249
59,11474
161,6457
54,6179
253,21727
63,8674
74,4383
133,10062
43,4080
33,4664
186,11283
72,3633
18,1039
151,7863
46,1600
100,8134
125,7299
65,4125
74,4345
80,1706
93,4838
176,5285
115,3650
86,4903
131,4623
20,2335
62,8054
101,15190
60,9651
37,10911
79,4682
86,6723
125,14500
104,23117
87,4963
53,1021
70,3398
52,2764
98,5927
69,3555
113,2679
71,4016
88,8519
115,5786
64,3210
72,2128
83,7958
66,3083
57,18423
27,704
39,2348
54,8080
99,2931
85,5980
42,3948
28,4731
137,5021
45,4368
59,914
245,7488
108,13916
57,9422
54,6272
29,2719
163,4932
52,7265
104,3013
92,2006
71,8975
289,6263
127,13030
51,3035
118,1747
122,4397
87,4535
115,16290
52,7300
96,1625
83,5894
58,2101
66,8031
28,5135
120,7467
55,13719
69,8610
131,2331
64,3858
30,2211
42,2781
40,2618
110,14008
146,2549
106,7600
84,3272
20,1800
56,1465
66,9020
74,6817
110,2256
130,5572
40,1494
81,6501
83,4369
65,2145
137,6878
54,3666
31,2390
44,1463
58,7735
82,11240
96,2055
29,1120
95,7000
37,8057
163,10827
108,15913
59,16105
37,4438
120,6019
57,11789
36,4185
93,22250
49,8572
90,9734
35,4777
37,1632
63,9515
61,5834
106,8270
98,2658
41,2740
31,8319
23,2165
76,9892
66,1776
78,7807
113,2601
33,5176
71,8765
51,3063
57,1452
54,3876
61,9446
87,11658
103,3058
61,1513
40,3307
167,3409
129,10529
94,4432
73,7108
124,14468
44,3799
203,12114
42,2064
27,1870
93,12051
65,4247
79,4206
110,7529
49,2379
52,3189
44,2288
31,12648
70,15953
57,2787
92,3922
88,7620
21,3947
140,4606
66,14700
56,2482
67,7635
36,1766
111,5210
70,3681
59,6058
63,17645
58,845
89,3375
35,1187
79,10696
130,17593
77,4308
126,12014
86,2861
163,4839
128,5065
125,5613
111,10194
54,2639
79,4073
66,1452
79,6228
48,11345
104,3074
62,16237
147,5224
32,5521
65,4424
53,4642
56,11079
51,3517
76,4649
86,5532
85,1379
31,6536
66,3699
105,7817
119,19540
46,8545
867,11994
36,3043
74,4054
57,5134
53,8142
161,9712
126,17229
75,5144
70,4365
40,3146
58,14533
98,10542
89,12823
103,6509
76,8574
87,592
106,13782
104,4648
93,3965
90,6074
41,3896
131,5929
29,1571
39,4263
207,9882
74,3485
37,5917
172,7910
93,1439
66,6162
92,8792
159,15857
118,16710
58,13716
50,2195
104,6965
45,4457
67,4040
87,2542
69,6461
129,1315
133,1958
137,23590
33,3110
56,7250
107,3075
81,6992
146,5029
62,13073
57,705
65,4098
88,4456
37,10060
129,5135
54,7714
85,4076
63,2708
125,7895
113,9619
95,3892
40,5764
80,3245
29,8903
61,9438
121,11487
84,12173
18,2621
105,9056
77,3041
159,12684
158,4481
22,1675
51,4819
71,7192
62,5288
151,3668
93,4015
49,1397
128,19889
97,6377
32,1857
74,12263
44,7342
32,9325
63,16813
32,7064
62,2592
41,5672
61,3414
43,5684
25,1069
128,8191
43,1487
36,5434
185,19056
129,2535
64,2252
33,17194
56,2821
61,8433
84,12989
104,22890
80,13615
72,3447
47,3638
31,7077
90,12771
72,7019
74,15378
23,5368
92,10096
36,4537
20,3512
85,3940
84,10202
71,3467
57,4009
66,11702
74,5439
99,5013
42,2599
100,2373
23,5272
73,3911
118,2764
127,21701
164,13917
47,9332
44,6820
102,4786
50,8884
37,2779
52,5518
93,8864
58,5672
221,17708
298,9246
54,3325
64,3757
76,5769
78,2923
63,12207
40,2056
102,19287
97,2230
75,3496
91,2437
272,22708
25,4009
48,3276
63,11954
29,1958
99,2168
47,4103
18,1379
21,4777
73,12006
66,1944
35,2772
157,7399
32,10365
45,13511
67,2964
67,9825
146,4618
45,6175
59,12992
39,6848
44,4301
74,1687
107,18013
80,2668
86,7544
49,4042
93,6272
90,2847
49,12187
52,1389
131,18041
48,3782
91,18927
24,8359
30,3062
30,5757
49,2951
49,2382
246,15590
41,4566
30,13220
30,2365
61,8562
154,3518
83,2251
57,1181
88,4571
66,10944
55,9108
46,1071
104,4827
84,4642
83,18987
93,7558
120,1864
64,2147
38,4884
60,3360
59,4512
45,1365
51,930
36,3090
73,1352
93,11040
66,5192
73,4784
91,3871
68,16369
73,2187
102,6911
20,3515
90,7677
61,6221
187,10539
65,6839
58,2866
29,6166
141,12091
170,4962
81,14918
89,3223
60,14102
67,12814
71,10235
88,6529
95,13093
89,3490
206,5194
99,6427
31,6974
51,5543
56,11672
54,4361
126,4074
47,3096
46,3067
195,23709
100,8963
54,8906
83,1526
65,2581
61,9966
51,7957
80,5646
161,5491
55,2702
64,4008
80,23093
147,1956
67,3372
57,1628
73,3899
41,5787
99,3174
325,11872
122,8433
126,1801
44,11661
84,1542
76,4111
62,3107
87,10590
105,3617
124,2520
74,2106
33,3244
91,1862
76,11110
78,18348
49,6466
52,5342
130,8358
120,3006
67,15642
36,2727
137,4288
39,2284
66,3532
106,2260
74,6128
44,3934
93,1874
47,9227
184,10676
78,6723
66,11218
45,1551
49,2784
119,2002
131,4572
39,1275
64,12143
43,3324
32,7257
109,4409
84,2014
112,1165
68,2916
94,15710
35,2007
56,9693
37,1348
68,7067
52,3810
76,4830
77,2165
139,9210
39,2879
20,6148
225,6383
26,2224
43,1979
62,14502
89,1432
58,5170
38,4756
49,10477
59,9378
74,3360
65,9449
56,2831
23,9281
58,10936
47,1009
36,1424
99,2945
37,817
89,18622
38,9196
87,7860
136,16065
67,6291
118,12078
70,4380
91,5988
109,4225
61,5378
132,13195
80,3852
80,4263
142,3138
27,2670
45,3627
153,7239
28,3661
42,3648
41,3407
69,5359
72,3131
222,22727
78,11823
41,8118
183,7650
53,1910
49,6319
68,14558
28,9506
46,9535
52,1204
32,1958
78,2027
32,2277
93,5257
18,2241
118,3287
150,7838
47,2467
61,4999
56,7828
24,2694
94,1301
44,3907
40,9831
90,1589
121,2076
37,3395
514,5737
38,1479
69,5997
48,2016
76,22101
30,10204
209,1317
58,6790
77,14765
54,10784
82,5420
65,1764
129,13740
41,2495
66,2977
65,16798
65,10755
37,6518
42,8745
45,3176
66,20891
37,4958
65,2411
64,1687
44,9708
60,4307
46,4736
94,15052
31,5191
53,11110
141,12201
48,7852
77,754
55,3664
68,1491
52,3813
64,4510
55,6906
37,6294
83,5433
118,1241
104,16218
27,2594
169,8166
60,848
39,2338
78,3443
87,3038
76,7404
117,6888
79,3588
27,2718
60,2923
55,9461
54,11492
44,5542
15,1488
77,5759
114,13998
44,728
128,3587
146,1197
44,3715
61,3470
53,4257
69,13262
53,4966
123,2824
44,4376
41,1603
58,12362
59,1363
104,4606
43,2277
42,1910
112,2444
83,12063
86,6608
67,6347
147,11737
62,12059
39,1581
39,1076
33,7213
57,2127
133,15896
160,3187
85,6715
54,5682
53,6471
91,5937
78,24402
89,11434
45,2587
66,2288
111,16601
95,2429
97,3300
39,2167
37,5617
67,3354
82,5597
57,5574
48,5947
74,11323
95,6873
67,13395
53,5657
62,5801
153,10968
57,6650
20,2763
54,10987
52,3760
184,15723
56,8385
57,8230
116,10861
92,4568
59,9105
58,2588
52,5109
17,1183
188,16984
41,4247
134,5868
66,6213
28,1293
87,9632
112,10915
98,3586
65,2877
40,9305
63,7508
137,7260
342,8339
59,9165
129,7692
42,10198
85,2169
34,5009
61,11146
81,3887
61,10872
95,14531
96,16262
44,5715
120,2459
38,2340
45,2689
122,4288
89,4824
59,8337
41,2019
37,9241
56,10837
57,4427
49,2997
117,4706
77,2069
89,19332
64,11972
93,8215
50,6542
100,5185
33,4681
93,7080
81,9993
37,1219
72,5967
21,1986
92,11465
39,1960
34,2852
74,7149
58,5024
151,2649
78,1469
123,15682
30,1350
66,10670
26,10092
51,9329
68,12004
40,4902
61,7337
60,1503
77,2751
41,2883
117,1998
166,9150
96,11602
53,8714
246,3882
36,10356
74,4369
46,5186
58,2930
42,15330
122,3585
9,2236
214,10903
71,4219
118,6783
52,2226
48,1240
42,3927
40,15942
83,9697
191,22078
89,11457
35,1193
52,2777
71,16453
211,5972
61,13203
46,4159
40,9870
60,14306
121,4866
61,5124
58,8753
70,6082
77,1916
42,16468
95,4848
42,9213
85,3382
89,7289
90,10030
92,3799
86,14435
59,5068
93,7813
34,6674
66,1857
66,2204
87,1026
118,4709
69,4450
21,5168
77,15171
79,605
123,4213
129,6358
59,3445
91,7045
79,6932
79,3532
49,3089
73,6036
79,12358
102,4476
75,3598
82,7824
96,4189
65,2462
100,2917
32,2814
144,7808
118,13163
44,2242
128,1752
106,8990
70,6608
61,4748
67,3372
122,2816
76,1216
64,6800
78,17047
51,1764
56,4814
63,18888
100,4048
75,4887
43,9077
45,3064
109,15492
27,11477
46,2377
63,7936
72,9453
80,6550
95,4200
52,4569
107,9389
34,3175
48,8407
74,7769
58,4123
110,1570
42,4625
73,12159
24,1298
35,2966
44,6667
33,12415
172,1927
100,18565
78,2024
88,10165
59,5498
31,3261
55,2598
185,2072
144,9684
79,1090
117,3222
27,13269
25,2398
79,4228
116,4477
76,9327
46,7102
194,22726
114,5013
106,10287
68,1213
28,3466
143,4774
56,11182
45,4468
37,2739
111,4515
60,5767
28,2675
82,2408
60,8778
464,6451
175,16533
46,3741
49,6202
104,2753
30,2688
138,5255
23,11077
151,2985
175,20911
59,11317
36,1993
50,11144
32,2588
61,11405
52,6759
115,3965
63,13266
114,5377
88,6392
44,1802
95,1204
67,4115
98,2096
53,9894
27,5657
44,1822
84,4342
47,3878
97,7815
106,2486
73,5251
126,7532
47,15363
83,2193
98,6688
59,1065
50,6044
78,11313
48,4929
110,19467
105,18638
133,7852
112,2162
73,11829
30,13250
97,13651
136,7855
102,15206
75,3787
53,2659
88,7844
45,6141
93,2702
55,6815
100,2911
107,2275
41,3878
110,4256
24,5417
106,2204
57,2047
54,11958
75,3450
129,2980
84,1640
169,6204
32,13828
49,4237
78,1901
112,3000
136,5664
69,2734
143,6811
88,5787
87,2575
56,2641
63,5199
87,5692
35,5885
49,2061
64,2627
88,7323
110,5153
64,5509
56,5547
45,4500
49,1596
18,1203
175,14689
103,7911
45,1687
29,4629
68,5108
79,5193
89,2456
68,1160
60,4079
37,1345
48,3152
84,6021
144,4297
92,15340
58,6750
60,1506
23,3529
86,4758
42,1986
94,3958
113,4454
73,4395
104,15904
108,7095
32,2969
239,3150
122,2283
45,1922
79,3055
42,4664
47,5995
79,5037
22,2356
117,1674
104,4432
143,8658
77,9941
59,8734
24,8088
42,10838
66,4649
70,3840
114,5040
84,3009
25,1828
66,13151
57,6706
90,2070
59,13073
111,5202
74,2362
86,7621
45,16459
33,2808
54,2162
43,4700
137,4404
61,7464
107,3465
41,4146
63,3823
86,3657
70,1958
50,1742
115,8674
81,7335
53,2932
59,4706
56,2815
99,20231
54,3458
68,5899
35,4542
100,6021
120,4273
107,6183
157,10995
62,2647
31,2429
62,24030
77,2675
35,4289
60,3860
44,11740
28,4609
153,13147
39,2798
52,2004
130,3571
65,2225
67,3990
203,2991
38,1923
65,7143
44,9964
64,1268
106,14330
84,17652
136,13021
64,3811
59,3524
69,9850
66,14259
53,4293
104,5881
23,1537
47,8366
151,6690
165,2437
89,13802
109,6002
39,2253
53,6665
68,2081
47,4560
103,10805
130,5514
30,3022
72,4519
21,1851
44,2038
135,8096
54,7352
47,4210
61,1471
25,1782
35,4968
71,3797
60,1488
44,1899
55,5265
35,3956
29,4250
89,7104
53,9105
96,2202
35,2647
226,2373
52,2892
58,8095
129,6859
41,1850
48,2555
39,2669
48,4849
70,7583
78,16410
104,5080
77,11025
67,7531
40,956
69,1587
47,8096
58,6995
50,7915
129,2094
175,1904
66,2659
98,9390
48,4727
60,2396
66,3565
95,4039
37,14806
44,3017
49,653
15,3932
115,13153
51,16262
71,11417
90,6365
71,7362
51,6246
136,7752
27,5640
131,10140
62,3528
125,3311
55,2944
104,15457
56,4898
17,3746
48,6057
107,2355
51,7212
79,5021
74,19823
36,3614
64,20055
50,4624
32,3006
78,14017
64,7229
60,3756
54,6661
102,3505
61,11679
32,13945
45,4937
88,14922
263,2639
57,2185
45,14127
79,14330
31,8149
144,2562
93,9526
152,2226
60,6598
83,3976
77,9781
45,4524
135,2147
61,2896
81,4093
48,3416
63,1693
39,3276
58,1699
47,12901
56,12406
274,10787
54,2845
125,2246
143,20924
92,5203
120,15435
69,6890
68,5124
102,1596
49,1034
45,15456
64,4315
38,7638
97,12560
64,2565
90,3894
47,6007
23,2787
45,10952
68,12277
48,1433
152,3169
131,5815
278,1881
108,13866
85,5440
72,11019
120,4599
95,6534
35,11534
44,2548
47,3552
32,3101
62,16054
38,16457
112,7182
41,3034
163,18269
33,15260
22,1801
23,1500
93,6804
150,11729
37,8065
52,8559
149,6198
70,1864
132,6245
99,14262
29,3032
104,6050
32,2323
65,9335
30,4750
47,7301
63,12599
48,5908
36,10891
57,7407
123,5478
43,983
27,3477
103,7664
116,1882
81,4689
109,3081
84,4459
49,12681
200,6128
147,2902
42,2101
60,11126
63,3507
112,11532
42,2040
36,3644
168,11787
31,5379
68,15950
117,5216
71,8630
21,4760
71,5876
118,13184
105,7805
54,5917
148,5672
38,14899
94,6211
47,3230
111,18204
44,5380
73,1783
108,17657
76,8095
249,2789
206,14844
107,4167
140,8350
72,6530
91,19258
76,4849
66,9091
36,4743
81,1712
49,3510
128,3226
62,7937
193,9314
61,12695
84,6874
96,5780
66,3330
47,11026
60,2782
45,5654
45,6529
84,13558
66,1461
97,7767
174,10253
95,3233
54,12847
47,3590
264,8881
118,13610
103,19867
23,2393
65,3604
97,2108
71,8009
64,5266
73,14493
59,9682
41,3510
55,6303
118,6262
67,6729
53,2783
182,9029
46,2095
82,4903
28,8551
129,17438
112,1910
75,2151
89,2158
111,5344
51,5321
69,5667
30,3435
93,7682
35,1202
171,6555
43,837
119,4305
137,2987
50,15285
67,997
28,2421
77,3243
104,2052
59,2310
94,2247
142,7628
74,731
86,5310
77,1886
48,7703
63,9248
73,9812
91,2218
28,4913
67,4714
77,8877
46,5772
86,9285
68,7952
45,5462
89,3819
37,4434
269,2280
21,2167
39,3506
58,6219
47,6950
87,5439
39,10435
153,11186
47,4902
58,6842
120,4100
211,14294
35,2161
36,11955
173,1984
57,2436
59,1385
27,2136
51,5320
76,2596
61,8879
49,3418
64,2412
37,7394
52,2836
51,1737
27,4169
67,7323
56,11785
45,6409
24,5883
42,1242
118,7756
26,1575
46,1911
150,3723
49,4336
50,5162
88,6948
94,3941
26,4450
104,2982
39,4410
95,4438
95,8605
63,2559
60,1572
82,3612
110,17483
48,2118
74,8016
20,6515
129,8273
135,8419
151,4517
109,7089
42,3828
36,3974
240,5673
164,8284
42,5860
117,2329
113,3289
95,8937
38,4043
132,16124
73,3229
50,996
49,4686
76,12270
132,13211
178,6989
57,5755
52,9186
109,3362
37,3996
133,3522
108,17063
79,4140
51,13951
53,7628
92,7936
54,2016
63,2297
21,1996
69,1605
125,15257
35,575
50,5262
47,9550
98,16336
63,2889
43,2539
128,7371
65,5549
92,16224
90,4273
72,5285
111,13367
90,7663
45,2511
97,3143
58,16554
79,13159
87,5861
46,680
85,1455
71,840
94,11759
154,4869
107,2927
64,6459
51,11233
38,876
86,5152
31,6711
35,1576
122,8768
78,16946
78,3133
42,4103
112,8437
153,12859
132,5628
89,19142
79,7781
80,3149
174,6562
79,1592
50,3222
43,1876
74,4225
118,4968
93,3646
48,8901
69,10115
60,2805
86,19397
91,4732
165,11228
73,3429
109,10845
172,11468
48,2444
104,16695
44,8687
69,9857
115,4728
159,3229
201,4900
125,2904
117,7114
78,14511
87,10068
44,8183
40,1190
619,3097
125,3751
66,7941
46,4645
43,5892
66,7571
57,13243
75,6520
48,4086
56,2850
28,890
80,5679
72,9102
15,3273
176,5777
119,10553
46,10792
91,8457
35,2605
56,5250
72,14866
72,5976
52,8677
31,11442
48,7123
66,2422
51,2680
25,3742
77,6012
53,8851
32,3021
47,2893
49,1347
99,12443
35,2316
52,4068
92,2726
57,3247
65,1623
135,5856
78,4214
33,1960
74,8737
44,4051
83,4229
137,21077
67,19533
48,2289
86,5915
99,12958
132,17245
94,5563
64,5438
70,10934
86,4740
49,5004
54,11946
51,2798
56,8164
74,7242
100,5115
247,2741
61,705
146,6442
44,8353
98,3205
22,2306
58,3070
32,2808
41,4226
57,5666
104,7727
39,3590
39,1402
24,2249
95,4656
20,3544
64,5160
46,7293
65,19916
80,6782
42,1293
61,20767
117,21172
64,11009
39,7020
84,3668
26,4226
64,2923
39,5317
24,3676
100,2505
60,6468
29,4787
227,9689
85,6775
120,15791
92,15779
74,18830
348,19151
87,1979
61,5637
78,4127
93,14086
66,3898
79,7614
108,2499
60,5873
57,2757
85,3919
85,6228
24,3529
59,4573
43,1667
48,3469
86,8776
55,1198
55,10502
78,3702
142,11084
127,12117
51,5525
104,2720
32,1272
54,10618
72,18983
65,5004
17,5503
85,2399
98,3342
124,5960
65,4645
66,19484
46,8631
32,5374
66,7617
105,11650
57,9496
30,1700
61,13813
28,2245
99,4666
72,974
38,4764
151,5026
112,11509
85,5407
87,10713
21,3012
32,8005
81,5336
42,7250
84,11064
84,2247
82,4915
48,20370
137,3857
95,2559
32,2893
67,4741
105,5727
41,3859
61,11809
208,2559
111,7526
52,10755
37,7382
109,18558
54,9799
98,10684
68,3585
132,12160
60,8806
100,5418
90,2418
116,12461
141,14474
82,9343
95,9074
106,6588
86,4187
56,4492
113,3627
89,8572
89,6529
82,11726
57,4046
36,5620
50,2168
33,2324
101,2505
71,14319
35,1487
96,16682
93,3414
96,1706
37,1381
152,5689
37,1990
72,6283
67,4917
70,8115
41,2352
87,12027
109,6182
45,6997
52,13905
89,3833
69,6617
64,953
40,3266
58,4753
69,10136
62,4195
101,2155
50,2722
146,8452
92,18600
37,2194
62,7273
124,5405
100,5573
92,5702
41,5227
57,13591
35,3789
55,4006
45,2794
57,2436
78,7038
59,3942
92,7070
40,8826
60,4586
62,2467
81,3389
16,980
178,6402
75,5228
76,12800
108,3294
72,4225
72,2367
27,2060
47,13376
46,3550
24,14259
50,3288
76,2871
55,7670
82,7191
131,7588
50,2985
138,12772
29,4629
143,6009
70,8299
58,5401
507,2036
90,6374
82,1770
77,2170
29,11219
118,4621
91,12912
52,1674
49,3085
65,2576
101,2084
96,6767
71,8124
40,2709
58,1118
64,1474
123,15877
50,7532
36,3501
26,2753
87,12915
36,2856
37,3851
87,5774
104,6208
92,16779
139,897
40,4306
86,2452
53,2362
112,3989
111,1495
149,6262
60,4056
396,2339
27,10827
71,2669
62,2191
45,8340
120,1753
48,4914
70,9565
245,4372
72,9925
31,1763
41,1860
123,6840
69,4913
110,4606
102,12872
116,13991
41,3395
64,4566
64,14340
66,1859
88,3926
32,6137
80,2224
128,20419
70,3642
122,5416
125,3757
61,2752
47,6792
61,8027
36,21874
167,4810
85,1090
53,8407
61,2240
35,4383
48,2593
35,1818
172,3370
36,8238
25,8128
32,5069
45,2827
40,12547
59,15348
32,2794
102,2644
43,3541
62,2105
23,4400
51,2026
47,4876
40,1687
61,3692
38,3321
50,8087
93,15176
36,4399
116,5567
94,12042
54,3838
63,7367
30,15017
93,15410
85,9760
35,12978
33,1802
56,2954
51,8032
83,8302
66,6889
49,7431
46,4218
71,3257
64,5183
47,5778
115,8208
128,1825
25,4228
101,7885
68,7570
76,3353
45,1358
56,10613
81,3291
70,2290
75,17766
114,3324
34,1681
100,10933
107,18703
56,2936
97,10041
81,20322
29,2421
25,4747
112,12977
46,8689
39,3777
117,10375
87,8763
58,10617
86,5444
77,2651
69,14372
71,5100
35,18411
46,5921
133,4930
68,5857
94,12041
67,3714
37,10840
73,5434
86,2071
131,6022
59,6190
42,11716
54,6218
69,13372
62,14323
75,13308
148,5872
47,5763
79,1718
49,3005
44,4723
23,2723
62,2186
52,1526
103,3975
172,3687
44,1156
68,1429
130,3336
96,8925
63,12740
65,4541
94,1452
118,12475
121,12174
109,4783
107,12060
85,9898
98,5316
56,7159
48,3595
69,1992
70,6165
64,8269
60,5791
109,2416
65,10447
105,7750
67,7804
54,2481
47,2722
51,8332
55,5221
89,4625
80,1696
87,6263
81,11850
55,3792
100,3021
113,2450
92,12953
118,4948
81,2869
64,19991
74,4244
194,6978
155,9370
61,1486
63,6444
45,6022
157,4150
120,4694
79,1553
86,6337
64,2462
130,3559
47,1306
142,9863
128,6826
75,3975
41,6700
72,6723
53,12520
63,5490
67,13098
64,1104
37,1822
91,2610
25,19236
55,8205
96,1973
214,4530
40,6487
67,2458
43,1931
72,14745
82,3158
57,5098
243,10519
41,3495
137,17619
47,12299
124,3883
66,1749
39,7772
56,3162
92,17555
116,1260
92,6940
90,4023
58,4250
90,5720
121,5416
83,9139
68,19818
84,6932
64,1344
78,13548
36,6952
86,6864
73,11052
47,1172
56,11664
93,2382
91,9239
39,2389
34,3841
121,5312
84,12759
142,10383
80,11666
124,12055
64,5237
55,3674
53,18416
67,14260
142,9504
76,2530
61,1914
57,2688
120,2892
100,3648
54,10358
126,7926
54,5591
62,1530
79,18311
45,3849
35,1031
62,11536
135,3108
120,4360
102,8731
98,3080
27,1881
48,3993
75,9266
123,9992
21,1878
117,15038
23,6282
68,8468
71,3510
61,4316
49,8265
47,1943
88,1223
54,3703
157,7452
125,8717
62,4087
62,8417
102,4920
57,7660
36,2913
47,2148
97,10280
70,6849
57,9127
162,6119
232,7855
60,2472
38,2243
46,2782
100,16250
46,6651
52,3063
149,7915
69,4152
118,3668
119,5467
47,3157
122,2053
84,20499
122,21120
29,3332
76,10023
47,1649
91,4200
107,9511
25,3577
144,17410
86,6193
73,2241
134,6936
111,8412
44,10241
29,1970
126,1668
55,5763
88,3081
74,10094
38,6486
84,8832
48,3897
150,4967
46,4870
75,5358
95,4931
49,2747
27,4807
56,6804
62,7168
93,10893
77,3882
64,2649
27,6871
54,14682
108,1830
90,3479
61,4761
51,9093
73,8092
42,8781
45,10337
110,9134
31,3699
96,10165
85,3422
35,7777
100,6163
36,2379
104,2435
53,3290
44,1856
49,1542
156,5323
88,3684
73,2876
64,7518
55,15516
77,5810
76,11671
167,5912
74,8045
151,7045
52,16859
79,5692
37,14137
146,1931
77,2411
35,9410
235,3319
40,2312
92,10995
39,12349
47,1803
57,15987
85,7505
42,4538
70,16095
122,10069
88,1071
76,4538
58,11988
56,10307
84,8068
63,1911
108,13682
97,2580
55,15754
106,5549
92,6553
37,4620
35,2079
66,1262
128,2553
129,6662
66,2524
119,6679
30,1089
31,2272
88,9562
86,3103
34,6770
79,5730
57,2464
33,3836
73,4465
48,7862
60,4202
18,5473
125,5897
68,9993
72,1960
45,3489
75,2703
39,4649
42,2185
111,1817
78,1618
17,1255
67,2572
52,16445
73,3093
54,3698
43,5569
186,16521
91,2316
88,1424
66,5408
127,5349
45,7371
65,3462
110,11979
218,10105
79,5094
99,14442
91,4601
60,13056
43,3528
80,1707
58,1167
69,2882
206,7004
65,12768
140,6486
84,10642
95,2954
35,4509
55,2851
82,2236
37,5427
82,2485
162,12679
89,1577
90,14820
70,13422
67,1795
95,15750
59,1732
49,3153
59,12144
94,9641
102,15747
47,6117
51,4214
54,3884
114,5903
38,17784
75,7123
40,2391
42,11736
39,4705
103,14639
190,16479
141,2212
43,3353
43,12692
25,2140
42,6767
51,12581
30,2072
45,5378
44,3685
112,11297
119,14372
31,3620
57,10178
173,8446
28,2973
154,3300
84,3680
75,4494
195,6294
77,3631
39,3749
39,3330
50,1473
102,4751
53,1719
76,14602
70,3462
72,6260
60,12687
48,823
55,5437
52,3528
53,20756
89,9898
68,6932
75,7433
43,3467
60,18696
72,8758
45,14005
107,8114
86,6202
49,3119
70,8253
148,7032
65,6165
70,9462
57,5205
93,15795
126,7311
77,14366
52,15117
55,6557
44,3926
38,2585
64,17298
91,17650
134,2907
157,14677
32,4912
52,11510
169,15181
89,5556
121,10350
83,5009
49,6879
147,16710
30,2705
136,4393
49,4160
81,5319
61,5923
83,12613
82,9321
246,11041
45,11376
68,17317
33,1425
48,4418
96,12703
55,2582
48,9891
56,13537
128,15460
67,4525
56,5410
107,17566
105,2552
116,2810
47,5132
113,10855
217,18534
72,13103
41,2467
32,9875
34,13281
103,4205
58,2598
32,1913
31,3192
77,2015
90,6503
147,1967
39,9037
61,2400
52,7890
62,2877
105,4807
12,3096
95,5589
92,5919
27,4990
98,2414
36,7782
59,7366
70,6496
69,7440
41,3410
71,12500
71,2767
71,1568
36,5069
78,8311
31,1507
72,2279
61,8246
76,3282
72,1781
70,4726
78,9802
85,9319
45,16599
56,4613
30,2435
104,10722
19,7563
84,14899
59,11822
166,1449
183,18628
56,14951
28,6343
68,6418
68,4417
105,4163
58,8167
36,3675
59,4483
66,9112
72,4648
156,11393
77,1623
77,1715
92,1900
128,6674
72,5195
65,2377
40,1302
60,11237
62,3075
79,5616
26,10726
71,2337
69,4836
88,14893
103,8491
142,8945
163,6803
163,4361
46,4088
40,2047
52,612
99,1692
128,18188
114,3298
77,5166
57,4003
34,6028
62,12215
77,1590
166,17797
42,9075
64,8786
43,2178
94,2521
53,10853
87,18470
51,8234
129,1945
32,4788
168,9777
34,2180
89,2485
80,1331
92,3026
80,1935
45,6044
49,1245
70,8885
115,5652
41,13961
52,2189
76,7785
17,2894
75,3396
59,6808
41,4561
45,2561
174,16489
115,16740
102,5589
168,14959
32,2781
70,6508
43,2466
116,7267
94,1667
99,9114
36,7248
113,8890
64,15416
154,6852
32,2226
78,2377
81,2828
86,16355
82,16725
124,7365
63,7959
123,5302
55,2958
126,15822
70,9564
27,2460
109,3374
55,7762
69,15709
38,1968
79,10467
74,18276
52,2187
51,10706
79,4352
46,12191
78,4285
74,7925
26,2220
88,8579
76,2703
55,17469
55,6012
50,3389
41,1689
230,10346
62,4984
60,13409
64,5595
83,6574
87,1807
41,6647
41,10142
50,4656
75,4822
216,4617
67,3123
57,1707
81,15784
80,7824
40,6083
55,3012
65,8756
69,1156
38,2567
158,14953
71,2863
93,9539
73,5874
88,3954
66,1048
88,2423
68,3560
85,3843
156,5309
39,9211
42,4248
103,4816
294,9724
41,10640
80,4364
36,5399
83,7009
20,2859
77,10097
42,7091
83,5887
73,4404
33,10590
119,15641
117,5778
95,4248
55,4113
57,6299
142,13650
29,981
47,1816
53,2765
41,1552
54,4891
46,1820
76,5159
122,1918
42,5246
52,2064
78,3136
58,2125
59,7044
244,18661
54,1009
74,6112
78,14875
40,1928
146,2633
224,16880
48,2649
72,18913
168,4755
89,1602
115,3716
59,4559
56,9979
144,6148
97,12945
81,8550
80,3366
73,2801
51,3118
56,2475
57,3715
70,4467
39,1321
63,1862
112,19753
80,5093
123,14071
34,7342
227,7595
32,4777
26,2914
53,4649
76,5592
71,3611
56,2438
82,2395
151,11883
79,1498
69,8534
32,3218
114,7654
172,7013
26,3991
25,5223
98,11527
50,6526
49,5607
202,3471
41,5036
107,6570
31,7279
82,2738
94,5302
96,3450
67,3570
44,2754
86,2951
71,5167
100,7372
80,2653
103,16310
66,5674
90,4566
88,3518
110,5766
37,4091
35,8216
66,1891
97,3208
149,3388
25,16235
77,5577
33,1639
50,4262
35,2945
96,14126
35,7822
73,917
138,14670
121,5679
65,5382
95,8431
43,5455
95,3146
86,5072
52,12547
47,7504
40,2843
39,8822
80,2763
89,2866
224,14645
52,877
80,5025
105,16757
47,19227
111,3141
34,2446
71,3714
53,2760
23,2838
58,1181
122,8682
73,1329
53,9250
65,16881
51,9382
95,6590
80,3728
102,15069
110,1820
65,2707
52,3716
285,12963
92,12212
174,3110
64,11962
66,8994
33,4073
53,4537
174,18179
33,11994
95,3030
183,2023
84,7123
90,3409
18,2089
105,11063
59,3736
43,1219
47,3125
72,3036
85,2712
21,4540
45,7472
53,5572
48,10952
109,3901
52,2983
60,3585
43,2372
53,3966
41,2325
44,6619
56,2748
85,9006
102,4334
93,15691
37,4045
136,10636
178,7085
41,3768
124,15072
108,10521
62,3702
65,9757
25,4571
163,1752
182,1607
99,3132
270,8067
59,3545
76,7354
97,11256
76,1956
41,8245
104,8936
66,4517
35,3725
124,8325
40,11965
73,6571
144,16643
157,7705
62,4289
143,3070
66,7758
34,8041
112,6637
45,2314
116,9707
39,5712
50,3855
155,2235
46,2241
94,3553
47,11449
38,3646
32,6519
74,5457
52,7048
48,12168
58,3134
206,10790
104,3436
46,1933
125,7678
41,1935
41,15406
61,3436
36,1739
102,5727
68,3634
41,1830
40,2958
60,4459
176,10715
57,5639
80,7865
69,9672
51,18321
111,1665
53,15890
101,4333
61,8555
69,3394
80,2247
121,10164
35,2738
104,5008
144,14587
163,15307
98,17028
95,7741
47,2380
57,3459
25,5550
72,8755
71,4218
39,1951
54,10135
49,2173
93,8140
53,5436
50,11945
151,3541
80,1630
167,17857
133,8597
98,17006
40,2371
94,20609
57,6013
203,6639
101,16396
153,3778
32,4004
37,4105
36,1336
417,9910
201,11018
54,3474
99,12914
18,1628
64,10449
66,14905
140,3380
76,3102
37,2215
41,2616
220,16586
72,1537
54,6404
126,2547
74,1391
170,9811
116,13969
35,3552
103,2341
25,4984
46,3853
85,4356
57,2065
138,4636
79,9931
53,7049
94,9663
40,4953
37,1735
115,6834
69,3177
40,3416
106,20258
74,4082
89,18383
49,3014
380,6862
128,4030
120,2059
40,3842
106,14962
35,3384
90,11700
87,4689
50,2946
27,2622
134,3077
70,9196
125,9489
60,4093
80,2109
49,9421
91,13659
90,3573
55,2199
26,4242
76,9760
52,1745
24,8482
106,9509
72,9882
203,7849
28,2265
66,9447
77,3070
74,13175
40,3452
98,7107
97,4725
16,9673
138,13842
112,9728
35,7269
133,11999
31,16427
121,18671
80,3192
84,10513
177,15575
28,2747
45,3034
98,3239
107,8555
94,14309
127,6615
52,6474
85,1853
59,8514
82,5461
78,3259
49,7360
118,2567
68,6577
71,10260
84,3895
57,1451
70,1995
71,6417
117,7481
68,5453
134,11488
137,13067
76,4646
141,9103
63,16071
77,5401
80,9803
44,865
78,10475
101,5502
64,1552
115,14439
100,4703
93,4159
21,2483
58,7450
66,2898
63,13979
46,5346
22,1433
150,15718
71,8050
55,8669
41,6219
172,16700
41,3022
44,6419
75,3087
98,12325
37,5051
111,3643
84,2777
112,5090
52,3567
103,2579
26,1631
32,9192
101,4094
59,3691
100,18919
47,2233
59,4802
49,3128
41,1940
70,4085
137,16440
118,3665
69,1397
81,13295
83,9363
148,1466
33,4804
67,2052
34,2814
33,4408
43,2187
68,2072
65,531
51,3007
89,3556
57,6442
95,11668
104,3763
42,9597
54,7531
60,17339
118,11680
65,2748
36,3290
61,1582
129,1145
60,5629
82,13091
128,3111
45,5354
63,13001
102,4643
66,12549
91,12848
46,3871
120,7336
67,2674
61,6213
38,7635
60,7971
74,7842
127,3020
35,4702
174,16637
101,18333
56,14583
230,12840
62,2443
28,2281
58,3398
90,2276
43,3161
55,5443
204,3281
99,2440
89,5451
60,9966
55,11923
58,16258
132,3717
103,17670
79,5174
68,10023
70,10041
64,2058
96,4050
60,8297
65,2260
65,3216
51,2622
44,5057
37,1858
62,14924
127,18821
107,6300
105,4408
67,10810
90,10680
102,2249
99,2123
164,5884
135,18394
85,11679
51,3674
107,2226
69,8029
54,2119
60,5772
95,10532
90,5579
54,2112
129,4100
96,10466
105,8309
74,4562
82,8308
84,4901
82,701
111,11704
107,4275
72,12210
161,9951
44,4196
113,2273
64,1614
57,1129
74,3583
52,3117
104,8000
122,11542
60,12568
69,2761
41,12774
124,8899
28,2126
79,2210
67,9686
52,2334
62,7439
35,2337
89,10896
68,5016
54,4267
100,2319
42,2557
79,2466
62,11872
59,10924
44,2781
96,2185
88,3375
56,6223
49,2042
33,3809
72,2193
100,9109
65,7304
71,15956
144,4011
74,3289
40,5524
85,13763
133,2042
37,2398
28,1608
34,4941
109,8140
35,3002
59,5560
140,3563
145,15133
112,2526
26,8633
40,2028
48,5069
108,10527
71,15140
41,2278
84,2621
77,13459
21,1911
34,4861
72,4082
56,14980
111,3645
66,8085
56,7506
37,3615
47,15686
37,13249
93,7432
80,1185
72,1924
81,8740
49,5310
65,5740
47,5871
83,5266
31,11786
102,9974
77,5812
60,17168
140,3882
74,4925
67,2575
78,4024
148,13444
102,3009
52,9449
86,3157
43,3636
103,1661
82,4851
83,6669
12,4937
86,2416
82,1441
98,1202
62,3527
177,5680
45,5945
91,13838
156,4846
61,1459
39,1663
38,6307
57,2947
56,2271
130,14499
76,2739
71,14934
24,2599
80,15889
30,2259
101,12396
35,3645
114,17356
33,1443
68,2038
90,4451
77,2625
99,2802
27,3881
70,4539
39,2240
133,7570
51,11821
29,1133
73,2070
59,2871
19,2593
84,4744
24,5273
170,16399
75,6944
66,3201
103,2233
30,10585
46,6328
295,13355
98,7745
93,7439
82,3520
87,17812
39,10625
125,6979
27,11220
57,2781
74,10033
78,3025
115,6711
40,6474
59,4390
44,11120
86,10984
88,2846
89,5792
81,11215
47,4775
73,2632
80,14288
61,2642
65,9091
81,1082
52,4426
62,4221
53,1441
41,2126
42,880
142,12405
140,17466
109,9172
39,1541
36,1974
18,2582
48,4161
55,7888
95,1794
45,4803
16,1338
93,5755
111,8110
154,7312
118,10857
116,5563
25,1297
54,2481
74,6282
91,19955
70,5188
78,3360
121,6765
106,4296
123,2706
64,3388
98,8798
59,1841
84,13387
96,2596
69,3837
88,3650
30,5963
68,4949
98,15532
66,4123
83,3880
59,2349
98,16504
71,13396
41,3817
47,6739
117,11410
62,8754
130,3227
109,10330
88,8295
70,1332
54,13614
47,7790
63,3104
109,4070
55,6765
38,5372
55,3194
93,2742
165,3662
58,1418
77,1106
65,1945
84,1171
18,1817
71,8838
106,8859
36,7957
40,2741
66,2725
91,19900
112,6735
52,2496
73,1044
84,5192
51,12795
33,10226
100,14809
110,18048
48,992
225,5435
35,1849
50,2850
135,11905
55,7383
52,5523
86,1731
55,6516
70,9224
37,1312
30,12693
42,1986
199,10778
65,16502
34,5546
43,1618
163,7681
52,12005
122,4079
61,9659
47,2464
94,6104
178,24291
75,5458
34,2124
83,2516
60,1189
178,4972
75,4779
71,12197
57,12450
81,8086
60,1844
29,5262
54,7162
44,2179
75,8079
32,8165
139,8417
75,3929
44,13617
64,1626
123,4045
69,17363
74,1991
76,1133
61,1155
155,12871
70,2794
131,2961
69,5721
56,3653
32,4761
118,9035
54,11725
94,6639
40,1491
40,2914
71,4196
80,5283
107,6268
126,3390
88,9989
66,8793
100,4785
68,10309
26,3747
119,6247
301,4949
82,13998
104,13462
107,7474
117,3395
68,5181
41,5474
64,6712
103,3507
85,1927
101,2432
44,10812
35,11772
62,1760
74,5822
94,4571
280,2435
125,3504
36,7474
55,7017
87,7637
118,17383
25,2387
73,3009
43,2479
122,3926
46,16973
94,4265
80,8068
29,13369
53,4375
116,6218
62,3507
80,4197
78,7945
67,820
98,7298
95,5395
61,3204
65,17843
69,16140
119,8918
150,2861
112,7990
103,3130
72,7986
73,5045
41,12628
51,5005
130,4614
47,4284
43,7148
133,4760
31,2391
125,3447
147,5071
64,16415
159,6519
56,10508
108,3344
57,3147
183,9190
104,10102
30,6910
69,12392
37,2346
87,4690
67,1949
33,8116
89,2171
75,4622
152,10538
65,8273
50,9136
77,7926
46,1700
73,2571
117,24481
64,3312
61,12742
78,5143
64,3914
41,3675
40,3180
98,4105
62,4519
93,6737
69,6867
68,12991
99,12189
200,3171
22,1467
88,4772
74,1821
136,6602
103,2889
63,6949
142,10097
58,2789
43,2562
98,14587
100,4527
60,5974
39,8285
37,2085
42,2702
155,5031
160,5562
56,4781
35,2826
47,5368
419,5362
83,18464
35,6751
54,2300
147,16500
102,4373
46,6709
43,1245
71,6142
53,6989
250,9005
61,9182
40,2295
82,11005
172,5025
63,14511
113,6499
110,3881
77,1404
80,2908
78,3662
89,11830
60,5574
30,10583
98,8263
114,12041
89,5243
43,3026
19,7712
113,6732
81,2074
62,7735
90,7102
91,2439
35,8561
74,13458
128,3548
169,14477
52,3155
124,7726
77,16655
89,13678
171,6677
61,2496
78,4910
106,6402
64,6980
63,2238
41,2992
49,958
78,3610
89,11156
136,4724
46,765
147,13206
53,4461
41,4057
89,9516
105,2658
75,7985
91,5807
98,15423
154,4189
100,5762
17,3263
95,4670
36,2994
65,4972
45,2325
67,18713
34,2548
78,6685
65,2865
52,1944
41,8837
108,16202
77,7886
50,13646
43,10752
92,6717
59,2716
44,4159
264,11948
76,9192
50,6073
78,4118
83,5431
112,11109
79,10726
65,1553
163,6924
63,2752
61,2617
51,2807
62,3701
122,3889
80,1740
59,6035
21,2166
40,1868
50,1360
38,4576
53,8548
86,13421
45,3821
246,4017
58,7101
69,1321
53,11077
76,1185
157,11585
67,2213
74,1759
44,2168
45,8042
76,3352
57,14593
276,7421
87,7084
242,2053
43,5025
102,1606
82,2143
56,2545
113,14701
23,2531
40,4328
126,3224
38,1850
64,7761
62,9482
63,3067
48,3017
82,4091
122,8938
55,839
64,7626
87,3750
84,6113
41,11774
86,7703
90,16766
76,3823
85,14939
34,4033
23,5192
57,1814
24,3052
111,5491
130,18579
48,2380
42,7718
140,7296
30,3072
109,11230
78,7515
157,6740
29,1570
244,10070
64,11612
89,7034
372,2905
64,5200
42,3352
157,2069
91,2322
55,4439
139,1460
77,9347
95,8052
51,1536
25,5022
151,12593
71,4292
74,3138
45,11397
197,9753
37,4960
19,3382
41,6920
120,10631
71,7382
75,2123
84,3820
49,3217
87,7133
49,2806
64,7773
126,5783
35,6851
109,3425
135,11178
44,1138
76,8159
114,16396
110,4127
97,2379
95,2774
43,3038
55,5730
70,7893
103,1454
107,7135
70,3827
113,3355
92,6504
63,1804
65,2138
52,1634
99,4710
93,4618
86,2185
44,6596
33,4847
48,5875
36,1275
121,4192
64,5516
76,1260
48,3426
58,5973
55,11325
55,3090
52,15038
36,2616
19,3516
17,2051
35,1971
40,2961
77,4550
81,13301
28,2026
81,6538
146,10592
29,3067
69,6752
56,1488
36,1493
70,2273
25,3605
88,4596
46,7485
79,6781
145,16844
31,4023
80,6323
143,11913
62,3864
49,7880
41,15706
38,3192
79,6153
79,10866
96,13336
120,2769
60,2944
50,2955
37,10378
102,11188
39,4327
30,2952
75,4479
89,3825
57,7298
24,2822
41,13379
36,953
72,4413
94,5409
97,3983
114,16258
62,7124
105,6433
84,1493
23,10157
72,1235
58,14210
55,4473
200,4673
76,1511
53,1655
46,7282
97,16138
71,4666
83,3963
159,10799
106,9503
38,4070
111,12108
62,4498
33,15004
162,3208
58,6594
45,5400
121,2571
32,1871
115,2267
73,6519
79,7052
36,4166
142,3222
60,2762
119,1581
57,8911
63,5900
66,16214
192,4771
60,11967
37,2640
41,1815
92,1644
97,3391
61,5350
57,2015
67,10858
40,5001
79,2541
34,7460
74,5290
179,7505
146,17516
35,7508
34,3194
48,1039
45,1336
82,4071
47,1474
53,3971
58,8164
61,7120
56,2469
91,3024
66,968
87,9403
46,3064
130,3523
62,3578
100,5704
99,3471
45,4064
100,4081
94,9075
106,4338
44,1227
199,10880
87,2688
86,6097
46,1665
39,2921
171,7791
31,2668
29,10754
38,3193
57,9280
106,1841
30,1437
51,10247
62,13985
51,9756
79,15792
96,3822
90,5641
60,1240
44,4269
95,15827
28,4618
98,2475
71,2136
54,2335
88,7185
38,9189
158,7492
32,1897
54,3451
63,10637
29,2355
46,1345
131,5740
54,1836
65,4284
60,7077
43,2987
82,2401
126,12555
52,4077
114,12901
100,4547
52,8309
15,8855
36,3542
149,7758
75,3693
68,11103
49,2859
164,7671
28,6598
55,2596
49,3943
62,5923
47,3724
82,5745
50,6997
54,1882
86,18207
27,12792
54,1425
80,14861
65,4994
113,5615
14,1686
80,6625
74,2173
43,2542
112,20293
49,5132
41,1924
125,2932
63,7155
52,13162
74,6951
140,4059
85,3385
70,3670
55,4599
63,12452
128,16439
121,18968
115,8783
86,3398
117,5708
68,3815
20,2156
93,3419
107,12284
74,2966
83,1878
39,7189
144,2104
80,11652
32,4658
68,1454
64,1221
24,2605
107,6824
65,10329
371,3003
44,3489
26,1345
83,2369
114,1763
114,2168
42,1683
55,13402
118,10183
21,2722
53,2692
76,16551
37,11829
43,2872
73,12034
99,5845
34,2702
80,909
119,4605
101,9416
82,3590
146,4836
53,4927
49,5789
49,12337
84,6190
57,3751
78,12942
50,7592
123,2982
122,5362
112,5356
27,2270
71,1496
37,12269
54,2141
84,11555
84,23790
128,4924
47,1238
101,2252
45,12158
79,1575
80,3464
92,7271
52,3711
106,2794
64,8396
25,2869
41,13142
36,4458
29,3387
35,10782
46,3586
198,10531
39,5920
42,5788
104,3013
55,4816
43,5715
61,1020
81,2968
87,4971
30,1943
30,1908
40,4408
63,3595
154,9029
48,2591
94,2149
100,10188
57,7775
132,4459
42,6034
97,5526
55,6177
71,1878
100,2043
124,4417
75,9758
51,4632
96,10212
109,13019
68,16608
114,4287
99,10233
104,12115
118,3768
38,2792
52,3622
100,5293
32,2845
109,8636
41,5171
49,5105
79,16025
59,3076
98,8907
56,2653
65,16586
72,1784
110,4451
33,1980
47,7495
56,4102
15,1373
43,7921
77,4671
61,1073
125,16644
71,11408
134,6351
216,6363
80,6715
91,2704
58,16709
95,5627
30,3004
56,8466
125,16169
72,3779
59,8103
103,10790
62,14550
83,5684
47,2572
31,1527
61,7158
92,12055
82,7738
56,7179
53,3266
85,16583
121,3039
69,4789
89,16688
186,18581
56,3653
50,2907
48,5848
90,9394
110,8307
115,7629
64,6440
21,7311
126,3778
65,6065
44,2119
43,5925
54,10037
85,1134
92,2501
59,9085
132,7362
164,3083
205,19464
79,2641
130,6219
53,9552
65,5910
83,15543
74,6748
56,3830
66,4581
67,7404
77,4054
84,14019
109,22204
21,7308
84,9875
69,4584
62,4305
53,4363
45,1218
68,2089
42,11290
91,4176
173,2019
149,7507
113,3342
31,5334
105,4567
67,2107
30,5231
224,7165
102,13698
51,8401
38,11188
55,1875
92,4193
40,3098
76,12058
54,12963
28,4954
140,13027
97,3420
60,9419
80,10595
49,4024
99,1488
49,11610
101,12173
58,3519
193,4378
86,3506
30,1571
71,7080
71,4942
143,9818
57,4210
148,7975
71,11784
82,4110
98,5576
127,1824
62,13940
86,13606
87,12146
50,1344
78,7706
120,22763
169,9847
40,5656
62,1358
91,12052
106,5118
54,6275
95,9641
54,4394
57,3856
143,7594
46,7980
183,5870
168,2128
116,6991
51,7122
25,9570
132,2697
71,3838
40,3847
64,12168
23,10833
73,2136
105,1276
53,9445
71,8998
63,8793
91,10127
85,11240
100,9700
54,12558
47,3074
67,2471
43,10076
32,2057
55,739
62,2596
67,11943
45,2551
106,2196
115,2288
123,14462
73,12034
363,7349
94,1648
57,9663
167,1639
100,10264
56,3144
41,5192
285,12024
54,2564
53,2618
31,4083
102,3846
141,6549
105,11949
45,3715
91,8775
90,3643
85,6149
55,8837
63,4059
57,8365
62,2390
46,2948
69,15211
31,1830
65,4796
60,8973
68,2393
142,2416
48,4220
77,2014
102,3186
40,2052
55,2753
47,5418
70,5161
107,3071
30,3240
90,13714
50,3071
100,7941
67,3386
66,5524
117,10292
134,10178
73,3691
56,10803
50,3155
70,12515
27,2383
189,9600
169,1811
65,4518
85,3337
109,15806
113,6467
39,3040
279,5446
122,1580
48,3734
47,9634
35,7331
154,9937
194,5554
51,7380
166,1705
48,5439
98,7704
124,3684
47,1666
129,2262
75,12843
70,6660
204,11825
61,2049
61,4718
140,4171
83,2905
52,11052
95,5950
94,4488
104,9799
42,14545
124,6169
178,13932
28,6512
52,7260
100,10035
61,5598
49,4936
89,3335
94,2702
78,1663
214,8976
31,4248
32,2109
71,4431
103,4144
44,1468
103,9521
94,2052
47,3845
29,11173
74,5080
77,4845
237,14361
117,15021
46,3355
58,13053
129,11032
103,5982
116,3344
67,10501
36,9022
82,1316
92,4027
46,10757
25,2376
72,17925
28,11496
28,8284
164,4046
52,4454
78,3266
90,3101
62,15819
31,6619
78,2272
51,11046
66,2194
58,7304
108,9325
58,992
78,13496
43,3113
43,7295
86,5084
47,4186
140,3519
97,15655
39,2169
110,3103
129,4435
102,1425
97,7285
51,5132
70,10980
26,1359
130,9204
138,4432
84,14789
63,13697
95,2910
32,6271
55,13166
25,2152
51,18651
63,2001
54,5662
66,11777
163,5386
71,5167
92,3809
124,16748
35,6859
48,1629
98,5172
145,2476
56,11676
24,9731
80,5742
56,4486
44,3520
79,5049
33,5312
79,1464
43,6979
48,16676
149,6172
117,10257
47,1439
129,12191
90,2640
49,3544
47,944
75,2417
54,8583
71,1583
63,8620
15,5552
54,2340
21,3308
148,9067
27,10921
95,3037
98,1870
29,4664
70,682
146,10680
70,3310
60,1464
109,6123
70,6783
69,1890
57,5601
110,4313
66,4852
141,6308
51,8348
30,11873
60,4350
58,9213
91,4689
53,3335
101,2402
50,6341
202,2935
68,4823
75,3132
52,1580
109,16032
82,1868
97,7348
106,14428
133,3535
63,3350
70,1718
115,11898
93,2211
47,6539
64,12570
79,6202
23,14731
84,8007
48,4953
93,3092
79,5190
70,2254
110,22031
35,5387
58,5853
82,4594
165,9313
34,3024
146,11333
80,2947
84,13783
39,11325
90,6855
168,11549
58,11221
114,20944
106,8008
100,1911
81,5170
136,5531
99,12742
76,4763
86,6612
30,6522
50,3181
61,3944
100,7553
213,2432
44,12030
105,5570
76,13501
96,14748
30,2752
53,4751
119,3377
142,10878
115,14605
71,6939
29,5259
38,11317
47,2698
55,2741
51,12494
242,13870
89,5350
25,14832
45,3342
54,9784
53,3479
66,9524
45,5705
89,5716
151,3524
55,740
35,2769
57,14633
25,2641
79,7612
100,7407
43,1025
77,7244
63,1633
47,5770
58,6209
44,5420
184,2837
104,18389
61,2530
55,11650
61,4512
83,1902
97,9508
149,6722
82,10334
44,12886
97,14997
71,7014
87,20958
73,2674
67,1311
63,2423
36,926
18,4870
117,12581
45,2449
35,7356
59,5402
96,5741
27,4856
41,3984
129,10977
68,2314
120,7723
181,2842
101,23757
46,2685
59,9689
53,2481
125,2726
37,5145
65,1282
67,1442
47,12470
77,1728
117,17766
109,2620
86,2629
220,4946
113,2436
36,2510
33,13328
54,2231
58,17092
143,3244
73,14497
57,4329
31,4046
63,8468
91,3092
77,3549
295,7443
45,13886
49,944
70,10080
44,4508
70,5089
68,2280
59,7137
60,6516
68,6032
116,10724
90,1180
92,5934
121,6465
108,1747
78,4380
99,9821
32,9839
45,8616
44,14435
79,14469
92,8601
103,7473
77,7431
37,9129
122,7506
31,10112
71,15799
87,9655
71,3452
57,2096
115,4270
120,7279
22,2921
72,8418
140,4325
75,13257
24,781
94,5943
63,2804
57,2520
90,2946
108,17767
21,7495
39,6367
268,13541
64,4076
82,5990
155,7986
56,4507
53,6773
70,2817
70,9558
127,1736
44,2301
60,8435
130,5882
67,8058
41,1146
26,3025
36,6707
70,1861
132,5438
28,2332
47,4505
134,6338
74,14383
79,3520
46,15620
34,4509
52,1377
87,5099
128,1753
66,15207
47,6633
58,2958
35,4479
94,4465
69,6115
30,7738
75,1471
98,2493
39,2099
51,1178
48,3068
69,5967
71,8285
40,3839
115,5580
86,11711
38,3463
124,2286
50,5050
97,2896
151,8020
35,2156
75,3657
123,17065
22,2562
116,8348
63,4222
75,3215
45,8033
37,1832
45,3013
104,2194
60,9386
97,4488
128,6806
79,1282
119,11460
100,13685
68,4672
236,7455
79,7595
72,11240
79,3525
48,3609
140,8209
78,3006
60,4473
65,1796
166,14932
41,7314
34,15083
43,3522
95,10849
157,3251
76,2540
68,3600
67,7563
81,5401
86,3293
96,5089
28,9527
43,11092
51,1681
53,1411
76,3431
47,10587
72,4352
52,2116
100,11791
40,5403
60,3213
83,1357
39,5692
61,3185
59,2948
31,4097
105,11717
39,5712
22,4556
66,11126
68,3359
129,3185
56,2609
22,2264
57,2131
51,9039
93,2777
42,3509
85,898
75,1788
45,8886
26,7318
19,1001
58,3693
71,6381
71,2930
82,8297
86,6257
63,4450
81,7789
93,6463
54,2846
40,1061
47,2158
42,4259
119,9699
63,9723
87,19905
178,7746
19,8679
108,2380
83,2837
76,14410
36,1189
62,4362
85,9403
57,2085
48,2799
55,4130
110,3740
47,14383
28,6323
87,3116
77,5640
153,6452
58,11849
23,4704
123,3628
35,779
78,5864
27,2669
73,9967
25,1405
141,8259
30,726
127,14441
59,3163
41,4048
80,2160
46,4581
89,9366
51,8883
75,5239
88,11382
70,3100
84,10111
153,19433
82,10041
45,6431
58,3697
79,2784
76,3875
86,18496
33,7499
90,7805
61,7158
153,18806
43,4022
61,12283
37,5270
42,743
110,11533
116,12231
123,8349
97,8371
69,3854
105,3438
59,2412
54,12318
38,9981
72,4958
54,7555
110,7448
106,4896
80,1762
67,930
77,1750
54,1020
69,1684
35,1100
103,4784
38,2068
157,10192
139,15192
96,8814
101,1652
76,1414
31,6459
46,930
123,6287
35,4145
79,2320
107,13711
137,4453
17,4723
114,6801
87,18612
74,7215
108,12431
32,1602
83,14152
43,11497
173,12823
78,7072
47,4607
72,7930
34,13323
55,4202
43,1977
115,11655
71,1273
78,8894
47,17401
79,3267
32,5345
153,10239
56,7385
95,7506
70,4894
56,6890
73,5947
16,6231
63,2464
82,7939
40,2502
112,4198
85,2339
22,2569
36,13511
39,4209
101,5545
27,6280
120,4824
31,2008
69,2379
54,8320
127,6201
127,6760
61,10198
27,4707
64,5899
93,13533
79,2586
67,22085
45,6326
142,7223
64,2903
38,2054
97,6745
52,7335
119,10773
140,3425
35,13647
92,4230
108,7042
111,3866
38,7876
94,4883
46,14621
29,2859
83,3627
65,15030
56,1319
47,1231
59,3767
38,1036
40,2411
63,1467
86,5832
50,4036
65,4425
76,6032
66,2557
52,4278
74,5718
165,1502
143,9290
68,3414
80,4824
41,3625
35,4957
133,5713
33,8499
77,6777
71,4600
166,3731
75,19219
52,4759
82,6995
85,14342
80,1974
80,13011
105,5912
75,3079
33,8483
57,4225
69,2159
148,10126
50,3534
147,15391
95,2684
85,5381
38,4716
80,9462
64,1606
136,6384
94,4885
284,9499
67,1451
20,1468
117,5453
44,3689
116,9219
31,6137
105,6530
94,1207
56,14364
97,4421
79,10657
88,6843
97,8802
64,4141
123,3546
57,7359
37,5009
53,1456
64,5147
40,5419
228,3902
39,2388
134,12668
59,8587
72,1207
44,9688
61,7433
53,3906
106,6776
176,18338
53,4321
26,2751
153,8392
91,3279
73,8086
112,11911
37,6340
25,12713
99,2855
185,6704
97,11345
80,3251
119,6931
83,2437
38,9692
15,6417
55,3025
82,1485
153,10703
215,3034
30,8069
38,1406
68,5502
44,4506
93,5907
85,11648
59,6964
45,3569
137,5359
80,12067
80,1848
57,5012
155,8705
170,14672
96,4952
28,6298
44,837
91,1385
62,6071
134,8102
79,4471
20,3724
109,2473
38,4097
57,8215
67,6644
98,4370
57,5396
84,7586
25,1530
28,8500
167,11241
92,1816
67,3032
42,1807
54,3302
82,10728
18,3136
85,4519
113,6562
15,4138
89,5536
77,6648
60,6484
51,6881
90,2891
94,15878
166,2756
58,3208
51,4397
26,3984
82,4823
111,8138
99,2226
65,4038
77,2728
71,8673
98,3071
44,3721
94,3234
64,3966
38,5302
117,16116
114,1009
101,2983
44,4226
49,4114
105,1721
125,4114
56,5634
110,5100
46,9229
22,17804
36,3226
100,1279
47,2731
107,4872
45,2263
92,3038
79,5533
98,5684
88,2784
54,2018
50,11029
72,6848
80,1318
111,1756
117,9981
44,5338
39,1628
56,4358
76,4807
86,3678
115,3560
45,6926
134,5528
30,887
73,3485
264,2139
153,7499
30,5533
34,3381
32,2775
98,3994
50,4680
27,1268
33,5680
119,3484
29,14841
73,5014
67,8053
35,8556
115,3428
51,2598
193,3373
33,1404
50,9702
43,3307
109,8432
71,9958
17,2540
117,5166
87,2210
113,10509
50,2254
97,7119
126,5561
86,6565
53,3426
51,1686
140,2684
114,9977
54,4904
124,14298
120,4205
69,4644
67,5373
78,9918
106,2603
115,3859
63,3342
78,856
67,7655
47,11630
78,3719
58,11350
54,958
103,15936
95,6228
51,2562
62,2815
70,2513
124,5990
75,9926
76,824
37,3356
38,3816
87,10059
69,2096
84,10191
114,16659
48,3344
56,3628
51,11613
26,12174
36,2084
27,1537
72,8912
23,2886
59,4186
67,1019
51,4970
107,5632
21,3262
128,11329
72,6217
31,7682
25,6137
85,2343
59,5959
62,3769
78,4969
37,4941
28,3244
108,9165
77,3301
63,6621
170,8199
95,6684
76,1823
64,8862
35,2703
42,3799
38,1640
53,3351
147,21310
92,22741
76,12858
39,7556
57,11627
76,2750
178,13982
69,2700
122,5997
30,3297
65,3949
87,3849
49,6940
79,7226
81,9097
56,7848
61,3200
54,2197
84,2511
34,10202
107,5950
43,5295
92,12089
88,3940
59,10234
49,7487
51,1968
134,1783
28,2292
27,13640
83,4076
32,3329
72,2562
37,5263
43,2783
135,1178
160,10160
114,3401
24,2690
60,3015
88,10641
97,6452
45,2979
45,9678
28,3395
43,5256
108,6539
162,12454
48,3174
88,12817
57,1188
85,4348
58,5240
43,5894
169,6435
114,7118
83,6766
39,2558
36,4271
73,5809
58,3395
50,1595
117,5672
170,4180
125,2810
47,4055
60,5817
63,2209
133,24238
37,1522
84,17953
55,8331
146,11175
43,3331
73,10281
112,8068
80,8520
127,10100
33,1595
88,2914
43,1651
74,2840
126,5115
53,4105
68,9648
152,5255
68,10344
75,2387
39,1803
40,10910
46,7811
46,3165
106,9435
57,9012
34,2494
29,2298
122,3299
29,3334
82,4527
52,4301
87,4965
76,4404
39,5739
50,5949
77,8898
59,10554
76,11491
82,13563
63,1800
120,3270
130,3397
75,2881
69,7604
115,6785
136,6877
86,1145
49,3345
64,2330
31,6639
44,2705
78,7543
30,3299
61,7340
31,10962
153,6040
165,13555
30,1698
27,7390
57,6125
152,17490
39,1804
112,1933
37,6018
210,8087
117,8137
70,1873
75,11345
81,9982
71,3549
88,5378
46,3189
123,8630
106,2445
49,6368
21,2620
59,3967
35,6129
92,13742
32,2667
45,5228
91,4002
87,6602
38,4120
44,5934
145,2996
85,2840
118,6531
106,7932
34,1721
71,9506
120,2584
162,7546
17,5662
17,4639
29,11503
98,9859
60,6340
59,6910
108,2612
141,12007
20,1917
64,10073
54,8718
52,8209
96,1514
48,8608
142,13477
125,1606
34,3072
102,6005
65,6007
79,3496
103,9867
72,5160
94,9174
70,5249
139,7433
43,2591
50,1919
104,5530
56,4892
36,1702
105,2085
75,2387
74,13173
117,4708
82,1956
50,940
73,4617
105,8149
73,7190
54,2978
60,7030
98,13249
45,2131
146,2059
105,2482
116,10485
91,9311
45,1480
75,10884
45,4766
61,3243
71,7219
172,12339
42,2077
58,1298
100,3706
69,2790
132,6621
31,3491
97,5943
79,16443
65,3395
89,7015
28,8555
58,5786
50,2234
55,5280
117,4300
52,10967
61,3438
108,19801
181,7622
56,3974
98,1523
75,3113
183,4678
80,2071
128,11584
66,5228
93,8839
73,10994
67,3322
176,3929
79,2117
73,8151
117,4970
47,2810
69,3826
56,5427
79,5305
51,11381
92,10972
77,917
110,11127
90,3452
108,3437
29,1580
136,11918
46,3238
53,4055
57,13442
136,11247
95,10710
51,3980
90,15810
53,1817
147,6144
18,5767
72,5602
25,3825
69,10564
44,3287
59,3683
31,4271
120,2459
33,11339
78,8977
47,2363
143,9023
83,3123
97,4941
98,4522
73,3163
84,1462
189,16946
98,10302
94,3456
47,4108
67,7049
61,4601
66,2221
107,16899
87,4050
45,2678
76,8354
101,15388
46,2055
153,11993
155,17704
48,6787
58,4028
26,9088
62,1296
18,10356
55,4072
28,11343
50,2917
73,5671
86,10029
36,2962
30,3528
125,6856
71,3152
64,4784
26,1352
85,24067
131,1383
39,1175
102,7831
119,4819
80,6037
123,11862
126,7432
56,2418
77,13227
63,2337
109,19603
84,3449
48,4332
62,3667
110,4744
91,15715
35,3045
62,1390
61,10040
103,4757
71,8456
116,6881
101,8511
51,3879
24,3225
43,7192
164,8608
109,4138
54,6061
153,3904
83,3060
93,7534
62,706
83,2565
49,4611
174,4008
83,1882
111,5334
62,2301
53,5881
44,1574
118,26144
56,2627
61,9014
57,8482
58,7077
27,1402
60,12115
74,4228
150,9811
91,8211
112,6913
131,8854
38,5101
99,3510
64,3253
55,18504
67,16720
39,4754
84,11085
84,4077
51,12016
57,12531
100,1452
35,12155
47,13313
45,13006
89,2134
78,3301
44,4484
70,4491
93,4062
63,10690
51,3899
96,4170
34,18074
70,8666
17,4838
76,2023
104,9963
61,2398
97,2355
100,2415
80,8095
68,13287
57,1470
48,2318
67,15306
47,8402
72,12176
59,1864
32,3145
51,4128
84,5880
58,4027
61,5972
88,13348
97,2568
28,5612
108,10719
128,5990
23,1766
63,3306
193,5308
136,8001
85,1500
33,2472
129,6568
57,12178
50,4333
39,3369
30,1821
51,4752
92,4600
71,7781
92,2041
150,5826
179,18691
31,5113
170,5692
48,3181
139,5061
99,9659
49,4151
76,5708
53,6975
93,6932
195,18423
55,3271
53,6007
83,6754
82,5965
76,2718
95,2264
96,6917
65,10711
33,2169
110,7182
58,11437
95,5582
259,2369
59,4195
117,12944
51,8201
114,4257
37,8102
142,1638
252,5204
98,5000
43,2336
96,5385
49,4222
92,4705
87,3585
69,9815
83,1566
231,11640
55,4515
78,4694
86,1914
94,1613
56,3217
73,9324
39,3851
91,7981
284,10958
74,12754
115,15835
36,2804
66,1298
105,2677
171,12381
79,7838
87,12728
100,5217
72,4005
76,6598
70,1703
100,5432
87,1694
73,2929
72,8301
52,5680
55,2015
70,3024
85,2858
274,4135
67,2684
82,10700
94,12775
57,8123
40,3744
68,17063
62,9982
76,8927
54,3398
81,6047
134,6748
98,5663
84,11744
117,4885
122,7085
63,917
76,3053
107,10976
117,5776
61,3818
111,2994
73,649
50,2600
119,6268
64,9380
78,2109
155,3914
22,3498
105,4968
63,11736
120,4506
59,6413
108,9953
66,5645
45,6647
63,12392
135,11208
48,1322
37,3993
86,6398
82,11667
63,10721
133,1554
159,9660
74,1994
49,1918
37,3917
21,4289
67,4651
24,1285
116,4829
132,17902
44,1529
85,1661
66,4211
72,12596
82,5604
65,8482
51,2372
72,3082
146,3447
38,5909
54,1580
70,4099
66,4666
76,5196
45,1311
96,1182
72,1771
49,849
94,1575
98,6648
61,3501
93,10910
49,9533
64,14933
84,1819
66,5687
82,9885
128,10014
129,3882
84,3312
59,4421
92,3615
139,11349
55,10671
86,4087
36,7841
86,15607
63,10878
38,1763
125,4294
112,2443
105,2196
114,11643
68,2482
105,9705
35,2390
87,3053
159,7467
52,2237
96,3110
74,2111
85,10509
69,12550
61,4179
85,2200
107,2032
78,3242
161,1506
63,3203
150,1918
85,1260
39,4641
72,2303
69,16510
42,3807
42,4337
102,2655
71,11232
64,2854
119,12790
70,2304
66,12669
68,8569
36,7714
24,3559
132,1893
52,14911
130,5127
140,11381
91,2523
26,3317
69,4457
99,3061
16,1593
111,6132
69,4589
73,8739
44,1443
67,5967
82,14609
29,12078
53,3092
113,7615
21,2895
53,6986
66,4460
42,6070
67,5074
130,3857
65,5542
82,5565
107,9288
74,5402
60,15099
81,4640
82,13401
57,4140
118,12491
256,3645
134,1916
36,2394
64,10060
60,1443
84,2391
36,9613
70,5837
67,2737
108,20899
96,11625
31,1432
39,4715
55,1334
58,1259
46,3677
49,2525
95,5850
63,2925
69,5342
74,5685
50,3703
64,11008
105,7753
39,2925
74,2992
46,3404
94,3754
45,8239
63,10357
39,5662
96,4952
86,3751
51,3487
70,2729
76,4363
98,4878
94,3659
48,6046
58,4013
236,6396
42,4731
47,3530
93,1476
65,12396
101,18089
62,11026
39,1207
41,3309
36,5847
56,7990
45,4609
80,3263
25,1980
56,2588
46,5002
66,3539
31,6079
107,7847
95,9030
86,3652
94,4273
99,3746
93,9940
23,4977
79,5692
78,5568
25,895
42,3111
42,6811
78,2025
61,4850
47,1997
62,24006
61,8322
33,8699
30,5923
26,5195
80,1707
116,11874
76,7923
38,7439
76,8457
128,5976
48,11975
75,11459
117,8311
97,2251
86,8056
107,4408
92,7940
35,5494
93,3117
85,3229
107,6450
108,16464
143,2231
78,7869
114,4280
43,6915
62,3637
40,1629
78,10121
96,11478
51,4330
54,19065
82,4561
140,3364
113,10807
27,7515
101,3831
79,5649
176,8616
38,1792
18,3491
67,5251
44,8525
41,4253
44,8096
80,14042
110,12645
33,2406
44,12505
25,2669
45,4965
275,9796
117,6615
49,3975
73,3231
65,5006
51,8316
64,5604
67,14146
39,3120
93,2405
46,5895
169,4128
124,1999
40,13136
58,5070
93,3586
88,18019
63,8853
79,6437
64,1915
47,1890
43,5978
15,6637
50,4111
62,5338
82,5637
87,3614
120,4766
73,1195
102,1625
43,12241
72,5890
30,1904
121,12195
62,1513
87,3085
37,1862
57,9612
38,2714
70,10637
127,9871
93,9577
105,10690
100,4537
24,6127
100,7544
53,1341
133,4970
87,4062
18,5494
45,9297
83,5237
63,3321
76,3332
54,5086
72,2870
45,3209
47,7543
82,4547
74,7348
31,8054
108,3693
30,12612
75,1990
109,13581
67,3831
73,13079
83,5543
104,2820
120,5984
59,4331
71,8198
149,2516
71,3870
35,2909
108,2525
75,4794
49,3680
169,2569
72,2366
55,2787
61,2354
81,5680
77,6143
124,7780
32,3162
85,8421
69,15445
123,1766
51,6686
51,6685
60,5160
90,9221
48,11132
34,9542
76,1836
48,3260
112,5196
51,3402
67,11673
44,7539
47,5446
79,6074
45,3591
54,3439
118,5615
111,3206
65,8409
72,3846
54,7905
313,21276
71,5964
50,3530
72,8481
120,9234
149,3728
123,2045
58,5162
64,16021
35,3260
28,2248
59,7775
74,5615
93,3571
59,3558
24,1744
62,1989
58,3369
46,9256
116,11015
76,4137
49,9585
54,2857
43,1260
47,14535
211,8876
62,12330
121,16390
89,21619
67,1547
91,6162
45,3328
118,11724
90,4298
48,5451
105,12102
125,6603
38,4537
73,9173
26,1729
40,3690
39,5516
63,5566
63,7100
55,2283
40,5402
114,3723
230,2116
62,4443
43,989
34,2716
60,4515
38,5796
52,3211
36,3379
139,3645
15,7253
53,3433
192,11243
24,3881
44,7058
169,12942
53,2736
34,2616
34,3160
48,4599
29,2474
72,5647
32,6468
55,5789
211,12438
45,4018
139,2883
105,9540
68,18227
139,8656
47,1809
56,2508
98,2623
74,6349
47,6576
178,4804
48,11715
62,4566
61,6496
161,4390
110,3049
60,3613
70,3522
54,4011
48,2139
118,3491
46,4953
107,4898
64,4227
45,2651
138,5729
98,2620
91,2904
79,2376
75,7806
123,4568
124,11220
50,10987
22,1881
167,4614
66,913
67,3633
70,8745
165,16587
75,7336
48,20021
73,3473
122,8219
69,6325
106,2821
64,16259
110,18120
45,5994
65,1601
38,1825
91,10736
37,3998
54,3965
80,2440
21,5323
80,24645
48,4740
98,4003
92,3562
135,14543
34,8434
108,8647
38,4707
59,2901
57,3080
67,2775
60,7265
34,4152
49,8313
25,3453
94,1812
163,3928
33,5043
116,1437
87,10665
110,13458
96,7015
63,7020
43,1578
46,3030
38,1632
56,7600
57,1693
79,7631
52,5043
117,10104
57,1863
54,9514
70,12865
69,5369
93,5072
120,6585
76,10772
123,2419
68,10371
45,2866
107,6391
22,2793
12,592
81,2719
117,11276
69,4350
37,5952
43,7199
169,13930
78,5814
33,2315
66,14812
87,5135
35,5674
24,3569
101,8556
97,3247
22,2319
68,10525
40,2592
41,4918
51,2920
51,5425
67,3729
37,5686
53,1589
44,6839
72,2078
91,9611
42,13694
47,4289
89,7170
37,6449
133,7875
108,5638
47,9180
141,2176
45,7216
71,1655
48,7425
100,8394
51,19370
58,920
77,2624
24,2021
142,10992
111,19285
53,2194
78,3037
87,7965
58,8396
153,2175
50,2798
193,6504
63,10333
105,10726
42,5088
38,5847
91,10509
121,2248
28,3986
42,3027
91,10511
69,8443
30,2753
60,5175
58,4586
45,3845
117,2729
105,17778
165,2950
110,20221
23,1521
397,2339
16,2005
58,6478
77,4116
110,1852
49,12096
59,4375
95,3012
26,1215
49,9675
88,4972
77,3373
65,7662
71,9433
99,5263
40,5088
78,4641
162,2394
98,9205
80,6174
85,2265
75,9455
50,4511
44,4940
40,1208
88,10149
79,4916
38,1992
72,6016
41,1042
72,1910
27,3352
38,2125
57,2733
47,9900
77,13611
87,10166
85,13964
34,3756
110,4188
42,7322
72,10765
21,3698
98,21060
26,4357
88,6027
23,3774
43,3480
121,17000
64,14729
56,7266
149,2808
57,6580
67,6430
85,5484
123,1403
52,1432
77,1773
43,2356
52,6243
80,2778
94,13837
84,17528
105,7952
113,7381
82,16180
55,3809
62,6213
111,8946
80,1950
124,6997
127,10269
170,13158
37,2761
51,11188
41,9498
26,2322
53,3448
85,8876
155,11760
58,3122
128,6617
146,1716
119,15349
33,3502
35,3450
34,2465
75,4929
57,1685
89,1571
32,1449
61,6528
59,15498
55,11274
80,989
87,11077
70,2936
57,4597
118,6072
43,10609
41,6968
113,6083
155,7984
37,3950
121,1826
78,7735
58,8269
73,3754
123,2315
46,5159
63,3069
146,2032
63,4143
93,1914
52,2926
165,1712
53,4027
88,3237
35,7319
26,2550
51,3047
56,2732
55,3675
105,6327
88,4169
190,17262
47,5134
69,11064
71,8664
240,6412
78,8665
122,6626
32,11996
39,5733
25,3110
61,2066
48,10019
131,6203
50,863
318,11708
40,2696
47,2882
36,3453
67,1984
162,3923
44,9838
113,16109
86,8350
41,3773
75,16537
129,3659
99,3963
87,13096
105,3157
86,3469
61,2903
45,5471
106,4427
82,13019
80,2402
114,15498
74,3121
59,7407
134,2101
48,3305
36,4694
128,4744
54,18013
103,9570
87,4825
59,9039
88,7090
95,6629
83,6214
92,5269
62,3688
65,3000
161,6164
24,3171
56,1766
61,5326
70,3768
69,6015
40,848
54,2526
56,916
102,1920
95,1415
121,6240
70,5067
85,3182
58,9350
151,3703
81,16181
88,5745
48,2058
86,1527
113,6529
49,2529
61,3182
83,10138
111,2761
91,3350
40,10808
37,4429
34,2744
81,1505
26,2628
58,6891
33,7203
81,7406
129,8914
100,9506
68,3547
79,11388
111,5099
110,4786
144,5804
96,6926
35,2205
75,5351
161,5488
87,2801
42,1718
195,7068
47,1670
50,1006
122,7172
114,9700
55,7894
108,7954
56,6151
86,3719
141,15873
45,3651
43,2074
45,10865
40,11229
86,8854
36,3434
94,4118
21,2895
76,3002
104,6165
139,6254
92,9504
60,7635
70,1375
59,5584
94,3452
34,4231
90,5591
21,1439
53,4745
81,15766
102,18944
56,8977
96,9787
115,15515
53,3483
66,1297
25,1977
61,3192
124,3863
61,3778
25,2390
54,2712
145,5911
62,3237
57,12856
56,4013
74,1798
111,6931
54,5931
97,4750
43,2264
52,6638
20,7565
59,1945
71,9431
63,15976
61,2586
73,10090
54,4220
78,7050
226,4726
63,3791
62,4454
53,5072
45,1778
56,10990
51,3312
111,1482
74,8343
127,10225
42,17814
102,4058
86,8842
73,5679
59,16463
64,11835
140,16288
37,2232
151,9268
69,2305
107,7311
49,8455
66,3180
79,2031
77,11942
93,5420
110,2805
70,4473
39,3127
130,3324
36,2160
69,5690
96,1032
65,11681
72,6522
130,9039
111,14421
25,1644
126,7919
61,6654
101,5362
144,1682
22,1711
145,4870
151,7460
112,10564
33,13411
66,9008
110,5359
43,4647
68,4643
47,2864
35,2218
158,7993
55,2798
95,2661
68,4992
156,2114
84,3130
56,1312
129,3207
27,14734
105,5502
75,3884
51,3790
99,692
88,5515
78,1658
204,20990
87,14944
47,2407
94,10508
65,5478
81,17259
60,6572
56,3788
91,7763
44,10913
100,4900
57,1977
101,7957
36,5119
113,8272
74,3032
106,4106
47,12167
88,6339
79,7483
99,4545
183,4676
22,2467
55,2464
67,14426
76,2607
97,9278
70,3582
119,2552
79,5397
32,2012
60,11014
56,8202
62,4881
46,4469
87,12148
54,2417
77,3282
166,10036
63,5679
40,8995
54,4185
46,7278
46,2612
126,2437
90,15190
72,2214
45,2078
49,10711
71,3583
37,1341
68,10112
58,2367
115,20735
22,1581
63,1778
93,5539
88,1094
126,11238
58,15552
88,6993
81,8698
67,3658
50,9086
100,4128
94,11000
72,16755
82,2567
111,5492
86,6789
46,4361
85,4255
189,7846
76,2249
22,2633
45,1884
42,1417
201,7000
47,3225
124,20397
45,1888
76,2860
40,2987
46,2238
102,4026
99,10692
34,10312
76,4569
107,6797
34,2640
24,5320
39,2559
60,5422
85,2915
69,4342
129,2844
38,9383
113,6084
72,2543
22,1600
89,7861
282,7530
102,1718
138,2953
62,5232
39,2744
91,6965
206,9049
94,1639
84,5402
53,3745
46,2622
23,1593
39,2506
59,7984
77,2394
192,8736
43,2206
67,4932
46,9636
98,5113
172,6656
34,2209
78,3221
60,3432
66,2162
137,23987
71,9030
40,1521
41,4118
73,5255
72,2618
42,7144
47,10329
46,4505
34,7477
79,1520
58,4181
174,2720
61,8163
140,7044
69,16979
63,2534
107,8073
112,2469
154,8925
37,5128
49,1882
106,4343
70,3299
47,4796
48,5151
50,3371
194,16115
69,4275
67,3006
129,14870
90,7930
59,3325
106,15002
21,1413
91,7262
114,2357
83,4115
75,8104
98,7807
131,9113
58,3810
97,2960
64,2158
71,5634
35,8267
94,5046
94,4484
110,4979
56,1951
52,6402
49,2774
94,1170
49,3520
106,3421
38,3626
170,15889
25,2039
23,1196
94,2265
55,9202
77,22189
32,7549
55,4238
76,5889
100,8290
65,7040
73,18683
64,2764
100,16353
41,6469
29,2776
60,2545
69,17651
38,3479
99,2358
53,17594
62,3204
168,14540
80,3523
69,3059
49,16066
75,7583
95,11397
89,1964
117,18037
139,8851
19,1619
56,4197
52,1828
58,9974
138,2828
44,16072
23,6394
176,15600
39,7975
72,3039
99,11995
84,6761
119,4170
85,4082
170,18697
29,1924
47,1590
116,1855
52,10211
78,4240
119,4261
72,1759
105,7648
74,9641
57,9142
100,16043
93,4281
32,6111
198,5202
84,2117
81,4289
179,3629
40,6205
105,14047
87,10322
62,7411
74,10010
27,2418
156,6302
66,1981
68,4324
89,2336
69,9871
101,7329
82,10864
55,5951
36,2098
92,4354
102,12936
32,5058
22,4474
44,7614
45,8535
173,7639
46,5794
65,7484
64,5268
48,2828
105,4730
111,6786
125,5562
67,1679
71,2599
62,2357
52,2719
72,7709
20,2444
79,11350
95,2602
110,12256
71,2522
102,6839
52,4900
85,10286
101,5271
69,7181
57,3338
40,3514
67,12577
97,4311
127,2210
46,3376
64,14259
25,5062
27,7130
90,4459
160,3254
36,2533
43,3391
71,9020
96,7800
82,5344
59,4623
21,2703
26,2497
131,8965
141,4640
104,6882
123,1023
57,7496
141,3955
80,4855
27,1352
32,2046
97,1578
108,7597
30,8127
77,3600
14,1989
31,4184
58,3648
45,3032
16,3061
35,5277
85,1719
451,3020
114,13528
48,3161
49,2836
137,5175
48,3462
105,9513
81,6838
96,21622
55,7170
44,6574
37,4966
95,8393
47,15479
66,9065
89,2614
32,6137
51,7131
68,3192
57,1953
53,2889
166,17961
89,13242
39,1755
151,9896
98,16537
40,6691
92,2182
71,2226
93,3223
74,2693
32,3322
133,2974
99,1811
53,2493
104,2470
49,4033
40,3900
294,19676
226,4892
78,4413
19,3606
106,4513
41,1128
139,10597
67,15339
77,2456
49,6991
55,7930
116,9729
107,7696
132,1553
82,8705
33,12278
62,2967
51,2709
53,3485
130,17578
84,4451
46,4399
89,1551
397,2672
36,4143
58,5018
35,5911
60,1285
71,11324
72,6463
127,6640
54,17260
27,2569
38,12204
84,1260
34,3285
94,1163
55,6072
59,4004
126,8397
60,19071
84,18577
65,6420
26,1540
64,1999
88,5633
91,3461
23,8946
110,3703
103,15593
71,10584
63,5332
52,2545
95,2743
49,7250
59,10240
85,7770
52,549
19,2155
32,1098
49,2076
52,4546
100,5250
60,9889
135,4812
85,4131
43,12611
62,5264
66,11562
67,1766
30,3600
69,2664
85,7877
35,1920
58,9806
124,5979
98,10818
83,6058
112,6781
104,6887
45,962
74,6712
67,5743
45,9732
32,2937
115,5113
60,3870
76,2111
97,2014
92,17675
73,1025
75,1421
56,1996
54,19157
80,6575
131,5098
64,2035
80,6711
56,4100
97,4366
33,2414
159,8658
31,1061
58,1104
70,4993
28,3339
46,2557
56,3508
109,7659
176,11859
82,2079
61,3268
45,1151
25,6911
35,8796
89,4492
37,2705
167,3498
88,1629
161,3167
68,6263
52,1884
108,1880
42,2962
141,3509
109,2170
105,6890
74,4832
39,3714
120,3187
158,8597
38,8585
103,2216
102,8394
49,3859
75,11880
44,2674
108,2444
53,4928
68,3062
100,6027
90,1301
55,1709
80,4984
72,3304
61,17588
81,4231
288,3447
83,9415
72,2434
125,8641
17,1795
112,4851
66,2695
61,2061
84,2887
46,1786
51,4956
68,1243
86,15259
126,2303
35,3919
100,19200
39,5308
56,2119
266,10487
77,3933
99,1997
79,6744
62,9414
145,15052
86,3445
39,2360
61,3858
122,3789
49,4754
121,16039
55,2387
112,7976
55,3644
77,3493
78,11610
105,13340
87,9202
124,3888
25,2515
59,1161
54,4666
42,3276
78,8480
114,3251
57,1644
143,7230
55,2083
102,7807
115,6845
38,2563
63,8586
356,2848
51,7443
85,6612
84,3930
69,1813
29,3802
25,10018
100,2620
68,6774
51,2493
65,3649
93,3338
52,1961
132,10994
71,9115
111,2229
27,4330
109,17779
109,6720
55,1923
67,5379
24,6935
74,5053
157,2474
39,5113
150,3998
145,2615
45,2469
79,4992
182,11298
47,1245
62,1909
86,6108
97,2893
323,1418
55,4324
30,8797
65,4415
41,3421
85,3725
94,2737
130,13672
88,2985
48,5617
27,7016
29,1221
130,2799
52,6828
51,14976
52,2174
50,3011
56,5422
64,2735
118,13227
104,2272
116,3959
106,7402
45,5448
48,3687
35,3003
213,8140
62,4211
70,1597
97,8371
141,7381
30,5400
85,3956
69,1759
92,14284
273,4223
62,4152
19,4315
70,6015
75,1297
87,7118
83,3648
128,4838
90,2735
44,5182
71,2760
62,958
148,10030
64,5828
55,7952
62,2791
37,4281
36,1448
745,7721
57,1078
58,1992
61,3218
98,7719
40,3006
76,14473
90,3199
56,1140
71,7076
41,3778
37,5600
40,2861
31,2707
63,2096
97,3972
95,4800
47,8832
107,5889
37,4123
130,2687
140,18655
85,7984
95,4866
63,6121
34,3586
154,18088
105,6146
75,5335
72,14743
65,8839
78,2480
71,4542
30,18071
56,2868
90,2809
38,4047
74,2709
130,5295
113,2513
134,7374
46,1180
52,11315
32,3265
66,5409
133,7223
99,5071
48,3103
61,15076
58,1435
81,7465
67,10180
42,11515
43,2197
101,2680
48,7593
47,2139
79,12790
59,1567
89,8111
32,4491
18,3080
184,2793
158,2037
88,7776
95,4280
103,3948
51,5908
49,4110
46,3541
110,5209
89,7897
111,8652
47,11855
41,12701
63,6654
45,10860
114,5765
72,4683
43,4108
80,8170
43,3217
42,8523
18,6816
113,5384
67,3732
209,8393
81,13578
104,4523
128,2632
70,5025
58,6797
69,8426
98,1678
81,1824
56,2469
53,2151
32,2875
178,23368
44,3420
76,9507
79,3903
173,3667
54,1989
42,4374
45,4081
117,14761
84,5588
83,5104
93,3677
62,19347
72,8274
32,1729
164,7667
128,4832
166,3604
39,2104
66,2155
41,4968
142,5587
33,7741
72,6910
56,4494
32,2964
50,2305
88,13396
109,1959
41,6598
159,1430
91,15956
51,12674
60,5221
37,2834
175,6047
106,2878
88,9618
76,5052
77,5355
135,3529
111,7169
20,1804
69,3756
49,8976
34,3085
71,6498
82,14435
65,6492
36,2163
98,9674
135,9379
74,4060
20,2274
162,1914
84,6429
38,4726
64,2510
142,14884
98,4415
39,3879
46,5494
38,6167
23,3922
78,13299
49,8681
41,5531
95,3156
41,6842
50,7199
25,8708
21,4712
61,631
103,5430
35,7352
47,7543
53,9680
128,18432
57,2785
126,9094
129,9311
96,11893
214,7333
34,6075
124,3267
118,5336
56,2868
141,8881
48,3239
174,13823
101,9908
52,3313
83,18042
24,2975
105,5620
59,9331
31,2877
24,7655
55,3982
142,5577
75,5061
164,11366
84,16021
63,11643
89,2152
57,5445
78,3239
61,4656
155,2985
80,1336
34,7046
79,1196
102,5542
42,9160
50,6233
78,1626
168,7840
50,3892
101,3734
26,1144
165,3720
129,17422
86,1638
74,4407
30,915
75,18434
79,9397
54,1162
54,1148
37,6008
57,1260
36,3413
108,19180
128,5797
52,2457
53,4578
86,7967
29,2052
57,7420
162,13526
52,3581
48,2121
137,3722
30,2241
121,3219
71,6809
143,13659
113,3129
50,2069
68,2486
66,2076
71,4480
171,14397
127,8714
52,3935
61,893
56,4576
68,5349
48,3916
102,21740
113,8346
56,5290
92,7917
97,5850
60,6842
151,17153
39,4360
53,8353
68,8170
55,17482
33,4075
119,6809
63,6558
40,3795
150,2422
61,8038
57,1720
174,2513
330,8882
80,15560
200,16823
68,8519
39,6479
67,3603
39,4375
46,1164
58,1775
79,9713
76,2324
18,5223
39,4160
19,1886
110,2302
60,5431
87,4894
76,14566
154,8124
58,5406
106,3132
54,8482
82,10909
47,982
23,2517
55,2908
140,14696
21,5814
128,5497
125,2685
99,7755
52,2023
125,9550
33,4362
49,5464
109,9825
45,7964
51,4836
65,11694
48,4380
47,1537
49,2880
89,8049
141,7475
107,7153
76,7307
33,2440
141,8890
95,4828
123,3295
22,7496
107,4559
73,8298
85,6251
57,5937
137,6141
48,3765
79,5857
71,5647
166,20514
91,1277
116,17543
186,19269
53,6365
90,2678
70,12240
70,7141
65,3985
85,2701
67,1710
38,7644
42,3661
57,7232
49,4098
85,10780
54,4804
93,2928
18,9208
92,2006
68,5543
32,2112
197,9097
84,4106
180,6118
21,2357
57,4856
66,15986
45,3218
66,9045
105,6355
43,6781
81,7865
252,2723
59,16021
92,3096
45,7491
49,4194
99,5084
41,8688
58,7422
77,2465
208,6781
45,1588
40,920
53,4790
126,20059
56,4504
160,2400
210,15234
116,4566
132,11902
79,1892
47,3444
118,6301
40,1291
37,1780
87,6584
101,2128
32,3807
66,2745
47,17299
22,2163
47,13753
58,5929
42,2996
87,2753
64,1624
68,8971
103,5541
46,13979
195,7462
45,16950
42,2427
140,5441
77,2389
87,6808
83,2494
36,5982
41,9732
66,6843
139,2796
76,2152
85,8940
76,7093
133,2347
32,5177
140,2878
58,3486
50,4823
76,1194
119,15617
123,12179
32,5698
159,6126
93,7932
73,3635
50,12644
46,4621
94,8951
58,4140
195,4931
64,1066
26,4051
62,3675
101,6266
40,5863
49,3201
25,1188
45,16002
52,3160
51,1749
39,2508
105,4269
142,18190
119,7314
11,1146
62,1770
121,20278
155,5915
59,3109
51,9173
99,18415
87,8343
59,5934
73,3264
44,6571
70,654
42,2770
27,5283
46,4395
38,2982
105,3664
67,2502
88,2905
72,7280
136,5148
27,6795
72,1960
103,16178
106,8220
40,1979
48,17637
73,6801
59,8341
160,7049
110,6292
30,3266
149,17240
432,12081
47,1247
160,8450
54,2418
88,3465
23,4585
53,4146
73,2106
111,3669
84,690
32,5601
119,3140
84,6876
93,1872
35,2427
69,2088
34,7725
65,2837
81,15081
77,2179
46,5014
89,7498
44,2684
26,1036
50,2158
68,7846
101,5185
78,6860
113,12746
84,5936
36,1950
29,2174
39,4483
72,4383
57,1248
99,1560
56,1646
109,9005
48,9372
96,8025
42,1555
104,4399
97,4289
64,15829
56,6139
114,1586
56,2318
111,11913
104,3539
104,2544
164,10791
30,2572
63,12600
188,8094
38,3932
76,4640
176,7402
28,1530
95,2540
147,12358
52,1815
70,6876
107,2571
148,5595
231,8076
38,1504
23,5452
97,9948
116,3456
65,1472
127,14764
125,10782
32,2082
34,1136
84,3271
102,2838
47,4237
48,1695
75,914
111,3686
72,7092
88,5417
64,2812
62,5427
100,5698
46,4572
88,8586
28,1504
68,3031
29,3096
49,15214
62,3062
38,16566
51,17031
66,6527
99,3142
45,1237
60,9028
28,11662
62,2561
158,2624
42,1949
128,8758
80,6386
29,2119
72,3594
55,6044
51,2280
36,3788
42,6109
443,6597
56,2050
76,3695
96,3152
66,5451
76,5793
94,8078
66,3832
44,3101
112,5855
59,2422
66,6938
151,11800
101,6931
123,1292
26,2403
28,1703
101,3201
113,3427
166,8093
60,8324
88,7478
149,1364
53,4914
84,13921
24,5166
90,6520
98,17414
83,5302
104,3840
75,3228
98,7190
39,5604
64,5559
61,6769
169,17337
59,4130
96,4397
134,9225
59,26849
38,5517
65,999
58,8727
88,14644
56,8600
60,6723
77,2935
28,3222
87,3194
51,1294
75,8988
95,10246
58,2816
70,5391
46,1799
112,1354
41,3676
287,4939
103,7702
42,4385
46,5084
46,2916
58,2836
145,14618
106,2341
119,5245
133,11561
94,2352
39,3139
55,1735
44,3580
117,18540
49,6188
62,6806
40,7624
58,2807
21,5479
91,9314
70,4471
114,15397
97,4254
87,12900
74,2612
88,8418
107,2931
22,3054
84,7415
44,2706
82,17584
52,2847
34,2930
73,1419
93,3284
70,17466
66,5241
49,4314
66,3832
78,2277
111,4182
136,1248
41,1637
50,8448
66,7378
53,3861
83,7383
34,1314
141,2539
23,1083
169,7839
97,3114
25,1607
143,1924
26,8904
72,5970
97,4314
89,1896
77,16451
65,1264
91,5640
30,4173
141,6307
82,9943
61,1791
102,4835
88,4543
59,5230
96,1642
89,15312
114,2947
98,3320
121,17888
47,6530
50,5678
54,3548
77,1224
76,7769
108,12750
79,7869
85,6774
122,6522
89,1772
36,4017
181,4274
67,9057
83,3266
41,1372
73,6798
54,16582
53,4734
72,7570
39,4479
63,1108
64,6000
49,10415
181,23973
55,6173
144,11969
22,2929
36,7232
77,1933
108,7519
62,9363
35,2451
72,3168
82,10683
53,8223
39,6447
66,5618
100,7860
57,3775
80,5032
37,2168
99,7331
69,1601
54,6992
90,9203
56,3245
70,4620
114,5777
27,4506
55,6973
104,7310
115,14982
36,1946
65,10249
88,7039
29,5810
71,7850
68,5649
97,4010
98,11879
94,3527
69,2871
50,16024
91,14568
69,3503
58,3838
13,4342
115,3877
76,2836
48,2921
35,10639
124,11520
79,2598
70,4884
43,3309
90,5427
29,1490
78,11453
89,6426
69,2585
123,4361
68,5734
54,4176
63,8775
60,2162
34,9936
81,8027
49,6949
56,3532
51,2724
66,6450
45,8796
93,2055
109,8587
77,7684
34,6386
33,1419
81,5905
39,8110
85,9305
51,11003
28,2116
49,8089
27,4569
129,8370
127,5184
40,3265
51,2282
37,2680
33,5140
37,2131
91,5154
57,1425
49,4502
43,7307
150,13555
49,3451
91,3869
108,11226
127,5279
48,3780
32,2799
45,1144
67,7478
51,4605
104,3030
68,23944
39,5118
67,4877
66,5267
65,4934
34,8965
46,5159
41,2111
60,2877
120,3370
36,7510
66,12505
70,10767
108,16760
61,4873
69,7255
134,18366
38,2543
66,1233
88,3204
91,8903
45,5521
93,6485
32,3915
116,11586
65,3941
29,6695
26,4660
240,7306
72,3589
50,2094
32,2021
74,7520
76,3796
92,1540
84,8583
76,7149
43,4959
87,16444
33,6398
83,12748
109,4166
57,1892
86,3709
79,1062
49,3255
37,8623
63,15047
97,6019
40,2848
77,18713
27,1121
38,5216
87,2534
108,6871
47,935
52,2444
94,13344
43,9949
111,7530
65,8424
85,19065
122,18864
81,16443
101,18019
51,3927
81,3137
31,1961
51,2593
69,8764
21,5903
62,5062
57,1348
50,11249
131,7420
56,7898
89,2222
26,1936
72,6331
15,3089
62,7741
38,18988
53,5663
127,5064
78,2988
57,6145
65,1156
54,5780
206,4902
45,4955
107,5867
79,6697
70,5559
69,6989
58,5351
58,15291
124,1608
35,7373
155,3610
62,7845
50,4706
60,8536
56,6568
49,4547
128,16576
86,4066
67,6242
43,3263
29,4439
96,1947
166,3112
79,4108
140,6096
120,5033
72,7552
31,1442
65,1551
54,6218
88,7802
42,7892
23,3895
42,7941
76,3597
57,3017
50,6423
67,5945
15,1606
79,3590
113,12990
41,4594
76,5562
76,3048
52,1927
77,3219
159,4833
87,3000
69,4446
112,6333
70,3030
88,15065
57,4872
93,3517
90,4628
59,1748
65,7882
35,13379
53,1515
64,2725
218,5676
66,7203
48,12478
40,9765
91,5098
56,1049
120,15526
54,6795
78,21994
98,6010
70,3258
74,3515
54,10162
132,19394
120,12368
48,2336
116,5756
43,6796
73,5915
47,3234
135,2659
135,7543
40,3072
182,4661
23,5670
73,1014
39,2698
47,7899
59,2104
93,5222
101,13868
51,5030
19,1014
87,3033
26,15896
137,7671
45,7272
25,3779
82,7755
46,7340
109,11877
34,2951
51,1805
44,4641
116,2281
43,4840
30,6040
42,5854
26,3350
102,9209
126,6580
41,8234
75,4383
144,4032
152,11228
68,4697
81,2940
89,2920
57,8156
48,6360
90,2359
110,10908
52,2409
83,19163
55,6727
61,3518
59,3302
75,1282
56,13679
67,8480
79,7606
105,12618
72,1634
29,5179
68,6289
73,3195
112,2914
18,4933
26,5165
64,2014
28,2769
76,10335
166,5303
39,4455
38,7057
207,6038
23,1251
55,2366
95,3120
129,13372
81,6758
60,5620
66,6559
44,5771
189,2792
49,2931
69,8862
73,11479
88,2960
147,2167
154,15342
54,3526
27,6637
135,5700
60,6222
68,3282
53,3231
96,3615
63,5695
67,15731
123,3953
65,10523
27,6087
48,5440
46,6064
47,2231
54,4628
41,6535
57,1361
98,2116
69,2573
128,11563
173,7604
68,3980
39,13599
71,3093
74,6007
94,3779
36,2021
144,5781
52,3719
71,10441
39,4325
91,4388
50,1079
109,11711
38,4175
76,3733
74,2566
91,18017
46,12876
105,4614
64,3976
28,12051
58,17558
543,6030
12,7035
125,9470
97,1906
88,11003
37,1440
46,2324
90,8398
27,4405
51,4399
106,18336
48,3905
103,10522
54,3249
55,3250
74,2720
73,5791
66,8795
135,13575
60,4888
94,2897
54,15496
108,8849
69,5050
134,3184
88,1778
79,6588
78,2538
99,2316
78,4032
65,1426
112,13770
62,5721
43,7551
70,7061
45,6037
62,3896
37,4381
34,1433
109,6105
137,17390
88,3408
57,2642
88,6237
24,3708
67,11377
54,4450
162,6631
18,7409
62,2922
53,4041
32,2563
20,3536
91,2384
45,6435
101,8730
62,9082
67,3342
78,2500
165,10760
102,7673
89,7746
56,7587
72,1236
65,16339
92,2372
53,2624
77,7517
90,4920
137,7044
106,8122
112,9941
74,2984
49,7169
56,2460
62,18645
85,3342
54,1959
63,9992
68,5205
85,5605
96,1594
31,1849
89,21825
76,6316
60,2970
60,4934
66,1242
81,1783
75,1924
92,10959
114,8538
139,7378
117,4224
116,5794
54,1748
46,2169
37,7222
105,14905
63,5432
140,16096
95,6307
97,4725
95,11116
168,11568
101,16521
107,3758
66,1176
23,2728
100,4718
272,5646
82,3727
31,5420
112,1835
103,12907
68,3283
86,14001
104,19394
38,4174
17,4448
82,21620
58,3685
60,9423
93,3411
59,3835
75,6272
67,7151
50,6010
47,3299
60,1618
182,14030
55,5355
72,2005
71,6286
128,6163
115,8316
29,7409
55,9258
73,1137
56,4414
70,4623
49,6955
96,9843
110,5941
43,2819
40,2394
74,11228
52,6238
58,1915
115,17240
86,5525
51,9331
45,4109
62,1482
50,2804
69,7235
102,1894
84,11592
92,1125
227,5992
56,8761
150,11459
149,6493
99,3743
107,4483
59,6329
68,4663
54,3784
17,6167
34,5624
34,2181
75,14967
69,10809
70,2956
68,3660
67,5132
52,2613
64,2358
79,3457
67,5479
76,2081
68,4053
69,5584
59,4972
29,3530
153,6319
94,12015
105,3104
117,4623
71,6218
82,6322
107,8319
47,3348
367,1309
50,2944
127,5958
55,3818
54,14092
41,14407
88,14178
56,7949
109,5254
90,15918
145,2575
54,3636
57,6759
55,4296
35,5536
136,16312
29,3380
99,4090
41,3144
46,3994
109,13082
22,2458
48,1653
77,16300
149,12978
90,3707
35,2167
35,1196
74,10750
76,3422
89,3491
98,5244
49,5489
48,3216
26,4959
86,1749
60,3859
94,4795
68,4713
58,2291
34,4994
93,6846
55,1157
130,3685
123,5669
1052,1680
154,7459
84,5390
40,1281
51,3621
96,5812
69,12875
75,3449
17,3540
69,4546
63,5802
35,1825
73,9098
146,15557
33,5993
155,16636
125,1500
54,6885
63,4795
122,4746
50,4860
71,6133
43,3927
37,5586
71,6194
34,2233
71,11041
28,2818
46,8313
131,3572
115,4379
99,3230
42,4361
61,5895
81,5690
95,6549
73,4028
53,4026
56,3242
111,18719
76,3322
53,5741
31,9453
107,2909
83,2299
44,2109
131,15258
105,16250
28,2015
29,1306
83,2444
121,7268
26,2659
46,4075
19,1665
57,8037
134,14776
49,3843
51,1482
89,20095
61,4839
62,6217
30,1613
62,1247
93,4491
71,1623
84,4871
77,10174
96,2404
62,4800
57,2653
222,4204
84,2428
99,8964
32,3196
78,3164
70,1196
27,5140
45,3896
81,5985
38,4909
56,5969
28,4010
120,2518
77,1810
80,3067
73,3244
101,2439
57,19041
77,8974
59,5716
20,6154
59,1674
47,2699
86,1112
86,9222
58,5714
76,14221
94,6210
131,4820
58,14463
36,1051
63,3063
39,2162
46,9359
44,948
36,2799
34,5328
47,1598
28,6082
89,8326
86,12625
76,17841
40,5453
35,3043
84,3097
77,4231
47,12004
37,1999
43,17255
25,4544
47,4398
141,11517
97,10665
80,8580
89,1808
68,6117
75,3654
91,4866
168,5740
86,4687
97,7584
60,568
160,2283
62,4134
94,4962
39,2207
106,10985
101,18696
54,3656
69,11071
45,2731
99,1452
74,2796
59,5023
137,3437
56,11051
57,7494
37,3190
60,13988
36,6745
56,7681
57,4108
123,7103
51,1758
120,3716
54,2574
70,10905
18,2486
88,10525
151,10949
109,6276
84,2634
83,5835
69,2360
87,5023
53,3001
398,12933
35,4001
102,13317
142,6213
61,6433
64,4024
109,17958
64,3459
51,1550
126,8443
55,6420
91,12589
67,6330
67,3228
97,995
68,5378
154,10067
64,8319
63,3462
116,9928
80,1976
102,2090
30,4830
75,2617
148,10544
48,6377
85,3146
74,5539
93,5684
37,1878
29,1418
24,2222
62,7825
75,8850
88,5242
106,16833
25,2708
162,10021
145,2236
101,14055
131,4676
86,2953
227,5290
148,2112
49,4448
36,15194
62,3976
42,3857
63,4540
128,4037
126,4429
139,4096
78,2044
49,11119
80,2793
55,4453
57,9031
215,8270
82,6113
44,4131
187,5086
104,4236
66,3638
67,6769
152,7506
38,3563
46,14117
30,6458
30,10278
95,10170
53,2400
27,3333
109,1814
80,12538
64,14759
87,12758
119,7141
27,2814
88,2381
39,10964
77,1248
138,4540
51,2954
47,6021
40,1652
113,15384
30,1822
53,11404
53,4137
118,8730
77,5109
124,2178
24,3109
70,4205
72,13672
48,3013
42,2551
116,4224
30,17907
38,4610
61,11995
141,19598
104,2831
48,1940
27,8183
57,1850
155,12789
100,19844
123,9991
156,4853
62,1074
51,8910
83,4744
102,21121
119,17127
26,8599
117,3333
134,4343
55,2115
102,7259
196,6759
75,10088
52,3319
62,811
172,5699
97,3172
40,2750
42,2469
70,2022
125,7296
22,2115
29,3766
69,3462
81,13513
57,3215
108,5073
32,6160
55,2821
15,2194
36,6047
113,5674
141,3644
65,11238
45,3275
25,5178
55,4500
65,1711
116,5394
50,3900
30,6549
78,13471
71,11331
85,15479
66,4645
114,9971
103,3081
192,1964
90,3015
92,8661
55,4514
51,14957
246,11753
92,8938
57,3824
97,3633
65,2275
45,4106
97,4309
71,2976
36,2494
132,5012
128,12462
77,6665
24,1578
49,3235
62,9866
93,3594
86,18984
26,4044
88,10798
100,3457
57,6615
171,4291
61,2437
64,9568
30,6407
79,4834
186,15286
88,5368
50,4759
90,13065
54,3219
72,2330
70,7947
112,11378
73,3715
84,2732
81,6591
61,23201
49,1632
61,1227
161,4853
81,1326
64,4627
19,1856
87,4251
156,2750
56,14888
49,3621
67,7282
44,4382
101,4780
59,7805
44,1151
73,15407
65,4804
42,2559
121,6723
104,5547
81,7876
42,2584
47,4024
119,13411
40,4290
42,5511
203,8264
66,3148
105,17105
59,4338
50,8930
101,8034
119,3564
75,2855
88,14749
70,3611
65,1281
25,2624
64,12039
27,4399
21,7180
55,2911
25,984
77,7646
57,15868
88,9956
57,9963
41,4309
80,4466
43,3178
105,5346
36,1716
61,4399
56,1093
62,2289
29,1482
78,5353
73,2835
64,10418
90,2752
90,4373
89,3482
42,5776
57,9838
92,1562
108,1437
63,6331
100,1086
28,3270
50,5931
46,9755
42,4012
45,14989
33,3602
98,4536
85,8332
135,1616
20,7111
89,5813
64,2604
37,4369
106,13109
114,7307
44,4453
78,4211
36,4569
81,6020
85,15227
35,3110
52,14923
60,4675
34,4152
156,5495
42,3207
80,5160
86,18177
52,5274
78,5493
79,1904
60,2035
49,3287
67,7437
66,4706
52,5361
99,5039
62,2369
70,4532
131,4295
118,4604
58,5339
69,5040
60,4565
55,14171
47,626
53,10517
89,14655
76,4036
39,4952
61,1903
56,2552
107,4489
61,2228
86,5427
26,2673
80,6399
52,12270
43,8506
65,2665
131,5305
30,813
96,6967
78,2267
55,4386
58,9057
98,10623
43,4166
31,11147
96,4227
82,11033
31,2686
58,3941
28,3426
57,7161
89,3248
55,4568
29,3130
118,2662
85,4838
52,1772
121,9995
75,4940
63,12286
68,2410
111,3688
83,4358
64,11018
40,6899
27,2449
46,2001
73,9977
81,7869
102,9661
34,11596
183,2809
35,2888
182,17112
72,3695
27,2695
67,15575
119,5567
57,8162
69,9132
35,3943
30,1780
36,2605
109,12458
49,3129
64,2470
151,2337
54,3943
66,14501
111,3489
50,14437
66,2401
103,19761
81,1365
63,5053
33,8272
132,2470
146,13374
130,9100
94,4339
123,4941
111,6280
83,9115
100,8211
45,19881
104,4176
69,1949
69,12346
87,13600
66,1701
79,2149
144,15857
86,4456
156,5271
56,14185
89,2302
93,7642
44,1964
92,18944
185,3384
36,3501
65,5644
67,3841
112,12557
32,3402
94,9594
32,2910
39,1068
129,11160
140,4720
38,4036
57,3101
30,2337
121,11919
78,4309
63,2102
50,10571
41,3332
104,5289
74,9456
161,2608
40,2385
98,4533
116,3027
32,6198
114,20242
47,4055
104,2883
29,3504
60,4193
55,4001
55,7817
43,2479
79,18416
85,4609
75,6728
35,14650
58,9827
39,2608
131,9892
141,4429
86,4569
66,5321
69,4944
26,1533
60,1612
44,2384
45,4512
158,4630
33,4483
85,2011
65,9707
143,9345
25,1969
80,2600
37,4040
38,7260
44,2428
92,1888
48,1617
49,5849
89,3745
57,6491
84,9721
96,9702
194,13165
61,9385
65,4094
63,16977
56,8081
52,5910
76,8340
56,13810
59,6249
20,1669
37,8995
65,2444
78,2809
82,1280
113,11247
176,25816
42,10475
120,15206
83,1293
60,21329
46,2957
32,960
48,7195
28,3202
38,4757
88,2468
109,4579
51,3137
69,6782
155,6258
28,5099
65,19509
147,4975
112,9470
123,4740
27,7741
128,16975
74,7560
100,9073
57,4433
83,5017
39,11569
66,2533
47,3253
107,4425
30,1972
80,1875
326,11181
41,637
99,1970
60,4384
55,5672
38,3123
39,4144
76,3045
45,1346
27,11413
30,2110
27,2428
78,3697
109,2634
117,4481
140,7806
79,4509
46,17797
58,1596
174,9273
218,7609
107,4289
49,4277
34,5247
174,14665
37,10487
29,1529
103,7342
64,2920
121,13233
72,3781
102,2561
60,6190
55,3009
55,3746
61,3278
103,4039
43,9823
90,5052
46,1066
60,2334
97,9087
32,4903
83,9802
67,3798
52,15870
49,8149
60,3573
298,2102
65,2246
32,8616
35,1697
82,4056
90,13480
142,11773
96,8048
58,5240
49,1236
54,1168
37,4534
149,7502
91,4278
80,5045
93,4339
47,8425
93,3086
103,6394
49,2594
71,6271
41,1938
94,2689
227,8675
52,3413
81,3371
129,2108
105,4627
77,10154
54,5841
79,2177
110,2615
88,6442
43,3273
120,18664
67,7315
116,3440
79,17605
36,2154
173,13054
46,12698
32,1810
53,3289
79,15249
44,2794
75,12911
64,6597
87,19373
41,3273
37,1863
298,5208
87,13704
91,3222
55,6874
27,3896
29,2582
25,3597
96,2226
75,8911
110,2207
126,8802
74,3415
200,10552
26,2500
40,4069
110,14165
79,3852
88,6646
177,4818
126,5035
29,2461
46,1986
89,14970
84,4405
68,1328
107,10487
66,2848
25,8699
165,3880
40,3649
98,4530
39,2507
30,1207
63,3417
137,4671
121,11669
64,7740
71,4838
104,10702
40,3282
52,1962
34,2558
241,3291
30,3854
25,4788
61,3889
69,2485
120,11691
83,10028
36,3042
74,4205
76,3507
130,17741
67,18826
46,4765
64,1172
155,4507
42,2290
37,1297
43,2856
160,2203
102,7429
20,7055
75,4259
103,2491
86,3471
76,7470
28,9440
56,5949
48,3155
59,17099
82,4739
54,4381
127,4970
45,3148
133,14333
71,4529
27,2666
88,3086
100,6787
38,8769
48,1269
69,7713
39,3286
26,3119
103,3675
46,3686
69,1091
117,902
35,4933
93,7404
132,16682
34,4471
152,4123
145,1724
120,2603
32,3851
80,5645
21,19377
138,18345
50,2335
117,18054
26,1181
41,1401
45,10471
53,8794
61,5449
43,3381
69,4582
40,4736
28,2890
47,7739
68,5264
67,12389
57,4596
39,3731
59,6153
17,1807
53,4615
46,3972
61,5527
88,2383
108,19749
95,2595
42,4314
71,10203
144,26560
24,1639
87,10253
80,3101
135,9613
116,7778
39,3966
16,3281
60,4226
53,1394
139,3368
62,2066
58,8682
95,3615
89,2714
35,7598
28,1559
108,972
52,11127
32,7360
81,12223
95,1961
103,9186
63,2974
24,2008
100,3024
26,1331
126,5424
45,12437
52,13570
82,2720
92,8452
127,4932
152,24571
134,5932
57,2989
18,9395
77,4233
53,5871
82,12247
92,3449
92,6858
117,7572
39,4675
71,897
83,6437
117,11346
33,5261
47,3895
182,17465
89,4150
62,3171
58,9334
75,8045
44,3597
32,3052
46,8175
98,18089
46,7065
26,3539
97,5188
56,3402
98,7476
100,4712
79,2951
134,4670
34,2463
36,3834
74,2355
71,4693
81,5327
89,10311
49,7857
54,7711
116,18522
35,3621
102,4577
73,2310
79,3129
172,8737
87,4484
35,3754
175,3210
47,2227
193,12045
37,2955
89,2803
75,6667
117,12939
67,4367
113,2080
50,3123
30,7207
117,8309
159,21427
85,1108
60,3766
62,14498
26,2078
69,3076
36,3177
101,17701
92,3137
47,3936
75,2556
76,12967
69,1838
54,4247
103,9193
94,3382
104,4660
24,2709
73,10359
28,3481
81,2042
50,3521
74,1317
43,2961
46,12278
38,3181
38,12927
84,12111
59,15109
91,12189
73,11145
59,4231
47,7619
85,20581
67,13953
78,3176
52,2099
70,7809
39,7021
93,5139
40,1479
105,1483
66,2996
26,6711
40,2496
60,2226
61,8789
84,8967
43,17105
29,2387
166,16246
158,22301
83,9697
43,14382
132,7543
79,8732
120,13314
80,6186
88,1609
174,8583
44,6233
72,10778
70,1720
142,1958
58,1685
31,3131
146,5776
42,11431
63,22653
69,2919
137,2665
24,3134
102,2628
53,6025
132,3474
83,14740
56,4608
67,6969
33,2998
72,2241
48,3649
34,6805
72,19171
81,5957
59,11924
37,9053
55,7523
124,2647
19,1430
46,3228
131,5653
97,6537
35,9703
122,9026
86,22786
60,2265
164,5226
89,15053
148,4270
84,4158
118,4951
76,3544
186,3143
55,4160
47,7946
30,6055
71,2753
83,4463
102,3564
98,6198
24,2250
55,13503
24,3333
38,10270
137,2118
135,11056
117,8925
60,2408
96,5023
39,1929
114,13872
53,4211
97,3068
39,8521
42,7986
92,5693
123,11013
136,3926
50,10281
142,8796
129,10490
58,6138
60,4172
55,3518
73,7147
95,3844
77,2586
151,5313
40,6864
73,14338
31,1307
26,2354
77,1207
110,6904
81,7727
88,8148
221,18542
73,7162
18,3569
62,10286
120,2645
190,4334
95,4440
194,11367
64,11247
68,18316
100,2254
57,2636
66,10054
31,7011
91,4117
100,15414
87,5968
190,7867
37,7416
32,2249
35,12638
40,700
92,9898
103,1684
33,2403
76,11457
51,3077
49,3633
84,12032
70,8268
280,16100
124,8788
56,6268
62,1700
79,7447
84,2635
182,6359
53,8491
61,8596
77,6999
48,3546
88,11378
151,10505
122,2005
70,3731
40,1561
46,9706
32,11372
60,9440
126,6181
107,1005
68,5631
34,3662
48,2030
121,23184
108,3552
36,3330
42,6425
87,12838
53,847
28,11384
40,1277
55,8511
59,3764
106,7396
72,3203
87,12060
44,1451
36,3399
113,3618
103,7035
64,6451
62,6435
63,9956
35,3542
34,2274
68,1689
326,3804
74,8623
94,1535
83,6861
84,1389
49,5107
36,1236
63,5217
38,2070
87,2087
100,8192
122,5337
118,21956
23,15526
178,12832
60,1183
104,5429
136,6396
24,4250
164,3519
44,2614
129,17232
58,8472
69,8551
172,16009
114,8529
51,2008
86,20587
51,5044
25,3682
109,16522
60,13717
30,8086
21,3368
75,2773
75,5020
70,4002
195,5499
51,7150
51,1977
97,5052
126,25091
42,3121
31,8855
50,15991
106,4619
206,8668
127,11117
33,8007
37,5663
80,4417
47,12085
53,10194
92,6254
14,3772
44,3478
91,16658
63,12059
58,1002
87,4892
105,10220
96,1198
61,1028
35,5292
46,2553
64,2870
162,3775
78,4285
119,10615
113,15646
36,5043
173,9470
73,3505
83,7724
97,8901
165,3637
220,33426
63,2783
354,22357
45,13116
81,16993
65,2983
54,2929
36,5457
88,9241
86,3364
55,9651
35,4463
44,9962
89,12351
44,2577
97,5156
36,5477
114,10515
60,5604
80,7888
69,2984
62,18358
112,2232
96,2420
172,14333
87,7237
63,3011
40,1131
56,8610
86,3388
93,3725
46,2731
62,4390
65,3622
68,9863
58,3817
62,8445
76,1390
77,9083
82,3695
67,7132
43,6629
71,11813
54,4285
63,4295
47,3921
55,2116
58,7465
76,1816
67,14925
219,2373
28,7414
131,6960
89,5249
74,5566
135,11430
70,7464
35,2785
73,6096
54,2801
95,3774
49,2539
116,13674
31,2074
33,5763
38,1418
27,1076
52,7651
51,17516
175,17480
155,9220
40,9095
91,6410
70,6127
70,2522
57,1850
83,2061
39,6819
109,15201
54,3194
66,4285
45,5586
92,2593
110,2686
25,2031
139,3984
80,3837
70,7904
85,9691
79,15984
53,4266
74,12867
59,1714
18,15946
51,3737
48,4762
55,6099
80,2276
65,4778
19,1868
47,4754
53,8616
66,1728
211,2672
98,2864
70,8523
55,13799
59,8284
32,2967
112,24641
116,5872
134,6460
106,3174
24,3779
30,1355
62,11961
104,16338
79,2609
55,3785
25,2949
48,2941
118,1676
71,3764
47,1522
66,16990
60,12287
55,3107
62,12977
71,2910
20,2949
60,7550
186,19768
86,10451
66,2811
92,2325
72,12665
118,12817
48,3587
99,4066
52,9514
83,4778
317,2373
36,4356
135,5328
18,4250
100,3359
44,12146
37,3451
79,15327
68,8423
62,4532
35,6800
24,9014
44,2723
49,4054
103,6812
106,12578
58,1612
57,6207
108,4508
43,4723
73,7233
100,4265
35,3104
20,5648
138,10803
93,5886
137,9490
54,6136
73,5609
78,12527
124,4934
99,8696
108,2579
108,3483
98,2002
84,5532
72,7410
183,7932
72,1771
73,1099
29,10646
72,9374
124,5275
89,17952
67,2712
58,2203
35,5569
85,3654
52,4351
98,4876
43,4303
40,8964
21,5578
52,2607
52,9709
33,3934
90,2676
24,2611
107,7010
198,3344
46,5194
43,1157
31,2691
91,17772
25,5955
52,6036
90,2605
132,6336
72,5926
38,3769
92,10145
34,6393
208,12115
42,10432
72,5478
45,2204
57,7339
45,6785
47,3896
69,16435
91,3426
79,2422
81,1742
69,2201
70,10046
34,2306
35,4859
225,31499
95,1940
69,6486
105,6769
147,4629
28,6859
75,15607
40,10278
76,13565
42,2024
117,6545
62,13156
68,8936
82,1333
109,4646
43,6236
46,14553
24,712
83,6061
113,12582
116,10689
142,3981
86,12407
45,3173
32,2126
177,5501
161,1538
75,6379
84,9156
68,12590
46,6420
48,3357
111,2726
57,6348
27,4103
71,10872
27,1703
58,2595
133,3607
33,4925
137,14566
70,2240
64,11558
38,8151
38,2744
31,7213
80,8806
92,4989
38,6243
57,5429
72,2664
86,15325
84,11022
36,1625
28,3548
105,19136
91,7122
83,8463
161,8999
109,18269
43,14100
51,1220
85,1369
73,2071
80,9879
141,4950
724,3264
72,11964
68,2765
64,6220
54,1942
160,19480
60,10047
71,12584
36,4233
31,2401
71,10136
45,7170
17,1248
58,2134
88,2649
75,10610
91,3225
41,1787
55,2195
31,3391
71,6435
70,5287
40,1026
198,5485
44,8048
96,5070
62,3184
141,3920
88,21319
51,1974
43,2984
112,19168
98,6513
116,2441
53,2419
107,4326
136,12202
47,2843
43,8635
76,7814
36,1765
64,11994
53,2663
40,18103
136,8120
78,4340
67,3017
47,8552
22,11970
67,5531
143,7736
169,7519
72,1431
104,11097
65,3361
157,2966
34,2040
121,13031
43,2047
56,1482
55,8947
36,3870
115,6519
55,5655
137,5981
109,7146
48,1573
142,4588
62,6141
80,6614
28,2716
57,13527
51,1034
119,20316
58,2513
64,2718
101,16299
90,13975
81,2581
156,1777
22,2327
94,2579
62,1449
181,16843
139,8362
134,13686
105,11578
54,2136
67,2922
80,19992
65,13499
55,2379
183,6411
97,12533
58,1098
40,2458
88,7183
67,2732
105,10787
55,5179
68,20057
84,4733
56,5448
31,1665
51,1258
126,2497
56,4202
43,3693
56,6862
29,2178
116,12397
80,2231
51,4551
95,24285
39,7403
143,24991
149,13097
98,9270
79,2595
121,18612
78,21304
163,18507
35,1716
76,2543
72,3281
63,1783
92,3027
86,2602
74,3126
184,9902
173,1569
61,6962
85,2812
89,1483
37,2576
89,4738
148,7107
25,1229
64,2195
99,6925
61,2035
102,1573
39,2970
37,10701
51,18743
76,5591
67,2176
48,1602
89,19052
98,14436
108,17895
116,18101
78,5649
80,10824
36,10375
29,7442
103,12599
49,6799
63,6335
90,1560
43,4614
103,21021
30,7425
34,7202
102,8139
50,8909
190,8760
102,15429
26,5450
119,15232
27,1359
51,4494
67,5228
108,7071
88,5313
95,17647
83,1551
52,10704
65,14452
93,5188
31,3440
98,2579
45,5642
62,6254
60,5147
45,7452
113,7959
47,1773
50,4635
50,3743
129,9016
60,8432
41,3138
60,7081
56,4730
139,5387
55,4067
71,4487
63,6295
19,2909
45,3473
61,8972
96,4350
26,3499
81,7477
88,7382
60,3511
48,6568
66,7194
54,14498
391,11865
81,1638
71,6608
94,5962
71,4647
30,3146
48,3787
52,3474
88,1982
80,6796
43,11332
52,3118
22,2141
236,7510
42,1970
76,1938
41,5232
119,4436
39,6551
76,1860
276,9252
34,8584
47,4953
40,2215
41,7954
98,2811
92,8890
40,8361
78,6681
49,1862
106,4093
144,10597
74,2799
51,1514
120,1788
36,1961
64,11616
84,7326
48,1360
46,3352
46,2434
42,3066
115,3481
204,7512
64,14984
54,4465
102,19626
82,2657
101,2469
132,11205
74,2397
58,4428
73,12722
85,3953
34,3896
107,13981
27,1922
62,3398
31,3176
94,5156
111,2401
43,9986
16,2308
239,26181
47,4081
42,3035
164,17860
53,2818
103,2749
60,2083
132,7849
119,8706
43,5218
109,15085
76,14794
67,8865
99,12072
71,992
68,8941
45,3419
42,3349
63,4405
79,3971
155,15839
114,3258
50,2932
96,12745
18,2725
95,6204
138,12695
107,4418
78,1895
66,5608
19,2049
63,2570
47,9981
52,11403
103,3786
89,2875
139,4895
178,8749
77,3334
64,5416
130,13798
49,4901
77,10300
156,3741
52,16617
64,2159
56,12895
46,2077
62,2399
98,3883
117,2459
93,1417
50,13870
90,1025
65,8797
81,7546
71,3357
72,4305
55,4005
60,16397
45,8514
36,6909
18,1715
48,9982
40,4347
56,3435
36,5159
107,2299
57,2998
144,12972
86,1313
56,8467
105,5984
84,1421
68,1517
198,8723
41,9682
51,4287
784,2222
66,5940
65,11381
38,6394
93,13983
61,5072
87,1243
81,14721
48,4171
85,3076
112,7999
112,2364
124,2852
36,2591
114,4179
46,5431
52,2344
61,8317
53,1860
77,8491
46,5707
203,5239
159,11016
73,12306
95,5173
123,9826
56,2586
88,2719
129,12140
96,4788
51,4230
113,5850
76,7333
50,6183
88,7170
98,3347
38,2151
98,2739
48,3102
19,1419
82,11425
90,11120
25,1995
142,17724
72,16354
120,2443
74,6788
57,3517
160,3463
58,17264
70,4567
210,15949
111,14882
120,12611
38,2413
48,2274
116,2087
45,5739
120,9059
43,6037
89,5098
68,8186
139,3396
27,1669
95,3222
135,6850
100,4178
71,3552
81,5469
138,2738
44,7165
83,17182
49,2811
55,13053
93,6179
89,4205
64,8488
49,1447
75,12953
107,2551
61,2193
44,5408
119,11432
62,1474
86,11358
75,6716
102,6171
117,14139
29,2521
105,2263
73,1603
115,3262
87,5801
68,18455
73,4830
122,7425
55,7534
69,2715
78,3500
73,12137
58,12147
63,3327
21,4707
125,5422
136,4387
104,4325
123,2059
95,14066
63,8507
90,13012
116,5943
101,3589
104,5167
51,1714
75,1133
149,13655
70,6280
97,5901
55,3869
81,7681
102,1008
204,14083
87,9225
81,4600
66,4477
83,22374
74,5147
74,1324
120,1759
191,5505
85,1598
44,8129
54,6660
142,2187
84,2214
86,22908
29,8394
47,5236
87,2262
164,12896
64,4866
55,3503
91,8548
73,3810
125,15263
85,2492
83,15154
135,15184
83,9523
38,1407
41,3720
39,9717
26,5234
190,3971
28,1486
70,2781
85,11067
87,2059
107,1067
44,3082
31,1375
53,1532
41,3214
95,4650
39,4374
73,3919
84,2129
83,14908
33,1995
76,3791
56,8502
91,948
52,7095
44,5262
37,8612
70,6338
48,15337
84,6688
87,3031
44,3218
66,5479
123,15527
90,1965
63,18715
114,1574
106,7443
73,4256
173,4303
44,6391
61,1845
68,2108
106,21040
24,5237
85,3976
51,3833
157,6040
48,4612
46,1602
72,2491
182,15910
84,4561
103,15609
53,5323
102,5986
63,2693
126,7645
186,19553
129,5537
97,7268
93,7139
39,11344
116,9608
36,1919
50,13752
110,11049
83,3555
104,2134
177,10919
56,7926
112,3124
50,3512
151,2086
79,14693
41,2734
112,7182
77,1435
55,9712
59,13735
90,1655
94,2702
99,6915
65,8136
141,3434
35,9689
44,2008
120,5253
68,3436
147,6759
297,6560
516,4873
95,6522
35,7184
61,5234
52,1856
44,1400
91,5521
56,3279
56,8135
171,14472
96,13958
90,10702
75,4162
96,4270
176,9125
64,1441
44,8204
42,4438
19,2816
70,16980
16,1943
68,6271
41,4886
57,5218
33,2206
93,13888
42,5894
51,1486
103,1663
26,4788
63,4591
55,6583
86,1864
77,4489
80,14059
95,3401
79,3681
57,4389
173,3057
17,1038
34,1110
114,3774
62,2534
51,4348
97,1947
112,4760
40,5832
53,1270
71,2157
61,6842
40,3900
91,2936
159,4475
45,3074
69,8795
26,1571
109,2032
25,5506
70,4157
133,26500
78,1722
46,5088
46,3193
94,12339
78,20344
51,2945
72,6015
13,2039
32,1917
63,3383
69,5671
34,7407
54,1358
63,2401
47,9235
66,5343
26,2400
29,6065
99,20105
44,1954
56,4310
78,9101
68,4523
79,6837
112,5348
108,7440
40,2031
92,2656
48,1335
56,8816
92,6251
40,7496
84,5667
67,14086
84,3829
51,7573
98,5916
20,1746
42,3728
18,952
62,1257
54,3757
32,5085
61,5157
47,20145
104,973
56,8068
82,6343
324,5145
65,1446
30,2323
137,9759
33,1280
43,3042
80,2730
90,8136
49,1489
38,17471
71,19394
57,1345
76,3193
74,3553
59,10132
78,2684
32,1249
131,22732
46,6404
74,1998
47,4309
35,5755
91,12185
88,4228
45,14129
59,903
42,4160
36,4636
192,3234
44,775
99,3640
42,1526
51,4197
169,3647
100,16388
75,8227
119,3548
73,5544
64,6776
135,6458
18,2844
41,2750
61,2880
64,3939
122,3492
99,6626
30,9568
73,2051
43,1873
40,1947
76,2106
54,3407
57,2022
56,7631
51,891
85,2921
24,9827
58,6206
36,2485
39,4495
57,8294
49,10152
79,7579
82,16664
64,13788
74,8086
46,4681
75,12324
56,19552
53,1630
67,1850
73,7882
83,5305
74,3209
57,4360
155,14035
116,5282
265,14167
131,4227
54,6234
35,3937
55,11580
164,14470
64,6176
96,13943
72,3595
278,19487
79,2030
108,2885
104,12634
88,4845
134,8263
57,1169
54,4561
51,7417
145,8154
63,10556
69,1858
74,7404
66,1764
65,9657
89,3435
62,3868
78,4729
76,4738
96,3552
43,1709
107,7127
87,16508
47,2510
44,13446
90,4869
65,8265
53,1668
55,2811
98,6787
88,2960
86,5210
50,14514
25,3875
100,2619
100,5930
138,2952
55,11594
104,10274
59,11759
46,4465
41,2647
100,3373
93,5723
70,2383
57,1214
94,5298
63,6036
92,11630
55,4945
79,1088
26,2289
50,6489
37,5218
62,2921
94,7498
126,11961
26,3648
36,7989
41,1525
89,14104
314,7949
27,6849
102,13418
151,16718
98,14668
93,14796
67,9289
105,8558
121,2800
64,8154
37,11216
27,833
55,1063
49,1064
199,11471
44,10210
32,7274
101,7435
33,5958
64,4900
67,5868
68,1280
60,6196
51,1734
55,5357
114,7141
54,4197
81,8637
89,3159
129,17773
62,1946
81,3003
50,6598
42,3696
52,10561
42,2633
48,6241
54,13331
112,5907
122,9226
28,6739
112,4594
91,16452
69,9954
43,17746
86,7224
103,5962
70,4440
50,16374
76,10006
47,2325
149,7560
50,2539
49,3599
73,2513
152,6009
40,2062
96,12350
205,10475
105,6152
92,14446
56,2046
62,12530
106,13309
122,9259
76,15469
101,1306
39,5567
36,13809
67,1264
114,2987
51,4172
38,1353
68,8306
65,6771
85,2481
99,2264
73,1893
34,8315
45,2843
56,2990
82,4756
133,7489
51,6994
96,2918
127,1403
124,9531
64,11155
111,2335
44,4432
31,6142
92,4748
69,1292
33,3999
75,6409
33,3860
92,17174
91,3557
94,4710
28,3718
94,4135
79,5701
74,9899
52,2871
61,4889
48,4739
82,22707
61,21594
40,3607
86,1852
82,2116
155,13240
162,4537
47,1807
53,3459
78,2262
39,4464
44,6318
120,3830
63,2758
112,5477
74,8076
26,6646
165,2517
47,2903
68,3567
49,3604
55,12788
83,12412
101,2955
39,5926
74,5104
106,3148
42,1384
41,3715
91,7781
125,9145
76,9792
59,3660
64,6128
167,2599
52,7946
83,7137
50,4008
134,4662
93,9994
107,4539
152,4495
90,9335
95,16263
65,5505
91,5340
102,3156
58,1915
117,6501
59,10134
100,6982
151,4080
82,4782
41,5228
105,19762
60,4712
33,2966
54,1664
112,15577
83,3165
60,8915
29,10706
65,5459
16,8712
64,4815
35,5260
69,7601
114,3457
59,4871
29,1129
75,15394
80,16611
79,1027
82,12326
211,8320
41,2677
60,2142
51,806
69,8915
43,15967
111,10771
31,7482
57,4136
47,19328
112,7160
12,729
53,12024
203,1571
62,8990
171,7149
42,2595
97,1440
35,1179
58,11487
84,3672
77,10875
124,5878
154,14483
117,11877
45,4954
83,4936
92,13308
83,5502
87,5754
60,3609
84,12307
158,9389
58,1277
434,7464
53,13740
50,6488
73,5525
119,9130
51,5657
106,7449
51,1980
92,2912
239,1838
63,2107
61,15736
103,4663
114,5870
238,9321
91,26663
103,6595
149,13238
97,2749
38,5404
28,1946
100,4562
37,3411
209,3381
50,3866
80,2298
81,6012
49,4689
79,5423
88,15311
47,8071
115,3836
148,14697
62,4214
110,9034
77,4670
31,3492
47,7481
142,4390
28,1635
110,5283
108,13313
29,1174
70,6691
60,5463
61,1653
97,8922
92,11831
109,12306
47,4701
117,7186
144,1442
23,4995
112,11116
36,3197
64,4421
71,16432
65,2338
87,18332
106,5022
163,8036
19,3103
87,12825
19,1569
72,12794
37,1694
160,7105
164,7621
80,4399
182,11633
135,9251
97,10830
114,8396
73,2452
94,6186
119,742
100,7623
128,3914
76,7218
49,1085
214,17630
71,6872
60,8480
45,2440
84,12098
102,8740
70,7017
77,4641
86,5271
130,6017
40,3260
67,2177
67,4132
34,4079
73,2581
71,3461
56,1711
130,13822
86,3816
140,3693
34,2863
76,16514
113,2734
255,10697
109,13820
173,2979
39,5227
72,3396
103,3274
53,15368
63,2469
17,1192
465,15944
91,3677
183,9483
91,4213
105,5860
47,1997
24,1988
98,12639
53,2404
75,3439
56,4518
151,8088
65,8882
122,5371
59,10537
46,3286
66,21434
66,5829
191,18046
169,20300
89,1483
96,7450
86,11994
71,7553
38,2533
66,13656
52,2452
98,2828
90,7132
42,3735
71,8296
90,5981
32,2987
64,2375
109,20618
72,6230
144,2126
90,2630
44,8755
46,19166
52,5701
59,13199
148,14842
79,9887
43,7351
54,1434
85,2599
45,7915
50,10095
47,4505
119,4985
62,1955
52,13456
102,12377
76,14303
57,6180
22,7149
124,10801
60,10954
48,4200
84,5910
35,5897
34,5841
107,15275
73,3554
37,3489
15,1344
81,5296
51,5486
44,5203
92,9226
37,2018
56,11366
46,2700
45,5277
68,8127
25,1925
117,18605
47,6249
46,13293
102,1281
42,5848
120,13003
26,1442
77,1386
34,13352
77,4049
95,5607
48,3489
68,3562
113,4640
63,12950
43,1511
168,18729
161,12165
62,3548
27,1398
51,9719
83,6189
104,4129
117,9597
40,1577
99,4754
66,16111
80,2806
28,5753
49,1280
66,3005
137,6205
40,20232
42,2740
91,3207
80,5405
73,4412
37,4425
93,5358
98,3635
139,5517
70,6168
38,6485
100,2963
157,16285
66,4728
85,5297
108,5122
73,2364
32,3402
71,2724
55,7888
44,7683
98,2204
38,2100
67,12368
110,10642
133,8163
25,1176
105,3442
50,2687
133,6728
18,1859
42,10749
44,5130
112,4694
76,3619
153,10863
55,7229
81,9989
53,3770
178,22666
84,5485
38,10560
28,1302
95,11641
169,3816
114,2457
84,13336
58,12039
91,4499
82,10527
100,23625
52,5099
44,4761
83,8142
53,5086
61,7139
163,20529
66,4891
65,2133
123,17475
43,3566
32,6152
39,3003
29,5831
126,8178
17,1981
23,1672
51,3495
59,6673
55,2722
76,7137
49,3672
73,6614
105,2055
110,7376
63,11645
94,2482
65,6488
17,8935
188,7190
123,11134
65,1153
21,5195
109,3241
33,10993
36,1162
128,5126
97,12118
117,8883
37,6207
29,3444
132,3496
47,3850
131,7451
52,3535
275,13734
91,3564
41,10211
19,2813
86,17212
89,19860
90,3145
24,1270
58,3102
41,2034
96,4634
116,5363
45,8322
85,4486
83,2805
33,2688
111,5471
85,17845
55,5777
53,1885
71,11429
103,1881
88,3844
36,7024
101,5672
130,9840
39,6337
54,3968
266,18273
84,3065
41,12423
65,15594
97,2257
152,3067
84,3828
88,7463
94,7103
59,1504
59,4057
62,898
77,10860
28,4071
40,7096
97,3977
83,7598
159,12158
149,8733
48,1236
46,2983
66,2688
115,3078
98,3153
191,11561
58,14357
96,10491
82,7740
67,3398
73,10964
48,12604
58,5201
106,14699
44,1681
110,8376
90,4397
58,1287
72,16499
114,5059
54,7340
36,6205
39,2028
93,3009
41,1656
49,1385
40,2007
21,3580
74,3630
157,5606
80,19800
127,2975
157,4995
28,12357
123,3040
51,2255
86,2000
72,12772
86,7529
121,4048
61,3165
36,5347
113,3355
88,7926
56,2787
100,1256
60,8683
85,9716
98,3386
51,2631
74,3959
79,7193
51,3207
75,3429
129,7783
65,8367
37,2257
108,6577
95,9905
94,2652
73,2001
48,2028
67,18865
88,4731
76,5192
15,1203
72,5956
54,3812
18,4291
201,8538
138,1537
40,10984
67,11015
31,4741
72,2799
58,3260
92,21827
60,2060
27,4676
103,9150
60,15359
104,14087
72,1349
32,2362
33,6322
53,6801
87,20292
21,2387
54,5558
52,18317
83,14399
25,10059
108,8820
51,7909
50,8536
51,6283
96,6251
81,1696
197,12977
67,5032
64,3262
67,4042
35,17264
74,3957
44,8823
65,3246
117,11198
64,2044
33,15773
80,14654
58,5184
144,14550
55,4039
68,2745
27,8120
33,10407
38,10423
53,3122
75,15852
59,4472
150,9572
16,1861
106,2450
121,9851
113,4998
48,3249
49,2393
39,7123
82,2084
53,4862
82,12109
91,3388
122,6067
71,7708
64,15035
48,2585
83,6924
100,3790
45,1982
24,10459
39,7586
97,6983
97,16400
38,2318
199,4122
541,26100
88,2977
58,4989
29,9619
129,6578
108,1679
107,4360
186,17755
70,8253
57,5236
102,2431
69,1489
57,5844
78,1098
65,5631
89,7203
83,5652
138,12040
58,7805
58,10052
59,2015
197,10008
43,2606
134,3027
55,7905
71,4771
45,2537
83,4816
85,10632
57,3115
172,4675
103,7407
60,4205
59,14611
133,3066
33,6023
160,14248
33,2576
68,10358
144,5273
41,10349
118,19637
46,2572
106,14337
19,1290
149,8591
58,2005
58,5950
57,7293
67,3557
41,1710
72,9498
42,14938
21,2785
137,20735
163,7185
98,6461
128,11637
60,8943
180,5480
110,2167
138,7088
46,3810
138,7278
130,11356
63,27291
54,14589
121,4181
42,4549
75,19175
44,2325
45,2092
38,6304
104,11817
58,5883
95,5505
94,1272
20,3792
44,2578
120,4906
71,4984
99,8455
56,2863
49,6549
100,9137
33,11959
69,3733
64,791
50,2911
128,14161
46,11175
83,10451
59,6410
139,6508
82,3591
49,2063
225,15790
59,9760
38,1146
71,3045
47,15302
31,11950
114,3240
31,3472
96,7479
62,19003
68,2472
38,1410
24,2128
557,9108
37,4802
146,9399
83,1557
33,1305
48,4735
251,2848
144,8358
93,3629
137,10976
60,9274
37,1517
62,4264
73,971
80,6271
103,4052
137,10526
34,4580
44,3468
81,2318
55,4380
40,4258
88,8944
69,8079
56,7311
97,4645
21,2107
77,5794
54,4724
85,8817
278,13374
53,2717
83,1761
84,3190
59,8315
19,3357
203,9366
107,9544
107,9118
81,8723
81,2656
62,10185
80,4708
99,4689
45,3551
128,7566
32,2716
39,3779
70,16577
124,4826
62,3673
149,4430
89,3609
83,17564
41,3652
50,5210
44,4280
49,7885
77,7674
67,10306
359,10722
63,3233
42,1975
93,11554
27,5437
67,2195
48,5515
87,3711
25,1772
91,9243
93,2683
66,17394
42,2062
75,2666
75,3714
81,10010
104,5128
54,5851
28,9945
34,6309
41,5670
17,6693
46,7593
98,3734
169,6004
63,1834
153,3194
112,4815
111,2505
86,1166
76,12807
64,12052
56,4682
76,1067
46,14101
81,2920
77,16144
30,2214
31,4956
59,1636
31,1981
68,5548
65,5984
120,3067
54,14495
48,9309
56,3192
98,5695
160,4950
57,10988
148,2772
38,1087
59,2688
58,4106
34,1609
41,2838
38,710
42,4197
51,1954
51,6573
38,3862
24,1702
48,3207
106,11167
54,1923
93,5485
80,6013
94,7642
62,9986
47,1949
53,7832
81,3491
132,3644
69,23812
107,5750
131,7636
84,7720
102,14441
99,14276
68,1917
61,1929
49,6649
50,2047
56,4762
80,6589
70,11942
100,3724
59,10948
86,3845
145,2240
38,2077
32,8479
118,11517
22,9477
47,11566
65,6415
118,12720
100,6076
84,10110
33,2710
94,3036
64,13284
89,17479
50,646
29,5457
21,2779
71,1368
117,3206
100,8408
80,3090
52,1400
74,1417
67,3788
61,12534
118,10567
40,14506
57,2145
56,13883
30,4716
38,3729
68,15951
33,9656
41,2259
27,2280
191,2825
50,2158
87,4974
61,2155
53,5294
81,11014
85,2466
153,6978
56,2231
42,1651
173,11064
167,9162
45,6223
49,3539
105,15217
58,2462
33,12108
45,3832
66,7756
47,842
104,5366
127,6163
86,17248
116,6750
95,9338
165,5026
48,9558
139,6176
118,8680
40,8937
99,3569
31,3802
97,10862
184,6850
119,13225
110,3655
100,5816
33,6970
77,7033
321,6028
67,4937
138,6420
38,4521
93,3997
42,1411
71,4259
71,13620
88,16478
159,12398
111,4552
150,3488
27,1253
87,2836
65,1286
80,1600
40,3317
155,1944
53,7832
85,2393
33,1836
76,7615
44,4361
85,17373
119,9375
37,8445
123,7847
45,3404
45,2125
52,3008
159,2068
61,7124
45,4832
113,19285
72,7765
23,1954
75,8389
19,4711
84,2329
72,2663
43,6221
56,11469
94,4670
92,5661
99,7538
75,3485
137,2635
28,922
38,1851
46,1444
68,6655
57,11123
49,1045
173,11127
83,15894
148,7375
60,7122
91,9426
81,5748
135,7336
94,2136
89,3763
53,1882
85,18622
61,3517
90,10901
82,2791
45,3609
92,2630
51,5876
40,13757
88,2795
46,4806
66,6366
50,2087
54,3102
142,2823
39,2304
55,5563
65,3759
57,24645
100,1183
71,5104
100,16729
94,4279
89,2305
77,10656
43,7044
57,3224
88,1860
87,11033
62,11538
119,5010
86,1447
78,3614
17,2049
38,5717
74,8814
45,3799
83,3169
29,7260
70,3642
54,1798
26,5607
91,5703
49,2574
67,18931
37,5649
38,8691
89,10083
47,1053
30,5674
58,6093
33,11441
63,1612
42,6898
93,4990
93,19327
113,1667
36,3347
89,20525
61,5020
145,16944
128,2221
111,13951
110,12601
31,6600
29,12352
25,1353
77,6889
51,12117
33,3394
71,10107
70,7247
118,1921
49,3844
152,6233
45,12716
50,2629
82,6024
26,5223
76,5637
88,8188
86,6051
103,2012
63,13572
135,9248
64,2736
162,8236
60,5505
92,15750
41,1667
34,5018
101,4171
90,2592
32,3122
65,9203
33,1835
30,2047
77,15213
77,1619
123,10138
67,8635
37,5955
40,5947
50,11899
151,15044
75,5516
157,1904
37,12530
58,5591
106,15465
54,4546
55,2798
59,4141
62,10974
292,8059
300,13045
156,15982
82,4122
42,8431
48,4244
109,8787
74,2368
49,8829
130,4236
176,1607
86,2632
45,4764
119,22071
161,6470
35,3038
37,2833
73,15788
21,3399
85,13990
104,5565
38,5547
43,10391
76,3791
61,3202
91,2148
81,4698
55,3316
84,3041
75,9077
51,2898
88,3080
74,12092
99,4118
82,12268
89,1754
182,6599
27,14469
33,7432
44,4146
132,6397
66,5783
69,3461
56,6987
34,6343
75,7713
36,6557
61,6122
39,5975
83,6664
111,15385
56,3803
119,3911
36,14494
75,2855
118,4794
113,13254
118,12666
92,3463
46,11443
99,6978
67,2487
58,5327
69,4803
101,5134
35,12404
89,11970
38,3266
87,14775
38,5862
19,3835
87,2730
32,7079
47,3789
86,4018
75,12725
112,5973
32,6317
128,1543
45,1986
54,1959
61,1989
64,2177
72,13693
81,13270
63,3920
63,19803
36,668
71,8960
168,8208
99,3441
124,13121
42,2663
104,8004
94,17776
39,2275
74,6275
86,6274
124,17610
46,9326
175,5619
97,2746
44,1660
33,10269
103,16724
17,1838
104,3724
17,7728
85,12257
47,7167
117,5670
97,2088
115,5996
70,10443
40,4773
99,6622
86,12199
48,1159
147,6509
54,9536
122,15118
70,3742
52,6044
60,4355
45,2665
81,3873
70,12852
93,1539
21,1820
39,14651
75,3219
28,2294
52,4002
91,5173
48,2657
143,19382
98,6189
68,4042
53,7641
54,5090
104,1905
150,10922
80,4082
53,1851
42,6133
55,6371
87,4632
63,11683
139,10333
50,11072
63,9288
94,11107
52,4990
58,4114
56,15434
147,4185
53,2427
62,1289
87,14295
104,5702
33,4945
249,8751
20,2450
126,19320
143,6238
34,3539
82,7550
81,1488
164,2576
175,2521
95,10022
129,9572
57,8435
157,4036
71,9036
21,1608
87,4968
92,2116
78,9410
77,8180
82,4965
46,2988
75,16816
37,9242
118,2284
93,16346
31,8460
82,3898
156,11685
30,7958
56,3036
33,8682
38,9289
36,6621
67,6315
26,3308
48,15619
35,3137
48,4898
117,8786
72,6560
61,2433
42,5208
102,8619
87,2895
109,11855
59,2723
67,1542
80,10563
131,16887
66,1703
50,19666
82,4859
192,14917
69,9210
97,1812
40,1835
45,4477
71,8928
37,6331
30,5704
375,19598
35,6623
115,13984
84,16056
19,1167
73,6777
127,2323
74,15048
149,3393
42,3151
41,1600
47,6007
35,1541
39,2265
88,9393
99,16325
66,2721
65,3976
86,4073
71,2362
120,9246
202,15362
104,4284
49,1668
58,2357
98,10551
112,5103
36,3573
48,11837
105,11190
56,1204
34,10376
86,3871
190,8775
51,3344
88,2627
42,4342
77,4634
42,5608
32,2447
196,2501
94,10606
38,4860
67,7038
64,2104
68,1778
77,2825
33,4483
103,7826
65,3359
160,3674
41,2674
63,4600
162,6948
78,10297
91,7531
109,3363
41,865
76,2202
93,5085
28,9410
197,12369
92,727
52,16798
44,10784
34,8990
222,28638
40,3610
70,8255
61,5016
103,2219
116,3581
151,11599
126,3015
69,1677
88,2954
59,5387
142,13953
85,11002
121,6179
71,3917
99,13135
48,11203
71,4089
46,4435
111,6044
63,3024
96,11543
89,16093
116,2929
59,12640
138,6700
121,5860
75,2042
120,11079
80,5731
39,3434
50,1909
76,5886
63,3055
118,10573
175,7008
108,6118
154,4898
88,3753
78,2831
27,2988
66,5723
109,3237
49,2230
43,3296
85,11090
32,1934
113,9202
69,6469
26,1773
80,3229
44,18723
22,5438
65,5058
63,3044
44,6682
31,6496
68,3862
63,3854
64,1720
57,4849
74,21540
110,15129
68,3483
65,12793
82,5848
71,7121
93,6151
87,2898
31,4162
93,4583
48,820
97,21532
89,9399
51,11623
93,4701
156,6565
32,6610
74,10077
29,1746
75,6206
63,7718
71,6562
40,9401
150,16136
45,16411
87,6231
95,1559
237,2997
71,5025
125,13249
97,10419
35,1355
93,2358
61,13900
60,3606
58,5516
40,2133
37,11122
62,2780
88,14824
33,2778
121,6796
48,8225
144,4380
71,2592
106,5772
162,5844
88,9605
73,8063
59,7776
96,3880
69,4695
58,11832
24,2223
69,3605
64,8419
73,7692
25,9836
68,2703
93,9995
69,4883
255,11292
50,3320
57,5507
76,5191
109,8347
44,12986
21,2279
86,18872
101,12559
128,3147
150,7786
67,2731
75,5591
63,15566
77,8711
74,16823
92,5249
32,3152
35,10695
51,4597
81,3845
97,11815
53,1807
81,5795
81,9790
158,3003
65,1362
47,11553
73,5753
57,2463
65,8761
73,5774
94,2408
58,12019
48,2274
75,2684
101,2728
78,6145
39,8617
69,2610
69,7113
74,7656
96,3185
40,7097
60,1521
62,8165
66,2229
67,5757
98,26891
56,7375
129,13045
32,6468
52,12713
65,5522
76,9149
94,10141
66,7147
56,10018
155,16209
74,5108
78,2536
173,3112
101,14479
86,3544
71,6098
160,12304
41,3038
77,6102
45,5349
84,6117
104,8421
44,2678
34,11643
169,2599
106,10840
44,4636
27,3217
45,1243
87,8616
133,9820
54,3192
54,17861
59,9954
56,7072
50,2715
30,4232
99,1664
114,4524
107,4975
92,15000
111,13230
105,2282
54,3385
50,3969
108,2621
90,8830
21,20349
33,9210
61,1656
48,2948
125,4063
33,1427
68,9881
51,3569
75,23492
36,6940
39,11977
76,9966
53,3255
45,3140
140,8883
19,1222
134,12016
32,4384
55,7978
81,8363
33,4131
75,4682
70,1959
77,8467
123,18632
41,2517
51,9673
112,8117
95,3336
72,2649
78,7654
71,7630
96,18327
69,7470
117,2800
170,15069
60,9471
98,10680
30,13041
15,7492
29,2290
77,3815
58,4988
41,2361
50,4163
26,15246
93,15761
53,1744
30,2412
278,2218
72,4497
82,4907
151,7312
44,4917
41,2498
107,6236
101,7218
41,2051
134,5758
67,3959
80,6335
61,13602
53,3508
37,4436
48,8303
237,3590
78,14106
70,5310
32,5252
83,4626
48,2306
91,9670
36,10722
95,1790
89,5952
84,11691
38,3970
86,3600
103,13705
138,20159
112,5084
46,7274
89,2411
42,6407
128,6130
90,6669
57,4331
97,1961
75,10876
73,2251
90,4019
28,1562
134,15395
64,6562
127,5696
82,3425
283,13616
72,4100
54,4832
118,5396
101,7748
114,3320
62,4879
70,9308
42,3988
48,4436
58,4801
32,15672
158,8219
38,4554
65,5417
70,6767
108,3934
83,4164
41,3911
72,18032
60,3595
131,13566
37,4118
104,14224
21,17200
99,4202
138,3728
50,739
143,3625
36,3198
46,2021
143,12458
69,1859
30,1128
77,6374
91,5440
80,8567
43,6760
54,4269
33,1574
28,5566
40,4534
150,7156
47,4389
42,5033
88,5226
129,6449
50,10374
44,3102
329,10121
45,1498
47,5795
46,6625
59,4098
179,11662
82,6904
51,1525
38,8446
58,2894
129,12126
72,8765
135,2165
61,2508
75,9097
36,4285
41,14911
35,4640
60,4040
113,12496
111,4683
99,2635
82,13182
135,2930
184,6501
93,15322
27,2438
38,8878
156,7672
81,2902
105,1983
50,9896
49,2007
57,8322
58,3270
49,13463
182,8633
46,511
38,1480
58,4838
38,2313
57,3750
53,7485
41,5008
58,14683
43,5505
94,20646
70,5242
59,7515
116,5741
63,13508
109,7531
82,13112
389,5053
30,2135
75,4694
58,8385
41,5456
57,2745
69,2151
38,5220
128,2771
101,9856
90,3751
57,7130
38,2364
62,17097
40,5023
59,3777
87,4496
117,1947
48,19833
55,3630
68,11848
37,2801
84,2106
41,1095
162,12135
55,10075
116,11032
46,5231
75,3670
131,16431
77,3134
214,14788
93,6627
123,5617
54,3586
45,7276
26,2399
177,4438
154,6013
109,17055
50,3125
70,11935
92,2414
55,2643
79,5066
211,8433
110,16557
117,7038
132,4869
65,2323
73,5897
28,4965
153,4488
107,4447
85,16611
60,526
146,1556
74,9224
176,3249
62,12727
93,6246
26,1194
104,3295
31,2014
49,2840
31,2220
40,3168
57,7321
58,4829
77,1895
138,9643
43,6635
52,9510
70,2959
65,4488
41,3360
109,8940
69,1166
25,1770
162,11425
62,15525
57,13377
66,2180
50,5484
94,5210
58,2419
103,4287
64,7545
157,7912
109,5713
41,1104
75,2925
60,3300
80,5170
100,18304
73,4542
64,4594
107,21376
46,3658
281,10027
61,2224
106,3865
62,4024
59,2215
70,1666
37,2326
167,5992
44,2298
132,15307
81,2892
159,4175
59,1692
105,3321
107,6669
87,6694
30,6060
40,15655
31,3228
100,4891
39,3976
45,3481
43,11047
83,2303
66,7438
35,1595
71,4555
73,8444
104,1730
51,3119
27,4395
79,2500
120,4508
19,2418
133,7763
30,4325
25,4617
97,11190
122,6891
26,2540
41,12233
84,5668
70,1716
38,1927
48,2959
64,1198
98,3600
57,4416
81,10344
19,6211
90,6454
59,8887
70,2440
169,3174
113,2034
73,8699
75,7680
68,4806
92,6501
137,9008
124,8751
56,3927
88,956
97,2393
129,5825
90,3894
51,1096
125,9134
57,495
70,4365
64,1422
77,8009
30,4075
25,1854
74,8855
72,2224
56,4824
63,5965
29,2118
75,2139
46,4108
116,17849
66,11421
29,10403
89,4888
179,4205
129,12597
19,3140
165,12866
59,16250
70,1724
109,4410
114,11521
75,12363
163,8831
81,22096
90,4758
54,2638
194,9450
58,11540
60,4475
50,6078
162,14989
88,6046
81,3443
51,3172
75,3188
103,2096
108,6651
50,1324
85,9677
70,2480
60,16244
64,6051
73,1357
93,8095
117,9872
105,5659
73,4840
87,6063
83,9613
63,1912
106,10089
41,2989
84,15800
82,6754
22,1496
57,3707
53,3435
131,10658
16,1440
28,5034
50,4470
52,4307
28,2546
47,4151
128,18397
89,9313
136,14463
35,6249
45,2690
119,7345
23,10177
63,3199
98,5268
61,1689
110,4012
54,4662
25,1249
157,2934
79,4018
65,10398
100,19485
50,6737
61,1621
90,617
115,5747
85,11743
27,2054
55,2261
99,5525
36,6037
87,8339
130,13411
77,11399
44,12316
59,1405
113,19364
88,12484
61,4028
265,14964
82,1458
72,9224
23,3751
91,7609
68,1935
60,1966
37,10633
91,11679
47,1337
188,2397
45,758
29,1016
67,5997
65,2541
48,7958
89,12255
94,14656
87,6078
81,5803
96,2029
120,8829
48,4447
97,2077
32,1535
81,9840
132,20884
114,3047
251,14341
42,3851
340,3783
59,3575
89,2825
107,13704
45,1125
32,1101
85,2644
62,6116
47,5290
80,8145
42,4510
28,6365
104,16324
184,6477
86,3649
120,3725
28,6998
67,5616
56,1188
45,5781
47,11330
147,5180
50,1132
84,1467
171,2731
133,10411
106,13995
89,1716
11,993
181,3089
65,11202
36,2693
67,4702
36,1294
118,11012
99,2614
55,10554
49,3836
48,2666
129,7092
86,2386
90,8704
78,3652
108,2130
51,4555
42,4116
58,10193
60,15865
109,1382
23,4286
44,6562
42,5283
119,7800
69,3347
86,7567
40,3466
80,9155
64,2065
26,3270
92,1990
49,2469
49,6369
36,6132
144,4626
115,4816
108,19732
49,3132
80,9021
39,2731
22,2604
27,15764
44,3043
37,4603
79,3297
39,4110
65,8328
85,15446
72,5153
62,6898
95,2727
197,8125
102,5116
39,2998
39,10637
51,4493
48,2597
143,8297
77,6818
26,13733
86,5158
69,8677
46,4861
98,16084
108,2658
36,10904
160,7023
44,7216
34,6363
132,13555
105,8668
17,4721
44,4287
34,3222
90,1581
38,3343
68,3753
47,14377
67,2856
39,3742
161,3827
25,6022
160,12301
115,10786
61,6202
62,3052
141,9561
67,3756
111,3250
52,2754
142,11195
59,3670
100,10438
23,7082
41,8488
88,6289
111,7650
118,4577
147,17169
37,5238
74,16235
61,8433
437,13906
235,11867
87,5478
89,2507
120,12236
114,11204
67,6028
64,6769
38,3447
33,2872
99,7320
81,8039
80,6805
57,10452
138,3846
58,1910
127,3275
74,4377
69,9430
78,4261
50,4056
43,3392
71,12556
88,2171
93,27346
60,4475
176,3877
87,3379
83,2828
145,15114
176,14003
88,1670
73,18382
113,5780
111,4876
43,9892
20,6438
81,2728
30,5196
80,3891
58,5952
50,4885
131,1295
23,3925
56,1278
47,6381
55,6564
39,4073
263,12595
93,2411
55,4367
26,2875
112,6688
86,5049
30,2627
41,5866
82,3892
37,1602
44,5260
109,12976
78,3687
24,4549
87,9949
87,7689
148,1945
48,15945
56,15060
127,4581
33,10936
60,9138
68,11536
40,2658
156,18595
70,2973
122,15721
198,14942
53,1644
56,4777
56,3429
29,4976
80,7533
40,2760
85,2295
109,4449
63,17331
60,2078
50,4761
163,18729
150,24115
93,9140
118,7684
21,2457
44,7543
88,7916
64,10463
19,826
135,3806
328,11453
55,2807
48,7883
39,2938
90,12449
59,5472
48,3474
17,2529
90,4032
43,1391
24,1943
119,16598
112,12731
154,6688
59,16104
88,1426
81,6951
72,8358
81,2936
65,8965
61,2751
48,2950
35,3273
28,876
65,9546
40,2970
121,5404
127,6509
46,5372
45,4332
67,8139
61,5256
37,2372
45,2889
63,5702
50,12857
36,10634
129,14190
66,3732
48,4005
62,6009
26,1676
54,1373
69,3554
31,2966
38,3501
43,2979
30,1495
141,7454
85,12059
34,3160
56,10428
150,6091
57,3865
70,1785
81,7191
69,1722
91,2927
56,2282
61,6929
123,11211
90,13431
43,6846
66,1481
63,4364
64,5155
60,3206
62,3654
58,5554
67,5199
80,2746
40,3532
69,6443
41,2271
105,8292
16,1697
32,1353
164,7729
83,15739
56,6854
129,1903
98,4209
62,2654
57,7214
72,10378
154,12999
91,9834
59,9815
91,2874
79,4081
59,3062
65,7854
101,11988
72,14918
20,2895
96,2194
36,3540
68,12449
53,11766
112,6632
83,6088
58,2804
37,2091
125,4242
76,2723
38,6191
78,6666
150,11551
43,6489
58,10615
94,17469
73,1961
67,5495
42,6566
71,4265
57,2540
33,3680
28,3254
66,4519
66,5162
46,10439
52,21576
90,8777
83,6036
97,7511
40,6644
100,3821
185,2783
98,4585
67,1589
66,5827
55,3500
123,11531
105,5151
43,1394
184,11918
58,2809
81,3682
26,3020
116,1682
75,2520
83,9062
70,9005
47,7540
46,4800
65,1899
56,11460
18,5958
105,5777
24,10966
56,5290
38,4679
68,6031
66,4222
51,1973
90,6892
118,15947
20,1394
62,7469
83,2267
66,9662
115,8123
25,1685
25,1697
67,5518
51,4449
88,5260
72,6470
93,12938
138,8890
111,1726
40,7619
33,1033
42,3612
51,6766
89,2895
88,2497
160,4389
35,4236
114,10806
74,2051
39,8374
97,11150
77,18850
69,15934
39,2315
38,7463
62,3264
78,5445
42,2850
44,18610
66,1727
112,2117
23,4205
29,1002
46,6227
97,4643
99,13938
126,20046
52,5051
56,12422
50,1634
94,10344
89,2178
51,3790
87,8693
36,10664
98,3178
44,7995
20,1329
65,7065
35,5404
46,1995
66,11699
67,8487
58,1734
51,3591
50,7624
60,25588
147,8445
121,3847
34,1335
118,13240
88,4915
66,3924
105,3546
97,5793
46,4232
89,2840
26,1565
110,9715
58,4174
132,6333
67,5000
49,3146
35,2999
36,3153
136,5978
60,2859
102,12963
77,1778
54,6859
30,7364
131,829
203,8786
94,2938
46,5303
59,6102
106,5825
46,4637
36,2296
65,11502
40,7070
66,7099
33,7985
114,4181
52,7127
54,4339
122,5559
58,4855
156,5065
76,10786
30,3602
72,6256
81,6897
77,17302
41,4411
128,4105
22,1862
78,16483
74,3499
76,3515
59,7595
179,7872
54,4577
48,5358
40,4792
67,2218
51,6460
94,7550
80,3533
106,7645
47,2377
58,11647
78,4863
73,3399
46,3756
51,2263
52,3479
152,2424
61,5627
84,6810
152,6994
56,6969
82,5205
41,8782
74,3769
69,4390
112,1488
55,3753
46,8782
40,1122
91,12484
80,11958
225,16209
24,1973
83,2839
169,6416
89,5326
95,9145
78,6870
79,13801
110,15852
40,4619
91,18889
104,12984
59,8133
28,13644
63,4554
142,13620
28,2749
68,7651
13,5025
67,10200
145,1071
101,2979
77,5339
124,10928
60,6955
42,1200
39,3642
56,1904
27,2621
69,3490
83,4775
147,8270
35,1954
75,9637
64,5480
40,3650
76,4506
56,3967
66,7088
43,723
271,4244
89,4094
105,20113
136,4682
69,12121
126,3815
95,12342
78,3353
219,2287
121,5638
135,9724
115,1688
45,2700
69,5314
125,16360
183,13298
74,2790
65,14435
117,9446
94,17974
181,3093
26,2213
227,5664
82,1302
127,17584
97,3842
68,1705
58,1760
61,6425
208,3414
57,16752
66,7277
55,2647
45,4041
100,1596
79,10532
52,7299
100,5491
61,2769
107,4344
72,1480
63,10347
111,6811
33,6070
23,1704
102,8144
33,5864
92,8002
95,2238
50,2423
63,2870
32,8053
103,14922
32,8498
32,2138
164,7597
83,8768
26,2958
129,2282
68,3091
46,4779
149,6392
154,11688
53,9831
16,2640
138,3812
79,7575
46,10885
161,2809
68,4348
108,5621
57,1088
92,8621
90,7988
69,2876
59,12710
51,8591
68,10998
34,3869
39,5861
36,4179
64,12310
49,9691
68,20913
60,7732
49,5153
69,1609
83,4799
57,9774
104,13386
44,1409
101,12319
118,9512
34,1952
116,4297
93,6458
70,7851
128,16017
150,3235
54,5487
78,3814
171,2867
79,8181
113,23953
94,6466
87,5227
103,3042
89,11764
63,2924
93,7290
67,9756
69,9904
68,3732
101,8721
94,5046
147,7151
73,3285
101,12319
94,5212
113,2990
95,6155
30,2800
23,2052
69,2967
55,2202
56,4874
153,4670
141,7846
63,5017
75,5318
126,11436
163,9998
54,3215
108,6487
41,837
19,1305
83,8405
69,8023
30,2325
95,1843
26,1152
137,9114
30,11154
157,13176
39,9607
45,5006
58,5203
79,3716
46,3724
42,8467
106,4803
96,9355
122,12010
79,2311
67,4093
74,7970
83,9724
107,4278
86,3381
125,2383
72,8412
57,1934
43,5683
47,13031
57,2533
46,4193
112,16493
62,17330
81,1937
22,5756
56,3649
57,5746
145,11362
104,3641
44,9754
72,6250
90,13426
70,4342
43,10437
79,10029
76,7692
52,2422
60,5067
68,13502
129,7181
98,6858
81,6252
72,11706
51,6290
66,2824
139,12053
89,2742
25,3789
133,34179
45,1303
81,4118
64,4553
96,11214
68,11140
85,24838
15,8693
51,1622
38,2125
105,3405
79,3528
31,9052
40,2905
58,8027
100,1475
62,7622
128,9174
40,7316
69,2454
38,4807
86,7686
82,4087
55,4505
58,6761
94,2825
277,4432
89,1874
133,1341
98,3037
71,1448
78,1444
93,10081
121,4430
58,3441
33,4463
63,2432
20,3659
54,6117
125,6480
100,7499
78,1731
145,2137
55,3280
66,4184
87,10927
83,11545
29,4174
134,18361
64,5663
134,5322
58,8937
45,2902
61,3132
33,3787
63,6932
87,2314
85,3660
32,6899
36,3297
83,15796
76,2104
84,7127
62,4376
52,2170
71,1461
86,3726
58,4443
49,3222
48,3268
60,1000
55,13006
119,1474
118,3684
45,4560
158,4590
42,3415
45,15643
78,2227
72,2495
101,8236
49,8882
93,17231
118,12428
50,9337
89,2924
25,2603
94,2893
65,1803
111,8703
58,4953
33,8907
161,6813
90,4105
68,7333
88,2140
47,7392
42,1649
80,6299
30,4295
78,3542
52,10992
72,9617
46,9937
169,8572
132,16131
73,6723
52,14376
27,1974
94,9986
31,3073
56,5553
64,4638
108,7993
161,7538
55,2944
133,1647
102,2569
61,6893
83,1664
80,9838
135,3730
71,6616
34,7981
77,4314
73,7777
398,8160
30,7179
125,14968
73,2922
81,19034
37,1730
61,3920
43,18951
197,10197
58,2645
46,3565
51,4179
80,4600
88,2976
195,7452
75,10849
54,8865
75,11040
37,4587
104,18291
50,7863
72,10412
113,1583
65,17354
29,10295
47,1607
27,5960
82,10651
71,3016
95,5970
29,8136
89,1354
38,4075
79,23978
108,11114
120,10434
89,13331
34,6626
62,5552
94,9273
151,19302
52,2447
46,3665
173,20454
68,4929
90,4804
44,3707
86,2122
37,1802
106,3376
52,2494
91,7103
62,2484
97,5486
69,2775
88,1476
68,3436
35,3042
67,6843
39,5123
54,8913
70,3055
32,8119
67,2654
88,15546
50,13635
73,9972
51,2417
69,3661
67,6449
59,3508
107,11729
89,4352
55,10295
38,4526
44,2504
137,4325
77,11737
85,6862
68,4936
61,11790
101,10609
49,1620
121,4305
102,6647
58,2734
41,4289
61,6808
31,4652
78,11510
86,12449
58,2781
76,5442
209,2962
37,3132
56,3102
162,3056
48,12325
63,5241
86,4390
185,8509
69,5130
138,3848
46,11831
63,1774
295,11859
71,10080
80,8725
98,6462
23,6781
54,1307
52,2427
49,8423
75,5868
46,1338
93,2520
20,3488
85,10649
232,2728
67,3537
94,1115
83,4423
67,18625
90,14122
30,2610
26,937
108,20842
63,5193
47,3163
104,9372
35,2726
90,14969
91,14365
40,4035
75,7966
61,9583
112,1638
49,7156
48,12391
71,6422
42,9456
47,3486
42,12667
64,1964
51,14317
101,13875
42,10739
132,4750
104,6520
108,8488
92,10913
59,6967
88,7924
110,6403
83,5455
90,6492
88,12433
121,15552
67,15586
93,4154
63,4029
68,11736
31,1680
80,3655
85,4286
56,1119
76,1847
191,10844
86,7692
73,3708
73,18976
40,1607
99,8056
57,2685
54,7300
113,10522
42,2045
71,943
56,11112
29,1856
62,2266
181,6092
16,4369
58,5804
54,1090
72,3951
100,3784
61,10225
171,20094
25,1295
41,2091
31,8086
108,13926
61,7893
37,866
30,2641
55,3094
136,2946
75,3725
66,10367
96,9780
59,5717
62,3637
27,2465
105,5861
76,5112
71,4292
141,5680
104,9563
54,2488
149,2689
43,3302
95,17122
115,14986
46,5965
74,5909
67,5479
70,7683
78,6514
120,3284
62,9085
184,3571
50,8631
114,7348
106,2458
45,2141
32,2587
50,4689
151,11146
26,3173
172,4568
42,2169
45,1930
14,1678
29,6778
36,2141
34,1386
115,4510
114,3638
93,7872
114,11199
124,20252
38,3687
209,3023
29,3544
158,3310
59,2285
53,4065
57,1139
58,7420
26,3449
35,3055
88,1437
85,11589
41,4054
32,3182
64,1604
67,5073
77,6587
62,6848
23,8493
37,4050
77,15332
61,1717
37,8739
25,3084
65,9281
66,1480
81,16282
126,2298
27,6657
267,6805
114,7636
136,9856
84,3115
54,8728
208,6189
135,4654
52,15979
72,1698
42,4572
54,7884
42,7764
16,3884
35,15039
186,5016
42,7852
99,11644
78,1978
37,1978
63,5843
142,12686
51,5251
40,2533
53,4941
110,5754
47,4121
20,3088
57,5498
122,6437
38,6370
217,3404
66,3098
84,4550
226,5753
89,3348
111,1553
46,3989
121,17818
46,3106
71,3019
67,6762
31,3040
41,10792
97,4875
11,1105
56,5155
80,13205
31,6799
103,13468
104,11772
57,16922
50,5827
56,3691
88,2568
36,5281
133,9482
72,3170
119,11360
47,6401
55,15402
51,15125
106,5231
51,3663
33,6402
41,5208
58,4466
143,13326
124,16625
88,5152
148,4969
53,1687
59,5082
78,6165
94,5690
77,2308
54,5508
58,1299
79,1104
55,2477
46,7335
95,5616
65,3010
84,3405
51,13687
99,9702
126,3899
52,12194
65,11892
72,15250
68,3413
59,7706
98,4059
55,1728
120,5873
53,4330
51,4112
51,1654
45,1890
194,5833
71,10896
82,5588
51,9092
96,15057
41,2386
54,6798
64,6461
94,13094
40,13240
97,5604
114,3282
93,2499
127,2828
38,3075
101,3715
39,5405
80,5476
262,17285
97,19642
155,3061
77,13292
103,3558
114,2342
30,4915
84,11178
38,4645
92,3101
108,13629
92,1181
30,11403
65,1911
99,8317
65,7864
82,2222
110,12541
194,2306
95,7769
46,13819
62,9098
85,2442
74,12743
74,8993
33,1839
100,4674
97,5361
43,1884
52,2801
80,16318
86,1609
237,2857
29,12016
42,10715
91,3262
152,6949
148,12220
40,6821
55,6519
45,4406
52,9270
24,1605
36,1627
40,2118
36,5294
85,17240
60,8512
30,3294
71,5743
87,5987
36,3738
50,20691
30,2544
28,4677
72,7342
118,19563
72,7569
49,3399
40,13289
56,9421
66,7882
120,11677
50,4593
52,2557
39,2901
57,6405
52,2833
33,5624
244,2804
152,3673
63,4010
44,4669
151,14081
109,4730
65,2181
159,9708
52,9984
149,9581
68,14259
92,3367
98,6194
115,9855
77,13672
68,2762
106,14052
22,2462
41,5153
36,717
64,2918
80,4989
58,5130
100,12695
60,15578
78,8042
64,7306
111,8860
50,9983
114,2861
205,9103
111,3001
56,8435
35,3201
48,5416
47,4733
27,6020
71,4011
130,1930
59,3782
129,6492
58,1949
36,4693
32,2169
24,3668
20,1821
47,4574
89,3284
65,4723
65,5034
90,12030
83,5871
69,1695
96,3047
69,9556
67,881
47,5203
32,2240
24,3059
176,4508
53,6999
67,13367
130,6593
31,4664
44,3280
48,7761
28,6403
111,1776
74,8328
199,8181
69,3685
50,8279
141,19241
59,3390
102,5906
226,4201
49,2802
76,4769
65,6203
84,3678
79,10267
52,1475
114,2316
45,14580
160,4793
140,8978
37,2494
50,2267
50,1272
128,18482
139,7424
148,4331
51,5229
43,10742
298,15911
218,5905
51,13764
88,5654
158,16241
67,6828
20,1722
33,4145
101,1194
14,1957
89,11679
91,4136
58,4021
67,1423
65,9686
75,5407
55,4666
23,1370
55,1827
74,2131
55,3261
65,11967
29,8278
63,1681
60,4120
138,13078
34,3936
115,2977
38,5495
58,6327
78,10414
93,9099
124,11457
33,3169
37,1563
83,11224
110,17380
117,3244
43,4766
39,6614
108,18244
120,13121
40,3444
55,9570
72,6184
116,5317
45,5910
33,7276
90,4444
99,3163
43,5472
60,3194
40,7889
184,10525
112,2973
45,7905
64,21853
37,3904
50,1816
53,3727
79,2808
65,3833
76,12100
47,7426
56,14306
60,9323
49,3898
68,6437
46,3449
105,6378
96,6467
94,15566
33,11504
39,12857
68,3942
40,6985
84,10877
122,6562
78,19341
70,8850
78,9882
100,19119
60,8626
156,5326
38,3662
39,7309
93,4043
94,4362
42,3129
118,3942
139,9585
46,1627
81,3351
41,6574
51,3989
72,21571
63,5784
116,5130
98,6694
70,6925
77,2961
91,7532
173,6194
64,7201
51,15292
88,4157
51,13080
77,12638
109,4435
110,2434
33,959
95,3527
28,1255
23,3216
60,6102
65,1300
61,1773
51,1319
113,12239
91,12280
46,1380
115,3998
74,1438
98,8519
72,3117
67,6239
33,8759
25,3109
30,970
44,4294
116,4600
133,20699
159,18747
50,3930
55,4196
117,4917
70,3799
122,3007
46,7511
50,2008
68,15070
61,6983
46,7925
66,3394
87,12133
36,2266
97,4687
63,1995
81,8883
63,9437
77,2185
99,1371
45,5235
40,2856
50,3201
57,5722
41,2107
99,4194
21,4105
71,10624
59,5233
151,5317
71,1599
62,5009
111,4790
69,13108
111,3078
52,2915
122,10682
52,2814
72,14998
54,4613
70,10898
35,9931
58,1213
67,867
127,5613
46,9841
83,6691
48,2894
72,12685
83,3028
100,4764
95,2773
74,2370
18,6225
91,8928
88,12315
107,10507
79,2774
81,4185
98,8876
75,4318
105,12217
63,6753
152,16849
43,18183
72,3485
132,8537
428,2501
39,1968
75,5865
55,1977
204,4626
88,7789
135,3491
46,3174
42,2842
87,2403
29,4168
13,4169
51,2434
133,2243
98,17796
69,9885
28,1316
71,4465
162,20605
66,2425
34,6861
36,7974
46,1825
120,8541
72,8880
133,7643
19,1172
47,2106
107,14448
33,11532
32,3388
100,14160
111,6454
60,4365
54,2757
81,6477
77,12917
167,1788
162,2789
31,13105
37,2430
101,8671
44,16670
37,5426
33,4853
131,4599
102,2011
105,1413
98,1036
125,7916
27,11707
46,2089
119,4002
77,4520
28,6416
149,6496
67,8181
57,5300
39,1404
66,12864
64,8389
57,18575
26,2656
74,7105
84,9096
114,1874
16,7053
108,14027
114,6875
154,10432
70,1552
58,5413
92,10991
59,8063
39,3453
48,2754
32,645
68,8556
52,2051
36,3308
63,6747
50,7235
153,10694
57,7861
65,7069
203,11333
51,5348
161,6941
83,7268
27,3526
125,4426
46,17605
16,2100
32,3301
30,6604
118,16935
119,5351
51,13987
85,10059
130,10109
47,12826
46,15212
57,10264
111,1927
79,7347
59,1225
47,4266
67,1561
108,15458
47,832
71,2906
39,5666
27,2334
43,2925
38,5421
35,8126
57,3730
161,12684
72,7782
39,5069
57,3824
39,6762
119,3314
43,7124
73,9009
50,1702
98,5741
105,16503
30,2227
83,16216
104,11468
40,3757
85,4139
39,14884
65,3907
51,5835
52,5926
68,2107
24,5044
305,8581
105,19056
41,1625
47,4875
21,2025
90,4405
48,1931
46,18038
39,1743
115,26016
63,2791
65,1944
41,2165
41,8657
54,17776
65,8816
48,3368
94,3133
125,22227
76,5905
59,4889
98,2284
53,13128
52,6806
180,2730
88,11106
140,9569
74,9872
19,5014
135,8660
85,7881
74,1574
85,1179
97,9790
100,11153
74,3132
58,3241
32,10301
50,2731
95,5582
184,5725
377,7719
35,3482
42,2246
87,5367
70,3451
67,9107
22,2648
87,2805
73,2856
235,3580
160,8145
69,17359
50,3818
38,2555
95,5429
40,2867
38,2677
45,5856
59,7453
64,8438
98,3389
42,1448
41,4687
51,1788
40,8889
37,5940
69,11639
47,9428
83,9278
50,6780
21,1713
60,717
126,5856
51,2294
98,3346
63,2723
127,5260
28,3784
88,3983
24,4872
93,9852
43,7734
95,6152
64,7469
56,983
106,5288
105,6260
32,9204
51,10922
123,3197
67,3026
31,6526
77,4743
141,1341
98,1852
36,1205
130,3205
83,2483
89,4541
73,2715
73,4682
46,3554
49,3542
71,6717
129,6202
89,13048
59,5987
127,6872
40,2475
67,14802
182,23600
62,1421
45,5756
63,3328
84,5431
54,1611
41,2930
66,4876
30,1952
165,10895
48,956
45,11123
97,4715
31,2795
80,5171
69,2141
44,998
61,19274
117,4020
116,7961
168,10619
82,3612
106,19102
40,2766
113,8235
83,4777
34,2711
17,7665
80,22423
125,2678
57,8534
61,4453
216,16703
70,21838
103,2088
88,6211
41,4528
85,4559
164,15939
82,4483
92,5006
95,3788
109,6764
66,1919
48,3175
65,4203
18,1597
71,4712
78,3360
104,4436
130,9125
67,1533
53,6864
99,15932
22,1640
44,7838
70,9124
37,3140
48,6570
54,10024
86,3233
99,5224
60,18368
37,1945
114,10111
111,7803
59,6385
27,3477
62,2613
118,1969
65,5130
27,5930
25,1811
72,2011
44,3274
47,1144
49,6740
42,6810
137,10266
58,2909
48,11785
66,5367
67,3191
89,11622
39,916
87,7610
69,11063
56,15984
65,22914
57,4996
42,9048
129,7045
42,2189
89,11699
77,2000
60,3626
61,1027
21,5624
69,17915
43,7621
104,1882
86,8291
71,2732
170,5565
55,1815
35,2821
78,5783
68,5921
89,14577
87,9654
117,2274
65,10599
90,6209
82,18699
49,1387
58,7202
31,1432
73,10103
50,3210
41,4079
78,3140
75,2143
78,19904
64,10605
99,7660
52,14709
136,4874
36,4342
104,7903
54,18791
54,1589
43,3525
36,2201
97,8309
179,6834
83,4224
51,5963
89,5481
43,6307
54,2592
123,3067
59,2312
59,10495
85,1157
24,1788
137,12081
51,1338
27,1486
84,2378
93,3545
239,9424
47,5927
161,7462
45,6067
55,14000
323,10976
88,3109
106,6775
54,1448
83,9004
103,3618
87,2757
36,6609
105,6651
97,14555
58,15825
49,12452
35,15230
34,3596
92,7714
83,24583
88,3857
89,4025
51,7678
52,1940
155,2164
90,9203
139,2661
39,6996
191,6458
62,8831
53,5343
73,3181
81,3254
67,3083
60,6812
79,6943
103,11251
162,10735
95,18886
75,4677
78,15890
70,1070
49,7978
39,5141
50,7007
245,7185
51,6117
82,13936
122,2276
35,5064
95,6349
69,17947
46,13463
88,3543
68,7664
59,7482
45,11941
67,1773
159,12111
79,2063
125,3950
47,6781
56,6609
37,3236
30,1714
143,9824
30,2586
41,19450
38,13362
28,5781
61,2743
50,6816
123,12174
132,5939
76,6000
71,2839
40,1737
92,5715
111,4827
62,2590
16,1107
111,6350
111,16106
63,5336
49,1183
45,5318
44,10538
39,13552
79,7316
117,4783
42,4725
38,11830
46,2213
67,1132
62,10248
163,1818
171,6487
55,2751
156,4400
70,2672
26,14163
45,2937
105,13313
74,4698
85,7575
17,2293
117,5992
72,4144
100,3343
104,19918
86,7385
78,3345
95,4951
99,13751
65,6399
130,15936
32,7900
118,994
74,8535
104,1616
117,14091
81,4316
74,4197
59,2558
118,3240
84,6637
56,6331
21,1864
73,5740
45,8703
57,4028
38,1855
37,2608
154,6218
72,13927
43,1990
77,7104
94,3774
74,1696
47,1209
75,14328
49,2863
41,4507
57,5027
47,870
96,2094
184,13973
54,7221
67,9854
59,7305
47,4291
116,16568
100,3106
40,11680
64,5639
110,10280
252,4768
107,8463
63,8418
125,8512
80,4484
62,13183
62,12237
97,14214
31,6941
48,3636
79,1842
32,11087
45,9222
81,4703
70,14186
53,7350
57,5233
141,11659
90,7933
67,3799
54,3565
85,8157
32,3030
78,7576
68,6821
104,7367
27,2936
88,8353
100,5423
27,1580
52,1865
80,6276
23,1687
39,3354
20,2760
79,11862
68,8278
90,9788
39,8443
21,3492
53,3561
46,7368
44,1297
111,1723
108,4906
181,8026
95,4923
29,1245
68,7012
74,18202
51,17884
82,5835
28,1887
69,4641
46,3294
73,2708
51,14609
63,5191
173,3302
50,1495
133,7376
94,7780
46,8750
88,3956
30,2938
58,16520
122,13831
47,8906
31,4021
42,14523
52,3809
97,4452
113,18197
57,6516
41,3443
42,9522
82,1307
32,2204
88,8257
125,12267
114,10553
102,3765
36,2920
127,26077
48,9933
113,3988
90,2688
95,7448
76,1936
93,14346
53,3318
57,10545
34,1586
54,1409
129,1686
128,19012
51,3024
115,14433
68,2714
88,6396
69,960
57,22316
37,4866
60,3338
48,3924
61,4920
66,3243
46,12049
71,1657
90,2739
52,10759
69,3464
73,2154
69,6218
58,3455
63,2015
135,6162
110,2307
115,3862
58,7292
29,16506
137,6426
145,5947
86,15354
75,6079
25,6595
49,3182
48,3967
54,13724
81,2132
87,4509
54,3053
110,2831
41,7300
39,2465
65,5594
55,8561
47,2076
49,16143
144,5946
76,5359
65,16558
71,1816
119,13779
49,8202
73,2037
34,9178
44,4964
34,6205
36,5089
81,3446
39,12315
38,10987
93,5281
106,1228
108,7189
57,12996
141,21023
501,1389
70,18634
73,4277
28,4279
62,2854
41,3267
65,10350
181,9837
162,13494
46,3342
34,7554
62,15147
71,10759
85,9505
127,3923
43,6694
141,4747
36,3315
50,6470
224,12534
42,4796
100,14022
47,8009
34,4116
108,5908
43,12435
43,2225
100,4259
95,3513
112,10772
221,5359
47,9539
21,1529
77,3625
115,10178
72,3032
89,3855
74,7201
100,8036
135,17837
101,3280
92,3653
53,1851
49,6742
36,10335
220,16109
50,4256
76,1609
56,4356
179,4750
48,6787
72,14504
92,12736
145,8734
124,5531
93,4734
44,6129
82,1930
38,2470
68,3856
43,2036
38,2097
75,20525
111,6001
28,3484
145,12258
42,1399
70,2701
101,8903
111,3884
75,9405
75,5211
96,4989
96,10932
72,2992
61,7077
50,3418
24,11303
57,1171
66,4384
15,4957
64,10094
126,12066
130,5812
66,9801
42,4151
48,5063
114,8186
81,3966
305,9943
93,7180
194,6977
111,7473
136,12236
86,4789
30,4957
46,7414
83,11563
231,16750
84,10681
39,7449
78,3124
54,3520
39,3616
116,1768
175,7319
173,6665
149,1591
38,3201
66,5163
23,1508
26,2080
115,4095
100,4635
72,6207
191,9483
75,5915
40,2391
85,1702
43,2325
126,6068
111,7162
46,2424
40,4098
106,1797
54,6300
68,13798
71,14557
53,14926
97,10869
72,21095
81,8655
115,3818
70,8648
95,19482
93,3022
46,1374
26,2448
58,10673
96,7383
112,3346
31,4134
72,3093
103,4057
53,7691
60,6476
168,9325
67,2259
50,5864
49,8992
63,11439
183,11487
113,2438
45,1828
211,13377
114,8201
23,3324
110,5243
108,14324
54,4796
110,3302
70,8266
35,3080
55,7364
39,2262
39,1428
123,4010
140,3937
53,5428
78,5203
84,2030
90,4644
50,9288
53,3240
119,13747
94,8371
38,3579
85,1306
111,14469
74,2910
48,2687
66,7152
49,2610
130,14423
51,2770
57,3204
47,5608
65,2951
107,5281
75,2256
46,7030
135,9415
88,1913
46,2332
36,6393
116,3469
43,5129
69,14969
154,3088
50,3962
33,3919
70,2199
76,8421
35,3597
92,10817
46,5164
96,3376
114,10306
42,3934
25,5832
162,4751
112,5601
69,7531
47,9559
91,5581
45,5858
111,18560
41,7274
54,3125
70,1605
45,2249
39,9114
61,2906
88,10212
27,2168
107,13591
56,12882
22,908
122,6747
14,3320
67,5978
61,1704
60,2325
50,1178
58,2207
155,1680
364,11247
116,3109
74,4731
101,2935
66,6212
13,1815
91,8690
108,2823
104,3641
106,1529
42,8710
115,4824
29,3176
252,6784
73,4086
59,5533
51,4323
58,6391
117,986
82,3958
36,6654
60,1663
88,1802
57,2666
75,3460
29,7060
65,7019
79,9122
136,1790
88,3151
102,10247
63,7823
194,12976
51,2214
96,10533
28,8312
130,14277
48,3817
135,1660
66,4635
27,3183
112,11607
17,677
78,8606
24,5359
55,5768
63,10594
58,3711
129,14019
79,3665
46,4656
44,14551
49,6799
231,12630
132,4323
35,4742
95,6923
52,6068
52,6708
35,3934
69,4046
41,2969
52,5179
53,2968
55,4677
112,7066
81,3552
28,3599
92,18686
67,3207
59,7152
39,2102
65,6296
336,3842
90,5074
33,3117
35,885
64,6633
102,22191
52,2420
98,9069
56,1750
92,19207
48,2290
88,2151
31,3282
54,4139
73,4575
207,12711
47,4931
112,1954
55,4677
61,6584
113,2647
33,3897
143,5553
53,10243
107,13828
62,1684
139,6787
261,2237
73,4563
173,12385
48,12683
25,1732
57,4066
135,21387
59,3482
308,21869
111,20370
112,8026
53,2039
19,2110
73,4913
70,7044
74,4694
68,3350
152,6295
60,1229
106,1607
58,6625
68,3072
131,11750
38,6838
117,4580
55,7851
23,1255
62,1011
31,3915
74,1839
74,5188
61,11821
58,4372
191,1388
167,3680
44,1179
93,5553
77,5177
239,13677
62,6264
44,1667
45,3538
63,7874
110,20221
109,9488
189,16372
60,8425
37,6231
64,18299
65,2248
121,6988
80,3189
75,9255
41,2594
87,5524
106,5501
93,10880
61,6695
45,2083
87,3532
148,4886
26,8070
54,1225
45,8744
132,4778
53,5175
25,3720
46,11901
68,3946
111,18698
54,3048
149,3338
67,8305
62,7655
145,2275
32,3262
64,2001
73,5956
43,7737
144,3487
133,3816
85,3418
45,2726
107,3832
58,5124
50,10998
77,15519
19,2323
79,6806
63,3519
52,1668
101,2967
54,6518
91,3982
65,9950
36,2604
51,16218
46,2766
94,14770
47,7875
47,3119
116,6440
78,7558
123,10523
24,1595
67,7668
32,4987
120,13965
167,9705
72,1964
56,1415
108,7524
41,2708
94,15747
62,6329
57,7978
74,6722
31,1110
70,7055
121,9169
68,5083
108,10423
78,1441
88,5902
70,3209
41,4329
76,5653
66,8010
69,2519
41,5720
68,1614
56,10096
35,923
87,5519
92,2963
29,2706
151,5258
137,4242
18,3962
78,10827
80,3291
75,4235
61,16222
75,9527
124,3096
116,15550
201,11739
42,3478
62,2300
55,1482
87,16407
59,3092
104,6821
79,5864
86,1461
72,6609
300,20003
111,4708
53,3388
116,13543
50,1587
58,1892
67,5072
56,13721
66,5643
78,4034
71,2294
75,18118
102,19124
212,10388
42,2128
94,1276
114,8228
68,2521
70,17538
51,1151
51,4287
96,14455
79,6165
78,19990
87,3663
63,10053
49,5199
121,9926
96,17695
136,12030
167,7846
242,12758
36,7524
46,20656
98,6790
42,4289
83,19238
66,8671
62,9629
107,13772
173,5844
74,15139
113,2589
51,9903
162,2289
51,4188
59,8452
71,2255
77,11407
81,7709
80,8606
54,2848
35,5419
95,11107
198,5762
37,4709
140,8174
80,2564
24,11974
70,14719
90,8668
73,17830
56,6777
47,2977
33,2657
79,1632
79,3399
78,7011
79,3022
35,7417
87,11769
89,18512
62,6339
83,14596
27,3268
85,8070
159,6797
50,9899
119,3317
137,10253
126,9897
92,3631
107,3064
42,12453
89,7165
38,2238
99,2970
118,2834
80,4716
47,9477
125,6270
68,17513
70,7104
59,3681
93,4614
133,8862
46,9314
143,6780
89,4617
87,6772
85,9082
107,4554
47,3070
102,5842
65,2243
23,5155
104,1015
94,2618
38,6237
116,6387
94,3902
82,3560
63,4953
51,10529
29,2228
51,1869
92,31062
52,8138
81,7343
81,3837
74,6153
80,10229
55,8154
113,3175
98,2745
90,11159
64,1589
49,4506
69,4480
93,7633
58,9592
27,3979
30,7820
39,1565
65,7384
68,6788
108,7184
55,5817
42,18650
121,4660
76,2600
22,647
58,7800
78,20582
227,4715
72,3142
44,6729
83,1908
52,3327
64,4484
18,771
149,6903
38,2456
106,1723
85,3645
57,4067
83,9151
81,12130
52,5236
68,7029
30,2594
33,3397
54,5088
288,5741
40,2130
69,4863
59,10232
87,8638
91,3730
136,5925
28,3064
155,3161
58,3847
34,9039
54,5109
99,1881
27,4537
47,6181
71,3760
81,4621
18,3533
66,8201
34,2062
78,4175
27,934
52,1264
54,11499
56,4682
129,2994
80,3294
56,800
125,3039
28,2402
58,1419
25,2332
39,6449
32,2659
51,13887
146,9210
23,3091
73,4530
106,3238
106,7225
120,2431
61,3033
97,2260
60,2231
101,14617
29,3366
60,5298
70,1423
102,25995
86,15478
276,15854
176,17022
45,13023
85,4172
150,13137
26,2520
116,7628
137,5489
63,11340
51,1958
98,4134
27,6082
46,5421
36,14230
114,2566
53,2626
79,5293
47,1845
87,7402
38,2196
56,10811
30,3010
74,2707
91,1978
59,17577
81,16283
219,11726
64,8130
39,3881
81,11041
144,5980
72,3150
92,1871
82,6781
42,12543
55,7577
142,3612
120,4169
71,9996
80,7159
142,3034
72,16546
67,7562
48,17357
166,2647
134,6931
71,7892
76,3668
38,4681
46,3766
61,13445
98,13071
57,1794
121,13946
56,2268
41,8538
77,953
53,1451
28,4000
91,5413
77,8329
95,5721
95,7879
60,5919
50,3580
98,9315
108,3934
37,2679
60,6189
47,1286
49,4794
257,7904
67,2366
48,3209
120,3920
108,5966
138,1416
113,19557
44,17442
67,4822
140,4037
141,6287
56,1765
71,9902
45,1506
96,16100
39,20840
59,2360
176,5752
37,1480
41,2110
56,3102
123,2280
131,7187
42,2176
125,8803
56,4366
53,11195
69,1261
53,5958
61,4040
37,2748
45,5175
114,2761
92,1632
77,2001
49,4819
66,2627
83,4064
46,3833
107,2263
59,17581
71,8078
62,7013
47,3970
63,773
26,2012
108,10360
60,3754
69,1127
136,8630
71,17055
97,3038
61,9907
43,3655
113,4839
37,3381
89,4132
119,2220
23,6854
71,1753
44,2667
70,7154
48,5474
179,13165
62,1623
37,2082
111,2031
108,6301
79,8122
89,6088
69,5686
101,3501
73,10491
46,3019
88,13306
69,12780
59,8322
86,9209
38,4860
64,1643
34,1094
75,17601
133,21446
59,5831
52,4247
76,10849
25,4311
67,1126
72,13871
77,4379
75,12863
23,4097
79,7167
40,3379
98,3972
68,2303
45,1710
102,4369
165,2633
42,2232
90,6249
76,8358
49,5260
67,4677
90,14148
14,6605
68,15526
48,3588
78,7736
71,3229
65,5551
63,4388
96,2880
65,4261
120,6956
129,1562
76,1790
163,14181
24,11505
59,1816
83,16142
37,2283
64,13489
27,3015
68,9717
65,8112
43,2782
85,4076
69,5296
163,1547
33,1988
138,6202
41,2583
95,8994
46,6405
42,3722
99,5521
83,15010
93,6341
65,2973
90,3039
54,14421
144,15443
54,13307
155,22075
60,13955
150,15366
109,3818
76,4544
66,3751
148,16522
106,11189
55,4680
32,1011
72,6810
111,5510
81,5246
68,3808
44,1701
224,8934
55,4993
69,6815
66,6459
74,4405
54,1481
41,1919
54,3218
27,2547
50,3558
56,7818
78,2696
108,4408
38,4730
30,1702
44,2369
173,15776
45,3871
67,8033
70,3299
177,3397
53,11218
137,4259
76,3796
33,15392
59,8091
88,6608
48,3622
83,6748
59,5645
75,11852
97,4845
163,2764
56,1277
57,4534
75,2724
65,3232
79,3839
47,2331
166,7136
30,3267
87,14735
114,12200
104,1728
90,1133
120,3127
69,17525
77,4180
45,8271
39,6710
88,15925
38,3638
48,8231
51,2071
81,2711
67,5584
36,4941
91,1079
126,6213
67,8582
38,4619
30,5753
25,2937
63,7848
133,9539
126,3806
105,2816
175,2504
132,11801
33,4408
47,4921
209,10622
89,15911
60,840
103,7703
51,1907
155,7432
58,6942
45,4319
71,4679
56,5767
37,2866
139,3276
76,8956
50,1601
41,1942
246,16997
44,1713
51,5190
48,8390
66,5957
58,3403
72,10317
45,5526
67,3074
48,3365
71,5373
81,2250
103,17644
42,8597
77,8710
48,11148
38,4900
28,11979
49,1915
47,1201
46,1438
186,23490
58,3129
38,996
89,6568
50,1711
93,7246
74,13590
104,1465
142,14080
97,9800
50,8989
133,6112
53,6683
57,3210
88,7961
41,8830
44,3629
56,7050
14,2276
29,2663
56,2881
50,6482
82,17183
188,12677
57,3731
49,4308
102,10841
20,3360
66,9476
124,4554
114,11734
74,7683
46,6418
87,17658
277,9547
86,2986
96,3773
47,1645
114,17112
136,9039
167,1363
45,5258
29,13760
74,1750
65,6832
43,1428
34,10373
105,3156
42,10967
90,6993
49,1148
95,11825
99,16813
39,4544
96,3837
117,13677
92,9735
31,3109
85,12026
49,12130
95,2502
29,4311
125,12349
49,3134
31,13285
47,16488
55,2335
215,5202
69,5480
47,4230
48,4535
85,14712
38,2640
37,1602
105,3417
234,13229
133,2275
66,9260
81,18008
36,3946
15,1954
163,7350
78,1156
19,1358
74,3699
41,5889
95,9616
119,18583
205,19646
154,11077
68,9676
97,4094
91,11860
99,8653
180,12271
47,9610
53,4145
43,2952
64,13076
68,10652
78,1407
103,11189
67,7299
77,12082
59,17123
37,10940
47,4495
91,6110
39,3229
43,4468
36,1390
78,7831
26,2825
75,10759
50,8573
87,9334
42,2636
119,2463
83,2917
84,3715
78,1676
53,1770
100,4795
36,8447
38,3678
90,12245
105,14813
44,4314
40,2195
94,6139
67,2524
57,4657
95,2587
44,6105
109,8553
51,8231
84,2570
60,3422
22,2049
142,3005
50,8013
40,2594
71,6458
41,2178
24,1771
47,2920
97,12921
70,1882
71,9874
165,6006
104,3491
62,4656
80,2433
214,5005
47,2918
70,12194
93,12535
92,1377
126,5661
43,13771
141,12505
120,5099
135,26434
120,1993
42,5143
82,10214
35,9153
51,1082
135,5914
121,4006
70,3059
168,12109
31,3378
54,12560
18,4598
41,8498
45,1797
130,2886
38,12729
36,6346
75,2455
99,7861
53,4996
82,4404
68,8091
46,2187
148,7728
75,2287
196,4465
47,2925
128,2537
78,12464
94,11506
86,2248
29,13369
170,14009
112,9315
69,1512
65,5483
73,6757
55,3078
55,11763
37,12996
64,10557
109,4017
102,5806
88,2951
99,1562
94,4951
125,2653
73,5927
83,11685
54,15810
50,7094
109,9151
93,15558
32,4794
48,2978
43,2601
98,4025
45,1057
64,14340
51,5673
64,5323
244,2668
62,3571
108,746
110,14077
57,3763
45,1821
95,9714
44,1919
78,4610
24,2620
43,6287
32,4262
41,1936
81,5583
47,4053
64,4342
37,9203
46,6459
158,3242
50,4589
39,1617
59,13790
25,4944
101,4049
53,16551
20,3217
36,5203
39,1545
53,12377
147,6884
127,7127
78,1201
70,10158
135,2747
52,2226
147,2062
54,3416
63,4100
36,6764
82,5912
96,8510
72,15236
90,8806
17,2051
30,5090
49,1738
76,1930
56,13936
64,8323
80,3442
64,1334
67,4645
104,11656
104,12060
54,18011
63,12507
39,3752
89,1250
90,3079
110,2448
45,1713
83,10996
156,4950
72,8561
51,9943
80,13408
46,2662
101,9405
44,1971
154,8230
99,5613
65,6238
141,2457
35,3018
48,11320
113,12822
28,4498
112,13704
148,19704
84,4858
66,1268
49,1398
77,13914
33,1640
25,5098
34,3213
78,2156
90,4632
50,2063
34,6129
158,17776
43,4133
120,1302
82,4567
119,14328
124,1828
87,6177
207,17554
216,2720
25,3045
44,3258
108,13198
313,13835
112,4251
56,3085
69,1943
61,2892
39,2122
93,2716
59,1642
120,4640
133,1769
112,12892
113,13254
88,16495
60,5671
68,7328
64,5309
85,2807
73,6456
62,3699
205,18959
62,6893
41,2491
161,12505
65,5104
62,6584
107,13435
81,11099
149,16576
97,10867
51,2707
57,2518
49,7162
62,3589
51,5495
174,11252
69,2739
142,3616
65,3376
112,8393
56,11642
72,3874
89,1957
120,5239
33,3729
49,11033
43,4842
69,7602
119,10298
91,1113
100,10173
26,6046
108,2698
59,1946
181,4851
68,3251
39,3146
95,6722
122,14116
36,2153
71,5686
36,3241
151,6807
112,4129
73,10825
67,18705
40,6872
72,2773
50,2737
57,9206
114,2601
36,1369
34,3808
67,8904
72,1237
82,3074
92,1827
116,1862
48,7341
60,3861
137,2431
69,3406
104,10908
75,2651
56,12167
66,2535
153,20553
88,4431
65,7378
33,8886
44,1405
13,2888
32,3809
34,3466
132,19758
91,6785
74,1694
36,3382
52,1094
40,1506
30,2397
261,7879
360,9947
49,3696
40,13961
151,2858
114,4479
116,15027
107,4108
59,5595
43,2756
47,7993
100,14160
39,6954
48,15059
70,1918
110,6097
332,22343
59,5139
87,7016
40,1656
63,6360
102,3417
101,16232
97,3525
29,3111
41,1753
96,15768
144,10154
52,3475
237,11213
106,11113
155,3635
109,12761
100,5537
17,3496
95,7021
148,6928
33,13189
58,2603
60,6922
39,4129
68,6533
88,5225
62,1545
70,1866
76,7737
30,6178
93,6926
46,2423
35,7350
79,3470
54,8272
102,1919
181,10301
59,6966
121,7356
72,1713
43,2477
89,3926
61,12911
50,6345
74,1942
83,9764
40,2727
194,3104
46,7256
130,7191
117,3612
56,4063
33,4815
117,6481
105,14801
64,11902
87,8966
65,1443
48,8259
29,2801
99,4691
57,14454
109,2951
59,3111
63,18066
70,9697
68,3776
64,3159
49,8404
30,5458
102,1245
98,9257
97,3805
79,3267
188,7193
110,5246
48,4901
364,5477
34,1463
123,8623
70,6568
54,12787
148,3270
88,8774
33,3727
55,1779
63,8830
143,4471
75,3085
88,7855
60,1486
170,17146
81,2660
121,2330
55,4487
72,9204
113,7863
45,3608
32,12737
20,5826
70,3257
81,8888
52,6210
63,2169
81,16832
136,2974
87,3208
62,2957
58,3222
161,5908
84,1743
84,4544
57,4813
56,2080
100,10882
125,19688
78,8869
217,4307
35,1198
199,6011
125,6431
35,5358
56,5212
119,3757
17,2881
177,7603
34,1686
181,9175
61,5838
94,2244
46,8445
52,5290
77,3797
40,1199
43,5310
91,6721
55,1825
21,12251
57,4564
90,3339
126,14546
23,4370
59,4250
176,11422
88,2909
55,4104
32,4546
37,2389
174,4547
25,2901
54,5123
48,4739
117,1802
73,5954
209,15049
43,1845
53,3171
195,5882
27,8107
130,1861
38,2088
61,9119
44,4472
84,6518
94,7973
82,5006
26,4553
86,3879
95,5581
72,470
137,20425
19,5288
73,2616
54,5704
53,1030
44,2658
49,5363
78,3333
230,10872
149,5687
110,4426
115,2980
189,12067
30,3245
42,8601
83,5726
59,983
90,2876
46,4638
22,5058
50,3758
171,4018
19,2641
63,19654
93,11761
52,5433
178,8323
103,7009
130,2663
175,8882
109,20446
52,3354
70,10072
93,3298
62,6128
145,7292
81,7334
73,12581
103,9693
155,9140
38,5659
88,20068
69,6592
163,5083
93,1925
91,3570
86,4412
51,4436
97,9355
84,3817
31,5666
44,13141
79,7406
174,7318
44,3947
53,6608
47,6112
111,7717
35,2331
57,2968
61,6340
87,9066
120,19593
81,6411
28,6254
89,5334
87,5638
59,3606
71,2843
113,2532
39,4895
71,10542
27,14825
80,15184
30,3753
175,19236
68,10674
97,4086
58,14115
44,7096
45,6803
127,6615
39,1398
23,2192
98,1627
122,2736
67,4739
86,4485
85,1900
78,9437
260,8043
32,1799
50,2673
29,15353
85,2780
69,1023
127,16057
54,4115
66,6761
45,6438
106,14779
59,2096
85,2211
48,3149
78,4234
50,2312
58,7924
48,4665
44,4951
186,7253
101,16863
117,4324
116,17640
64,3638
86,4302
33,5964
106,4695
92,2870
77,4837
166,6456
94,5668
62,9717
73,7645
89,1528
36,2077
68,14567
34,2103
31,8182
78,1688
35,14144
94,8333
94,9464
94,15317
23,5062
35,1818
31,7321
30,3352
37,6684
63,5995
51,1188
32,1114
109,15342
84,9820
32,2351
64,3411
89,3500
26,3810
93,10456
24,3306
84,5824
127,4032
79,2011
28,1010
69,3575
41,2510
65,2008
92,6075
102,1573
143,7670
62,6695
103,6777
28,14564
103,2410
64,1669
78,16684
40,4373
56,10741
47,4621
105,6649
30,2601
28,6925
35,5886
46,3595
139,4858
35,2317
53,4075
59,8355
54,18779
55,1062
41,9935
37,1284
54,2543
114,21429
92,8291
143,9027
104,9781
54,4787
58,11272
70,4768
106,11268
72,4051
69,1506
57,3785
56,3563
88,17797
48,12718
120,4337
99,8594
60,2536
65,6370
36,7299
87,1652
76,19891
32,3891
104,3369
56,4312
38,4062
66,3637
95,3816
72,13338
71,8550
35,4955
46,8796
238,20139
55,5136
94,2236
38,1666
61,4379
65,5661
118,2035
102,5211
80,4268
41,1715
21,2343
125,4650
94,6067
39,4078
22,1078
32,1727
101,14719
67,5695
51,6279
48,4984
83,8623
19,5268
66,3930
69,3907
87,15828
60,5506
87,4268
119,8524
81,4061
42,662
94,6954
46,10604
118,17725
50,7320
54,16798
49,15216
76,10650
75,2616
80,2328
39,2748
34,3298
67,9761
83,3543
95,4650
162,10851
138,6871
30,1988
78,10189
81,8298
50,11898
58,5028
81,1433
30,5742
72,1865
151,6273
70,2197
83,5576
87,5802
122,16909
118,4608
72,9296
130,13742
96,19526
63,3900
218,17205
81,13551
33,4044
136,2647
62,1888
61,4335
67,2694
51,6175
69,3053
66,2307
18,4554
43,2616
70,7168
112,9266
36,9638
47,2961
61,10997
99,5207
73,2865
77,2665
49,2228
27,1428
44,6999
104,2468
48,5485
78,12547
73,3635
75,1988
40,4630
64,1359
74,1765
79,4372
24,9488
57,18563
112,5310
37,7805
15,6638
60,4730
75,6694
28,11805
52,10396
119,12055
157,22208
187,3381
225,7526
69,11698
62,4785
51,3363
53,1872
95,1746
73,8383
55,3618
76,4613
91,4672
158,19985
61,9812
171,12723
102,3639
31,9086
51,1241
35,5243
59,1230
73,4979
36,5003
43,5854
47,9005
106,6344
74,6432
63,4799
77,4359
42,14908
20,3056
39,4396
35,2643
113,9671
139,3163
39,1674
53,5460
43,2033
70,1503
135,19770
116,1895
39,5866
60,5227
48,1483
89,5590
81,8635
130,9448
47,4182
54,6805
134,3828
94,11186
137,1126
73,13752
38,2402
63,10517
79,3404
74,3897
93,8111
81,6714
60,3091
76,4807
72,1876
144,2433
67,10817
76,16751
129,15378
84,11797
42,11633
63,3300
46,9962
65,5814
70,8275
74,2303
52,7725
74,4882
92,12349
34,2670
77,6860
50,6292
25,6299
117,17357
63,6519
140,7575
104,8283
83,9308
66,1566
17,2906
45,1349
234,3213
33,2925
105,4933
164,7534
48,13037
69,2793
90,15388
100,2880
110,7061
100,3970
56,9063
76,11717
25,6978
59,11204
20,4670
161,5664
178,14192
50,14458
114,7371
36,3412
141,3207
93,1872
36,3496
98,9721
76,10952
65,4232
39,5765
20,3707
104,14965
64,14796
56,3348
88,7824
59,4647
125,4574
111,13196
160,9639
71,7047
224,2085
44,3092
45,6956
39,2326
36,3145
60,2213
125,10711
61,5591
36,6225
140,5118
42,2648
64,4323
49,2787
42,7967
56,1059
29,3040
78,9294
76,3864
85,18001
36,1646
118,2362
30,4052
56,3419
110,2764
91,18173
63,4969
57,2918
48,4581
75,12990
410,12391
87,2425
79,6555
75,3605
31,3211
109,2870
95,9692
35,1386
73,4989
74,17520
72,4796
38,5742
99,5509
47,3145
62,2975
79,2241
86,3502
60,5516
32,4398
228,6190
128,4928
63,2911
45,2693
61,5598
22,8489
87,7624
80,2824
123,3621
85,6782
48,1410
55,4091
71,3389
108,10438
126,21776
147,8097
41,2733
123,10243
77,3282
53,8714
58,1661
122,1908
41,2736
135,8205
47,1966
105,2794
174,5119
147,12952
24,2674
63,4402
143,4668
52,5157
143,2557
35,7478
96,2238
82,5199
32,1174
93,4254
85,2796
101,7294
359,5202
43,4151
30,1236
86,1316
81,2368
97,7192
41,4093
71,3102
116,5226
56,11064
21,6391
35,2842
50,4203
79,6611
182,5704
35,1780
252,2783
86,2452
60,6313
114,2459
68,3570
31,4393
105,4000
109,1659
363,15879
45,6530
68,1424
107,11085
39,3505
71,1266
40,7373
68,1455
68,3514
73,1587
94,4178
81,6178
134,3773
45,1168
47,3512
157,14060
79,16529
30,3170
77,7136
40,2429
127,7534
51,3336
46,1213
54,2318
57,1214
67,4157
37,4692
41,6317
44,3601
73,4065
73,7324
87,3960
54,5355
120,12433
106,6344
95,7072
48,4304
52,3914
71,1701
49,2403
29,8202
80,6657
49,12691
59,1160
36,1495
38,3631
61,2991
93,5385
67,16711
41,12845
50,1351
115,14910
157,26930
66,2972
53,2533
49,4802
147,9133
33,2208
73,3537
50,1683
85,19647
44,4401
57,5311
78,3316
34,6346
158,13836
153,2932
49,9306
72,2356
67,10978
108,4475
50,12223
44,3757
85,11469
234,5127
79,4382
52,2787
129,6724
29,3678
17,2057
147,14787
71,2734
35,4146
74,2797
121,8204
149,13594
48,3122
57,3926
108,15180
46,5074
115,2423
48,5939
36,20397
18,2097
54,6085
65,11610
42,3251
55,4685
56,5204
105,15712
71,5793
68,2093
138,12199
193,11500
65,4689
78,5706
93,12838
46,3391
41,2995
127,12570
56,3259
106,4817
41,11908
128,4159
105,5832
55,1577
239,9085
46,10481
164,5240
46,1698
31,1677
38,9449
84,7303
110,10844
61,4953
42,6435
32,14297
62,4603
77,1659
24,10997
83,3181
54,3587
57,1680
134,3195
38,13983
53,2789
37,1756
198,2255
41,2074
57,5112
114,5473
85,2012
55,4538
143,20258
55,4889
156,5683
80,975
47,14821
78,3406
62,15407
39,3764
59,5935
18,727
55,5730
58,4416
64,3730
75,6255
109,11110
97,16655
93,8052
56,2352
151,11776
42,6308
114,2567
37,3647
79,2470
72,11553
20,7818
83,3262
49,7061
65,7004
64,4922
109,4686
142,17558
113,1700
151,4501
74,4065
80,15291
64,2872
65,5825
104,4901
136,11855
110,5326
84,13847
66,8782
123,10475
177,9693
168,5616
60,3126
60,10372
70,4357
120,10454
97,8424
173,4493
58,15973
75,3705
69,5006
110,6694
43,1567
70,1840
68,9217
72,10610
101,3408
38,4084
39,1537
85,3949
56,2216
156,8510
48,3569
77,2623
47,1171
51,1946
138,1391
67,13233
28,3594
118,7376
56,8993
38,2586
82,6803
42,5844
75,6718
72,9528
64,7722
39,3602
51,7563
52,8433
68,1704
73,12704
52,4076
55,1666
129,10728
145,5382
28,6773
87,4254
39,2775
107,3940
101,4386
62,1879
59,7241
126,3147
141,4861
64,7664
165,4849
288,15592
91,7852
138,6795
85,4048
73,13003
53,2476
75,2401
111,9052
74,6065
51,3424
52,1478
43,6642
78,14007
44,8194
35,5576
73,3182
218,15605
30,6578
116,11386
93,3525
92,5940
43,5759
53,5026
83,9676
101,9040
64,5841
45,10793
112,2452
112,2197
49,6330
101,6479
55,2001
69,2733
60,8693
109,2022
81,701
113,16424
67,14524
80,18496
111,7829
107,2194
73,4714
62,10622
33,979
74,6293
71,12782
50,6081
56,7955
89,3473
172,19123
201,4206
108,13880
48,3442
103,2802
51,6272
119,5271
171,8434
64,7777
114,18860
17,2677
156,16216
49,2008
40,4263
112,4947
134,5502
58,15242
43,1681
113,7524
143,6352
232,6911
132,19398
29,2786
48,14853
82,5933
52,3287
177,5585
118,4459
120,3405
31,2304
93,1542
134,5039
108,3700
120,10122
37,4417
92,9800
63,2105
48,1182
64,2865
65,919
95,1917
88,4820
64,4693
68,6561
38,2972
12,2399
120,4565
119,15366
55,7442
152,15976
98,1516
49,2787
65,3003
41,4288
87,13470
171,4070
23,4109
78,15848
38,1225
123,2348
81,7628
34,3834
44,6494
52,3207
93,2000
36,3073
208,15127
52,6014
59,1506
61,14967
72,4819
46,6226
35,4517
72,2435
75,3860
43,1094
129,17200
99,17080
135,10002
149,4025
81,12445
52,3951
75,5959
82,4998
91,10872
29,2462
44,6857
63,3594
65,10295
53,1017
60,2114
52,2497
64,2210
87,18753
48,2177
64,3420
80,11517
53,11137
92,6133
62,2373
84,5805
63,1037
22,2711
157,26060
69,14960
53,3308
66,11472
33,3316
118,13396
111,7552
104,12316
45,2995
90,4796
71,2096
47,6434
138,15380
69,1655
65,10273
49,8636
59,2348
46,2331
69,2343
24,4667
86,11834
45,4251
75,4528
59,5846
106,7660
43,3003
115,4327
66,8623
49,13326
117,3682
74,5226
95,4053
102,7230
98,10568
131,5749
119,7585
86,16770
55,3739
70,3065
118,4689
105,12978
70,18682
100,2889
66,4881
101,11332
83,12650
86,6927
45,5888
30,7750
48,8730
77,3408
93,4624
145,5875
53,3006
79,3187
64,3317
50,6348
47,2785
91,5334
57,9348
39,1727
51,4099
138,5251
88,9180
31,1827
66,5714
75,1673
260,5677
50,2310
54,3342
180,17060
32,5666
113,7303
83,2183
48,4382
55,5721
42,1984
76,12540
88,11560
89,18745
53,18558
161,21891
55,4923
120,11574
104,7615
117,2554
31,1425
47,1777
28,4259
63,4256
110,8189
22,3948
92,9086
44,6304
147,16718
104,4433
98,2519
66,2511
46,2161
92,13732
89,19543
70,7467
89,11891
109,9355
67,14917
89,12474
73,2115
145,11688
96,12845
49,13724
86,19752
30,1692
30,4154
75,8093
237,15320
65,4461
38,2883
65,6394
85,7560
105,18848
133,8650
90,7629
57,2769
66,14010
77,9556
38,23724
69,6252
31,3078
52,4349
106,3800
133,11943
41,10068
33,3712
64,1971
38,2568
97,3902
86,22813
76,2622
34,4338
44,3811
35,4727
116,4252
55,7321
89,3659
100,8060
62,4790
110,7674
28,6621
65,12587
100,8040
113,4048
80,13441
36,3104
28,4532
27,2494
64,7802
69,1327
35,6989
121,9877
67,3351
56,3412
29,2703
29,2325
75,8411
69,2052
53,2198
30,2368
69,9872
110,6338
121,3716
105,1545
52,9552
61,3237
53,8323
52,3111
113,3419
97,18710
99,2435
102,12451
51,10797
46,6052
29,8281
103,10449
38,8496
83,4696
47,2359
61,7799
45,8329
245,8887
157,26032
55,11373
127,19017
95,5946
134,2444
81,6487
116,4838
22,2912
228,3222
108,2815
124,5189
77,5177
54,3576
20,1248
93,12515
110,6416
62,9983
611,4059
41,10679
65,2110
95,2672
146,18074
77,7463
63,4335
100,5861
48,7581
111,14236
113,3038
80,18443
72,3882
69,7422
130,12873
43,3594
39,15439
40,1097
50,12545
150,3851
77,9732
116,4710
126,2449
54,2141
134,2664
49,9417
127,4818
45,12335
49,4839
116,4188
70,9349
82,4762
31,5542
96,4711
116,2857
65,13295
135,6563
105,4716
49,7048
84,3464
35,4562
76,7944
66,909
43,5193
81,1343
40,4135
180,19242
120,4091
84,5433
55,3492
93,3870
66,4331
74,2087
79,12849
55,4142
84,8745
132,3304
77,7319
179,11935
65,4674
33,5301
103,10901
119,2571
107,13456
49,4077
93,7993
146,17932
37,1926
57,14331
14,3544
99,7149
37,2469
134,4095
55,4037
41,1615
73,15191
150,3067
91,3316
50,6804
38,6411
100,11975
90,5408
204,2449
84,5084
141,8782
56,3719
41,16413
202,11970
54,1393
117,734
51,2563
21,2080
31,2008
51,3553
83,2206
56,1708
144,6941
17,3839
102,2157
29,2953
47,1864
88,7326
126,3780
112,3820
108,2968
110,6952
49,7677
70,12529
51,5994
21,6806
79,10824
60,1689
130,5695
384,24115
66,6470
135,17657
69,3255
78,13918
69,4520
95,4646
316,4282
43,3540
56,6635
55,2223
68,14738
47,1428
155,14615
84,3287
76,10956
47,3021
24,2409
112,3905
69,1458
92,1878
212,12936
46,4780
76,9272
43,9743
87,15885
74,3715
139,10093
31,2022
62,6080
40,1642
21,1314
73,9799
102,11897
44,1984
93,4008
119,3862
51,7890
91,9124
71,2513
38,12929
36,3532
133,8313
31,6434
53,5171
79,13737
100,8553
128,15590
85,3539
29,5504
222,5043
60,1357
106,15329
38,3710
103,2721
61,1418
45,4908
86,5954
149,4000
40,549
56,1479
116,13114
60,9227
44,4146
143,4291
43,1630
39,7710
50,3869
66,7908
58,8919
98,10740
52,7220
48,3016
46,2417
91,7933
102,5883
87,15294
53,15296
71,7334
96,18848
50,6462
63,13299
61,2750
74,10094
98,5834
76,6656
42,2574
112,1667
77,3458
87,5778
86,5003
68,5587
60,4001
117,15368
138,4125
79,21015
79,5905
91,10882
153,5462
37,9653
138,9429
48,6921
62,4942
60,6564
94,18172
105,8613
42,1500
91,2679
143,3051
29,5321
101,9067
67,11232
79,11363
54,7164
101,7386
45,2408
61,7107
54,4937
62,4236
55,1696
95,13268
105,669
41,1796
147,3695
148,4144
81,16550
83,11580
110,3056
156,14679
232,12444
52,2402
66,4503
44,1294
41,1690
198,16912
124,7340
30,2566
97,5268
62,3469
105,12720
93,14736
66,1233
101,4186
35,2673
81,3950
101,5793
89,7922
45,5776
22,1874
109,4204
58,5260
42,4220
31,5016
61,6743
106,7594
46,11034
59,10209
86,15635
58,2078
82,1337
48,4736
25,2096
113,18715
59,10141
40,2693
50,3056
105,3964
133,15987
50,16243
182,13861
79,11101
102,13050
83,6977
56,4955
46,7163
109,3852
54,1718
75,4936
66,830
90,2398
56,7250
114,5212
20,5287
20,4635
49,3399
45,3971
133,2406
158,18753
30,5259
64,13559
150,6797
95,5877
96,2863
146,8988
155,5917
30,3166
75,2970
69,4021
98,13217
55,10340
48,14752
83,1846
88,14631
103,8422
35,1234
47,4662
55,3068
51,5276
39,1547
32,6171
124,8203
36,3227
77,12055
84,1953
184,11993
94,12046
65,5399
48,1515
29,3667
95,13719
68,14140
26,2426
44,5353
76,2881
28,9421
43,1425
54,1567
102,4673
112,3123
62,5556
58,10943
174,4933
33,6870
18,3930
105,12318
134,4751
35,6111
34,7823
78,11241
42,8322
46,2248
69,7471
54,2628
57,4912
94,4842
73,2097
37,10734
59,3534
136,19766
110,21823
95,16711
45,5910
24,1896
45,3884
79,7689
106,13663
76,2883
44,9855
29,7364
129,4595
94,3391
156,5382
28,2877
55,6890
99,4953
98,4548
167,17026
22,4420
65,1619
74,1863
33,5582
71,16298
67,3217
90,3350
64,4086
67,9496
125,1950
38,2130
85,22431
98,10010
116,9424
276,1897
70,8675
108,7989
188,12900
30,9496
87,10754
98,3605
101,3010
77,8100
64,2243
44,3315
103,17458
38,3127
60,12295
27,3156
54,3995
65,3386
62,9410
46,1703
42,2519
106,1857
102,2351
40,6322
268,14873
51,1915
34,3753
121,4748
68,3692
212,6716
63,8630
72,5259
216,6203
31,5841
70,2131
74,2932
35,7944
35,2112
41,4065
51,5298
166,4665
153,3645
107,14264
103,9846
49,3218
118,2395
63,8923
76,13436
54,5006
100,5207
78,17290
21,4899
66,1873
59,10680
109,9041
33,11126
67,4364
66,6103
60,9141
60,3455
56,7381
18,5384
115,5558
151,18829
46,9556
119,2209
70,5114
38,2866
146,8228
60,2773
125,6199
33,3127
69,7670
59,5186
107,9300
61,11463
73,1147
49,4561
113,8169
80,6096
89,5933
23,2009
72,2420
32,1676
112,4924
54,6093
143,3721
79,1878
70,1212
74,1815
122,2691
54,2182
121,9414
68,1955
42,2822
114,25368
70,8997
102,9307
45,2349
75,5000
111,7318
63,4850
103,18315
54,4777
136,15568
19,9006
75,4090
112,9366
113,7827
86,5293
89,12151
62,5522
65,5432
56,4385
94,4125
41,4278
149,5497
55,6653
58,3533
64,1449
50,2022
145,14902
52,6376
47,5469
52,1193
40,3594
78,6126
65,3809
55,1470
44,1484
49,9867
102,15709
70,6028
31,5424
45,5458
135,3924
117,12003
66,6053
78,3214
126,3017
107,9447
144,3869
56,4363
201,21167
52,9568
41,2729
73,2640
52,13775
62,7536
17,2086
102,7648
49,3552
94,6116
41,4582
21,3749
86,8972
41,2666
220,3070
161,4168
30,4295
108,4701
58,2341
121,8212
76,2261
85,6782
71,4248
97,8634
17,3966
174,5562
52,10041
85,2337
46,1595
126,12735
76,12844
89,4576
55,2984
141,14092
74,871
61,16630
94,12140
37,5588
45,10087
39,5103
46,11198
33,7166
59,13921
48,3866
185,6809
31,6270
187,8303
37,3162
78,14348
107,8055
92,11266
45,15886
66,7519
51,5800
64,1945
28,7390
53,2721
114,7249
27,2311
120,2483
38,4332
56,3627
34,9016
81,9225
94,5896
48,4098
82,10950
41,9848
124,12003
63,13201
44,11569
67,1866
82,5261
103,3277
36,2156
73,1173
172,1471
77,2680
22,14625
32,2478
82,21934
41,3927
78,2898
121,2747
58,21939
49,1406
106,16332
85,2510
82,4978
51,6503
107,20532
88,16875
63,10256
104,12761
51,7606
40,9943
82,3493
41,5053
130,5073
81,6130
93,4302
74,1360
33,4825
38,3878
14,2142
115,4174
53,1067
73,14817
39,1386
38,1605
56,2719
88,1984
27,5198
44,2104
49,8519
84,14369
105,15035
169,8578
67,6066
70,4527
55,20444
94,13191
215,12201
88,1274
31,2066
118,19490
96,3144
39,2100
144,8279
26,5456
126,4867
55,15098
150,17094
162,4643
50,7243
65,12024
70,14701
64,6304
87,3629
65,3695
50,1055
126,13793
41,3712
78,9670
60,3840
56,3643
92,7721
65,18652
68,5445
108,16745
87,8931
72,2841
76,5356
83,2275
67,755
56,8289
49,6600
97,5358
70,3831
115,3128
138,9964
78,16287
58,3027
23,5789
84,5704
46,3189
76,10443
14,1107
114,10686
57,2615
118,3550
128,2710
51,7737
84,7878
79,7984
49,3247
175,13148
90,4660
50,14972
105,4776
59,1826
86,10096
104,18336
71,9709
77,14495
66,3477
63,821
38,4101
47,5328
163,6450
93,5426
94,7329
27,6839
148,6767
67,15099
47,13052
95,6358
73,3032
153,11938
72,4377
85,7139
68,8821
123,3443
71,3762
81,2453
78,2261
22,2792
63,4012
21,3717
125,9249
86,13943
57,2160
31,3017
41,1890
37,9191
63,7410
39,4876
43,5731
35,3246
49,6855
53,5920
153,3490
58,5635
123,3082
70,2725
53,12265
97,8189
57,2866
56,8001
44,2633
93,7384
254,2405
40,8799
200,16883
74,3048
52,1687
99,1336
27,3568
114,1573
66,3076
79,7895
63,2510
102,2598
40,2439
185,4288
167,7032
127,3609
146,3795
78,5977
31,4701
55,6233
44,1940
102,3305
60,1759
44,4981
51,6721
53,4732
115,1631
89,12988
75,2732
103,4558
28,19933
64,15319
31,2622
126,11654
34,4903
69,7470
77,8190
33,3475
73,4607
69,3491
78,6463
76,4745
29,2667
32,4289
235,2014
68,3338
105,4872
53,20246
103,15537
247,18424
31,7853
97,2863
86,3738
46,1862
32,6798
79,3868
174,5780
140,9676
62,5959
52,3119
120,11452
53,4505
95,8079
86,9961
69,2820
59,1630
55,2378
50,3343
73,4311
99,4222
73,2342
79,1863
42,840
59,4126
126,15900
67,1762
108,10575
81,1777
50,4954
66,7582
137,13939
91,3815
85,9577
147,12654
44,1639
88,5997
93,3804
74,2766
120,12687
44,4840
66,4768
103,16911
60,6611
60,15111
51,3094
182,4389
68,8033
47,4881
100,2498
58,2017
49,848
94,10356
77,3245
43,4448
94,12622
98,6054
37,2593
52,3232
62,3409
67,2135
97,4900
51,1085
60,5003
57,1953
100,9388
27,1792
45,3637
68,3757
352,10398
122,12153
148,13215
87,5250
106,16268
43,1875
27,6307
299,11697
51,4368
122,6804
87,2985
117,10443
100,10054
50,6537
131,2365
80,4980
55,16481
100,3048
119,14426
141,4961
87,3662
57,4658
84,1784
64,10265
28,3351
48,2012
100,1842
134,4565
85,3591
103,18678
26,3980
63,4052
56,4507
37,4177
42,3110
59,3515
69,2842
64,11131
92,6243
89,5336
95,8699
55,2076
109,3524
117,3664
52,3691
61,3285
86,3158
36,2434
73,2861
120,11553
60,11262
36,3477
74,6551
51,1678
70,6006
302,15481
105,6241
87,4719
60,7876
41,1756
113,5768
34,874
91,5157
111,11798
71,1629
13,939
53,15928
87,3686
18,2599
73,2199
50,8084
85,8330
131,4877
103,15215
137,4646
57,3960
19,4147
118,4975
123,4397
49,1642
135,22757
15,2136
115,4357
103,3164
82,8437
137,4983
66,5170
28,4105
110,5547
64,5489
75,6068
58,4044
97,6196
45,1284
57,9329
62,7617
128,5310
51,3838
89,5732
126,10106
40,9029
31,3000
141,4025
37,1207
173,7343
47,4886
35,2564
61,4277
201,12752
43,1544
42,5449
79,3795
165,8462
49,3452
83,4611
51,8337
67,2041
32,7619
36,2135
60,3714
93,16631
102,3021
45,4403
68,9023
51,1090
174,11063
62,9410
57,4636
43,2654
71,7096
38,1007
48,7386
86,6261
48,4983
62,7218
87,4516
100,26053
161,3078
71,13763
108,1149
72,1671
81,1365
33,1970
62,2699
68,2750
53,21441
89,8729
119,3482
81,1584
59,1953
76,10624
111,5217
85,13930
200,4913
64,5294
119,5607
92,20379
59,6873
164,2735
25,1115
97,3739
27,5137
27,4989
34,2240
42,1336
67,3821
60,1841
62,7029
44,2622
60,10481
90,5931
17,1152
61,2623
63,7146
57,5052
74,1324
72,12888
107,11670
77,3395
103,3543
179,6483
91,1097
95,25480
76,15832
98,2574
99,2730
51,3356
58,9169
36,3445
22,1410
43,2942
79,2192
91,7529
43,5749
39,1320
42,7069
56,1812
36,4552
53,16445
90,5528
87,3971
70,10834
44,4347
132,2935
34,8786
46,10648
27,5453
106,9425
88,16351
46,8050
76,6202
120,4261
79,5769
95,5446
61,2054
109,4558
86,1574
50,1546
89,1422
53,8136
177,17467
105,3330
112,7202
56,6099
111,11746
54,6628
59,2467
93,8451
137,13652
30,5151
155,17338
166,12018
190,7112
140,9585
57,2021
32,2754
104,2748
116,2171
63,5079
85,16129
47,5363
95,4871
93,5688
36,1765
109,3596
44,1992
33,4869
153,2536
60,3253
77,4744
144,3443
71,14417
70,2415
19,10097
37,7364
67,4444
64,3407
33,8312
98,15010
69,5040
100,11221
92,6580
93,5602
55,2252
122,6336
66,3196
105,7900
46,12364
61,20068
88,4599
44,2069
32,2658
134,6132
93,3047
50,7321
66,10597
225,1625
28,6644
41,12567
80,6231
114,20004
66,2359
115,6293
28,3200
35,3278
46,2193
45,4706
42,2238
34,6221
118,17047
102,6668
58,3615
46,3713
30,2687
31,1862
72,1172
97,4667
42,2975
76,5903
40,5705
46,6173
128,17330
34,1477
89,5820
42,2151
46,2871
38,4742
99,14666
79,5503
82,5676
42,1988
53,1464
111,5757
68,10204
88,4711
83,3777
31,2325
38,4590
147,3393
86,2471
59,6884
117,10659
65,3290
91,5978
82,7195
79,2225
61,4543
70,6381
26,2766
52,9573
42,2664
30,1348
50,10044
122,2682
87,1334
21,2969
226,3214
90,3916
48,13535
66,16097
21,808
65,15963
83,6686
186,3602
58,2471
62,5275
54,1790
77,3322
30,3582
170,8601
72,3554
29,6695
56,8231
64,5351
51,17148
58,8729
76,7717
141,14172
70,2675
167,17894
84,7411
85,2469
86,7149
92,7265
97,2890
45,3230
60,6890
24,1341
172,6780
65,2830
91,3278
57,4332
83,2959
40,3572
61,2129
35,2402
160,9362
85,2828
439,5169
50,6388
33,1601
72,7425
74,6079
108,11392
34,4249
57,7256
99,9717
74,5446
88,8469
48,4125
87,3554
42,6353
43,5740
57,15678
116,14674
158,5680
126,3273
93,10152
127,4608
87,6669
76,3274
114,15883
115,3869
66,9701
71,4370
29,5423
60,2258
71,1998
81,4303
71,5586
50,3561
120,1913
235,16736
45,6127
103,14225
86,8641
49,4423
39,3979
34,3912
82,2245
152,8424
57,9423
29,1095
63,2713
46,3586
33,1808
31,3559
69,7139
105,10902
98,3852
109,7289
55,11744
94,4630
130,4755
34,2905
87,2742
76,18306
53,3243
59,9512
122,8327
33,3635
147,15648
89,7898
82,9983
65,9786
119,7275
105,7125
125,3388
91,2723
57,1486
59,5378
179,19060
36,12941
30,20049
65,14253
210,14062
18,6457
167,16505
46,4575
77,11107
165,12453
67,7393
74,8382
78,5129
127,3041
68,5483
77,3908
69,1901
59,10891
39,2606
101,20030
53,1663
96,11460
106,6205
97,2457
65,6045
37,1710
226,1904
57,10289
61,2787
73,18721
81,3112
152,13356
52,1906
107,13315
45,9543
71,9912
54,3185
97,3338
87,4091
58,2490
58,3717
85,9324
157,4967
79,7578
58,8816
30,12326
23,2553
126,18100
48,666
54,4774
93,5915
52,4387
23,1428
66,3633
45,4005
48,3758
46,7200
95,7246
57,1584
87,6148
65,7729
41,6775
124,9061
189,5825
114,2833
91,8291
102,9100
60,2079
82,3452
41,5281
60,4217
36,12394
73,2202
196,3245
29,3411
152,7806
56,3820
70,3035
138,11432
30,5090
52,2635
101,13038
80,6039
70,4923
76,2666
26,5872
46,7451
34,3836
92,12768
55,17745
86,3248
32,7540
70,3595
152,4301
73,4638
68,5660
23,8465
58,1796
82,5125
24,1748
131,6552
107,8146
70,6882
17,5809
52,18896
43,2213
101,4292
32,14454
46,3950
141,17506
114,2706
52,2982
75,4141
127,4222
56,7127
83,3849
82,16955
128,5131
39,5208
62,7098
63,3079
100,9807
61,16226
36,3093
67,14463
55,4331
53,2656
31,2917
62,13736
35,5303
111,1141
61,3048
78,9543
88,1256
95,3431
60,6249
94,3502
40,4803
61,4597
70,20550
114,10660
95,8991
40,2020
71,6312
86,12008
46,1936
63,4145
96,10862
33,8048
48,1955
31,13705
49,7845
98,22252
101,3157
55,2934
52,4766
43,1262
90,2417
86,5324
35,934
44,5362
58,3320
31,4223
44,1475
48,2364
103,11031
147,3589
110,7220
102,12000
94,8407
55,9830
76,8520
78,7538
63,7754
73,2546
222,7935
46,10574
25,2130
117,3894
131,17090
46,2068
82,1642
83,11280
69,4265
120,12754
68,8064
35,4286
37,5891
123,14225
50,4512
57,5979
242,6008
121,6555
57,3802
97,10224
68,11985
68,7207
55,10987
66,8318
88,9335
41,18951
54,3672
62,8115
56,3195
44,16675
106,4099
38,3654
42,11317
179,12194
157,14571
17,4488
81,7613
77,13665
97,13500
97,3830
125,1590
63,5152
71,3492
85,3725
58,2546
31,13065
64,5295
189,2349
70,2418
90,8071
40,2503
80,1411
52,4703
38,6656
70,21911
28,1111
122,1127
86,14719
40,2671
30,11715
36,13371
43,3118
143,5124
112,6864
191,7413
40,10766
101,2503
97,4743
77,4791
71,2205
76,6204
75,11517
154,4235
109,9122
91,1943
27,8387
75,24253
270,2106
61,2576
74,2677
26,1793
25,2346
120,5123
72,4467
91,4710
37,4839
91,1702
99,5206
50,7822
122,1183
57,9537
35,2804
59,5974
48,4620
38,1251
99,4394
70,7635
51,3923
73,4267
63,8980
114,1816
79,3249
84,2763
74,4827
37,3834
70,11705
24,1291
81,5188
83,8649
59,2037
61,12267
80,5247
84,13662
165,3351
55,7308
39,4387
31,2862
107,9542
78,7430
43,4367
46,10227
177,3214
69,1988
105,14349
31,1126
178,3363
61,9103
102,20810
32,8407
111,13059
68,10579
93,20929
49,9351
27,1675
59,4866
131,8063
66,6231
44,2809
190,13494
82,5868
82,5054
91,3196
58,4167
106,11331
105,15112
55,3644
45,13761
87,10689
55,21183
58,3079
101,3238
37,6624
42,831
55,10511
25,3797
50,5260
355,5009
26,1608
129,6525
96,3401
49,7174
118,4025
57,1305
121,20463
33,5611
92,10938
152,5078
59,20385
60,7142
95,8012
45,3954
133,7632
49,1578
33,2564
21,1230
139,6926
114,4485
91,5435
107,10481
61,1537
60,7461
26,2056
236,12984
72,17304
58,1460
78,16035
68,9225
61,4330
33,4626
81,10455
174,4472
97,4150
59,904
138,7311
31,1565
59,8752
53,4664
39,5786
112,3022
114,8791
43,1158
83,5149
44,19149
72,1885
198,6369
126,5974
66,4782
122,2213
84,19762
65,5864
68,1300
43,11313
110,4417
136,2250
55,1806
70,3880
69,1316
80,9714
90,2063
148,9120
28,7867
108,7745
48,3902
44,8984
97,4453
91,1603
71,4038
95,3500
74,15427
47,3072
70,5956
91,2310
104,1924
223,7766
82,6254
29,3967
44,4284
91,2562
100,8913
65,1134
183,15573
68,7731
42,8322
81,20841
93,3504
39,4403
91,14021
44,7286
48,4416
51,9463
57,7007
105,1436
111,7183
79,4774
72,5454
41,2067
153,6562
245,6297
51,4427
43,4863
63,2760
39,869
175,3940
82,6799
83,8219
73,4573
40,6382
83,4687
69,1415
63,28277
31,1249
75,9192
141,13988
53,1562
58,12936
145,9597
98,10289
65,4164
51,2395
76,4635
96,4826
56,7775
133,5640
34,2981
27,3782
146,5276
41,10586
39,2637
24,2776
58,3990
111,14244
68,18065
40,3555
111,22983
80,4457
45,9504
213,4598
95,6428
92,13348
38,3913
64,13202
163,7677
116,5546
78,1481
37,2636
77,12445
72,10954
96,3171
52,16626
102,4349
100,5105
48,4693
504,3272
95,7986
85,1753
92,9400
54,838
37,12244
62,5206
81,2872
150,12794
95,5440
53,2599
91,5749
38,9599
57,3150
155,15612
57,4791
93,3974
81,6448
110,6787
94,6235
162,12418
103,5114
63,7119
43,6547
86,3112
59,10173
83,13858
82,2132
98,2435
53,5561
153,7778
85,8015
63,12238
39,5759
48,8973
43,17694
43,5152
43,3232
73,3088
122,4464
60,11397
40,2152
114,11350
24,4032
56,11293
85,3022
16,1832
131,7679
68,8319
72,7639
55,13422
115,6455
58,5320
58,2005
29,3108
124,7446
28,4618
113,3811
80,4681
83,2975
38,2560
84,18856
77,8420
92,3308
111,5297
64,2657
62,4763
114,16517
117,13484
65,4248
36,4738
97,10261
46,3475
40,10882
63,1834
49,4538
105,5681
39,4530
199,6474
130,2039
68,4304
245,8332
45,3255
84,8543
39,1396
32,8076
93,2270
156,6824
34,5085
76,5647
56,1187
137,5790
49,8723
162,3569
72,4364
105,5109
97,6705
88,5947
127,6474
68,7733
58,4118
63,11149
93,9890
108,3043
140,2192
304,19006
90,9126
44,871
34,3431
183,12141
82,9933
40,3567
143,6592
56,1183
56,4179
70,2406
66,3256
26,5338
126,20010
130,13685
105,11513
28,5463
52,4286
39,6895
41,2217
104,14758
50,597
89,11906
28,8697
42,4732
173,16027
48,7326
90,4437
63,1332
104,1822
107,1711
78,2218
25,6514
34,3984
137,5283
120,3162
117,3337
270,7573
70,1624
147,4650
80,6163
54,4945
49,18844
91,16746
39,9020
61,5224
89,4287
87,8145
27,1189
171,19675
52,5094
73,1247
111,8798
54,1858
120,8825
32,1821
62,12714
76,4431
77,2560
84,15291
77,2059
38,1702
33,1938
172,14650
59,12193
134,14624
117,19353
51,1457
88,5047
57,4778
338,5791
126,8288
54,2153
65,4078
68,2104
61,2293
53,5600
47,3467
42,1974
76,16347
105,5795
38,1794
73,14136
98,2814
39,2313
22,7304
27,5277
59,8926
105,6509
56,4359
47,5962
78,14123
54,1569
102,6717
102,7111
50,2022
43,8815
62,2429
27,2779
71,3856
44,2053
121,7440
25,1712
51,1658
60,17425
74,9015
53,1848
53,14254
78,2549
48,1844
83,10431
47,6769
48,15797
98,12664
51,17602
140,13812
41,3196
142,1913
86,2398
24,6347
43,4648
110,16066
96,2654
39,5661
115,4859
76,3131
66,16847
252,4465
65,14276
87,11360
83,9385
84,7441
73,2968
74,3431
28,15604
41,10239
44,5130
93,6749
32,7499
68,4744
117,7294
74,4249
71,5476
87,3046
121,2003
61,5238
77,16356
83,6698
93,7972
24,2534
113,12373
88,8566
76,4368
113,7541
172,6268
101,4768
58,5864
48,9167
124,5992
59,2580
244,7799
139,8668
48,3682
64,11246
57,5020
44,7949
42,11079
65,6194
48,2401
46,2249
32,3772
53,2207
61,4290
33,2470
202,26136
65,3603
50,4097
50,3311
59,6717
43,6219
83,4071
109,6120
75,18377
68,4722
40,6004
163,5845
96,5487
62,5938
117,1597
37,3821
43,2238
86,4719
24,5900
73,6393
29,5054
60,2504
30,3783
53,3194
59,3213
105,1671
91,2173
40,1449
32,11020
61,3571
46,3733
127,18908
50,6541
46,1000
112,3352
45,6088
168,6608
30,3502
35,1781
157,16721
44,5120
66,12024
60,5417
19,5674
28,2187
111,3515
33,5841
78,21615
20,2174
97,4381
82,10856
48,4419
123,6880
27,4699
64,3745
113,19389
63,4141
161,2746
33,3043
109,5820
114,16277
89,7130
17,6782
142,2944
127,3026
76,3158
68,1168
59,2068
88,2309
59,2249
49,8477
39,7507
66,1613
58,7879
74,13962
139,4166
87,4239
128,12323
71,5675
139,7909
125,6238
89,14273
74,2148
128,7266
53,5272
51,8751
30,2887
87,2988
47,14505
17,3655
67,21847
49,2376
55,5716
96,1146
23,5640
30,11314
77,19192
84,15077
99,12085
85,12341
27,3027
46,6233
61,1827
208,6005
49,1211
67,2025
101,2066
75,2284
77,5658
51,3899
29,1448
97,2901
58,7666
93,4582
182,12263
63,4799
107,2849
83,6929
44,2298
126,14180
19,5164
92,3343
120,4286
83,2281
97,3602
130,16862
52,2137
164,16667
57,16134
72,2182
113,8298
65,10471
38,2943
29,1923
100,9221
157,8603
62,8649
108,5436
60,1231
111,10341
153,17340
93,2314
74,15458
63,6206
211,13209
83,12579
99,10159
61,10379
99,18320
59,4831
60,13711
72,883
75,2000
54,6641
26,2313
98,7193
42,1208
18,1107
65,1260
92,5954
60,4394
126,7766
121,13124
44,9030
74,3433
93,8709
45,12487
89,14829
106,1063
58,11420
121,11749
110,9452
31,3174
47,5415
43,2881
80,2401
47,10935
112,6533
59,1310
50,2983
57,4081
65,4635
47,2709
83,11645
70,5157
79,13741
58,2197
34,2102
44,3921
27,2027
74,2619
32,4148
35,1960
82,4693
46,4390
114,15578
43,2198
18,1008
78,3274
63,6745
108,6664
62,4926
20,5988
54,1990
74,19646
43,2668
132,13636
120,3183
35,4776
83,4021
54,5657
90,17740
40,4961
116,6746
53,3946
92,5192
37,3624
71,1443
44,2727
154,4403
63,12144
26,7666
133,6194
45,6193
113,4489
67,4446
25,4607
38,2501
56,2832
50,10382
85,6977
49,8654
61,8159
158,10360
17,2386
110,20830
115,17740
173,4140
65,1075
33,3849
149,9329
61,3001
37,3219
64,1678
28,13960
86,2928
56,5513
73,1592
106,1569
74,944
25,1400
61,1887
83,4338
238,8708
48,4340
47,7753
69,4267
34,15306
43,3938
64,9431
52,3135
197,7733
27,2297
51,4971
58,1601
85,7998
30,7078
72,3000
41,11395
110,11977
45,14367
44,2542
63,2458
33,6585
127,13134
58,3974
83,12181
158,15326
56,2724
40,1997
60,10487
65,3019
94,16889
79,5173
125,8598
205,8354
63,9218
52,10689
108,17636
48,2300
192,14079
41,4131
113,2760
40,6344
182,2122
81,13695
63,1870
56,7276
47,1070
107,7642
117,1844
19,11499
82,4447
63,3678
106,4884
27,1883
88,7443
96,1933
124,6165
199,2988
113,9307
82,12044
80,4943
50,13201
43,9132
164,10448
59,9614
79,3546
29,3728
43,5953
82,2860
63,3781
96,3397
97,3162
20,2212
24,8928
40,1085
62,9484
55,9589
88,5070
121,6525
124,2746
36,5439
65,9054
148,4745
55,2921
39,1516
25,3469
54,2289
88,939
36,8096
222,10345
87,6219
36,1565
102,21167
58,1683
83,3465
74,2098
82,4538
66,3631
97,12979
24,14838
116,2735
55,1671
78,10997
170,6820
111,14878
43,1522
82,9318
66,7887
34,1493
79,2377
86,3068
68,8257
72,4057
150,9790
33,20197
134,3085
154,20959
29,2534
65,4128
95,7537
40,1266
83,1179
73,15127
120,18099
42,10014
42,1370
95,3851
45,5026
89,1053
54,6684
113,13067
73,2077
53,3137
58,5375
143,3679
67,3690
127,1080
115,2687
37,5277
68,4190
121,10934
81,14808
88,4385
49,8136
64,5077
23,1107
91,15093
112,4704
38,4610
34,4575
38,6147
51,6789
79,2215
34,1467
88,10495
55,1863
93,15096
48,5325
75,4411
89,2163
206,12489
106,14627
101,7715
28,6679
39,2728
139,1402
145,2185
106,11825
93,11323
37,4149
70,1433
97,5376
95,1544
61,2250
186,3787
132,2445
62,9085
39,912
41,2008
107,7652
82,3317
66,10027
48,1888
65,6029
83,5622
64,16294
78,11010
75,2340
39,919
226,5263
68,5205
75,4261
61,5615
69,10972
69,2743
71,1120
98,5485
44,4159
40,3221
104,10417
100,8305
209,19430
53,8450
154,6685
111,6061
105,4844
87,4089
52,3877
145,3286
104,13250
57,2090
54,6450
55,6787
49,4126
136,6340
45,1183
65,3916
61,6756
63,7442
91,4233
132,3858
40,2489
94,13030
51,7522
127,12211
40,7259
76,1940
136,18102
113,14695
100,8242
90,12605
80,5504
97,3664
54,17252
169,6056
109,22739
190,16353
36,4063
43,12343
93,9548
46,9531
47,6497
56,2204
160,14496
67,5407
124,7114
120,4053
54,9215
56,2958
74,8046
40,3668
39,4201
135,17164
116,2389
73,5457
44,7645
43,2075
60,6867
62,3006
92,3082
73,3842
40,2136
120,13718
104,5051
37,2011
34,5568
53,3721
51,1527
56,2468
119,3076
37,6279
107,5747
41,13074
149,3595
25,3972
56,6494
142,17961
37,5062
29,3718
105,2451
99,1243
103,14070
47,4909
38,16913
39,3932
76,8338
53,20244
88,6602
48,8739
28,9183
180,6035
92,2540
86,7142
44,2116
38,1144
76,5488
66,13242
69,3640
56,8257
62,1226
61,5307
31,3530
81,1077
30,2132
112,7304
42,5362
100,6110
34,10339
47,3594
112,4326
75,4074
62,2361
65,16282
74,19499
183,10563
62,3453
76,20398
74,5727
78,7044
82,2773
115,17414
59,12562
65,5084
28,2273
46,5175
48,1463
33,6590
66,2832
77,3464
108,15774
70,2500
82,7906
42,2163
61,6642
97,17110
56,2910
65,6020
25,5845
52,2623
69,4669
75,17579
83,11028
27,4882
74,2979
86,4823
82,3652
121,1024
195,6116
60,7839
91,12612
276,3252
57,5261
55,3518
40,6207
81,5150
61,9049
67,8626
85,7828
46,2667
57,10807
148,15335
60,2589
58,4358
32,10705
113,13697
86,3937
82,7677
80,4925
31,14354
59,10632
19,9175
74,7926
167,9875
115,13947
22,7534
46,2582
60,12193
32,2794
70,5984
63,3632
73,2483
68,1373
154,17070
25,8557
36,4199
90,3841
90,10704
117,2584
70,6400
49,2928
30,2871
87,1735
63,3563
53,926
39,2873
68,9019
72,4814
89,6861
80,1674
129,4780
77,7314
101,4625
45,4614
87,12362
93,6624
30,3122
63,1505
250,3531
64,2022
69,9735
140,5902
51,5977
86,2531
35,3930
78,18945
61,2656
105,12813
216,8459
96,4646
44,17371
43,11911
59,3645
95,3027
85,2683
114,14719
61,3240
155,18601
76,1843
62,4702
52,6061
18,998
67,6088
44,1453
78,4349
100,6931
28,2544
59,3755
81,4140
71,2069
93,3496
77,8299
50,2807
71,5268
59,4057
119,5558
49,3350
144,4967
38,4328
30,14192
148,7524
88,4602
180,2613
79,3675
114,14546
142,5926
26,5532
55,5959
85,11583
101,1555
71,2939
33,15110
77,2911
125,8128
33,4587
84,7687
89,16393
36,2128
72,5222
152,4664
64,685
132,3140
125,1565
69,1155
31,8103
114,6089
141,12998
78,9305
49,2146
21,5138
48,904
108,4964
42,4466
65,3977
25,1576
24,5762
58,1633
61,3810
35,5755
92,10718
83,9308
42,3658
91,11809
64,2580
53,11207
89,10829
133,8678
58,1839
110,7154
59,4372
104,2654
157,11225
67,6240
90,8256
132,14419
77,12209
125,6631
53,8874
60,8664
115,3634
96,9658
74,4663
63,5834
119,8483
41,8307
94,8190
75,7197
161,4844
21,8748
58,6124
65,7765
141,2329
148,3478
73,6780
64,8681
64,3140
48,6171
46,3835
98,6440
80,4147
60,9882
98,9061
47,2596
121,3106
76,6526
34,4371
39,7009
85,1511
60,3911
61,6691
23,3162
75,1896
110,4760
38,7881
43,5013
153,9618
60,1848
60,4986
70,4177
36,8677
96,3311
53,2393
131,3302
68,4401
87,7359
41,4308
72,687
78,3834
23,3630
88,5523
50,14664
67,10996
84,8915
134,10408
74,5275
79,13122
90,2907
173,2520
157,2784
89,14482
41,10999
127,17259
96,5471
79,7032
61,10387
39,2791
78,8178
47,12090
29,2733
38,1271
117,8416
102,5550
95,4924
76,6547
208,5212
41,2749
88,13733
84,7989
98,3069
100,9058
84,3753
84,7196
101,4792
29,15933
66,1927
205,2921
87,9633
81,9227
30,2797
111,8010
28,4534
225,3398
64,7942
143,7458
103,8394
95,8440
77,12135
40,3151
37,2837
92,15875
67,11816
49,6321
112,7049
95,11831
78,5144
66,8099
85,5793
90,4626
106,8368
84,2915
93,1876
200,12756
116,18069
59,3067
35,1984
113,2933
57,3417
41,7880
136,14374
76,17477
92,5066
163,2822
52,2245
71,14425
54,7091
144,3872
100,13760
90,1281
63,3999
109,2213
68,3810
23,9557
52,1570
84,4335
96,8155
109,7266
26,2800
72,4712
129,4087
182,6447
55,6804
53,1226
128,950
67,13693
82,9566
24,1634
78,2902
43,17961
55,15943
205,14520
162,11727
67,12952
32,4462
69,13370
60,1123
39,10430
30,1785
21,2292
55,6280
67,7242
46,11099
78,6025
57,10815
100,2762
25,1910
48,3011
77,6155
45,1979
71,1378
43,3296
75,3282
93,7937
32,5925
55,12557
69,3203
62,3998
29,4770
69,2034
61,10719
23,5226
51,6315
50,15043
80,2826
102,2214
77,8237
147,2960
102,4575
241,12029
36,7343
71,4172
71,11908
132,19645
320,14175
33,1362
83,1372
80,3923
55,9795
188,6728
100,6994
82,5256
34,4247
60,7868
98,5960
75,4944
56,4210
249,7245
139,5148
55,9191
72,2447
117,6778
60,11269
40,8445
81,7352
62,5156
116,10230
68,1102
56,9351
147,2730
97,11773
26,1500
100,7376
117,3967
42,2186
82,1142
136,6541
100,12094
59,1906
60,6671
84,6951
46,18957
120,6019
131,9735
129,2106
96,7465
54,4150
111,5742
79,18333
73,6636
88,7612
38,2581
38,3620
37,6298
49,4063
41,3726
62,3817
62,2673
125,3117
53,5906
36,2501
74,9540
52,8383
88,24536
46,3085
61,17450
187,5401
124,3274
89,1670
18,2927
132,7795
67,1933
39,11625
41,5760
85,2750
24,4514
92,18058
105,3853
89,2028
82,13514
103,12120
100,15249
86,16718
153,6899
83,4089
76,17260
102,6003
58,6222
181,2644
53,8409
81,9043
17,1120
35,4349
97,3786
35,4176
64,5607
30,5060
118,8805
38,12261
59,9731
60,5246
27,3462
97,5259
139,17757
28,2894
33,15589
79,2751
90,7841
156,14464
64,5146
139,1417
32,6209
62,2665
91,14199
99,1407
73,1886
57,6588
79,6205
43,7570
60,4534
74,5678
24,3879
61,5486
84,6563
95,1654
37,7887
59,3999
115,19634
140,8578
59,9124
51,7146
112,5062
69,870
151,7363
235,2601
86,6130
86,15379
52,7555
141,7417
46,9057
78,3167
67,3950
97,15627
130,9904
69,4187
38,7098
87,5563
17,1127
34,684
25,948
16,1960
46,1003
142,16648
85,2262
63,15124
89,2282
60,3922
77,9424
107,11239
81,1205
82,12440
281,16908
43,6234
40,1597
23,3511
112,7025
99,6049
61,9248
50,2838
130,4800
97,6382
81,6414
39,3383
35,2361
70,4017
48,5018
137,5980
106,9496
131,4896
74,4671
45,2471
210,5841
110,3969
36,1966
49,2923
34,2229
56,6571
140,3228
23,3028
46,11221
93,6184
107,3594
125,2767
55,6940
117,2922
70,12239
233,12189
47,5163
78,7345
59,15035
61,13601
77,3933
80,2688
133,16190
90,3263
107,6297
84,8346
27,3621
60,2357
104,6884
104,14649
103,7599
55,4334
40,3283
78,13300
85,3708
127,2118
154,15889
35,1988
36,2240
75,1904
52,1844
88,8051
57,1822
94,2575
67,2567
77,5205
41,2394
21,4021
99,12550
50,7838
76,1696
191,6717
81,14057
33,3164
31,2304
127,3571
36,8810
74,12409
229,1538
75,2591
41,1247
73,19742
84,2436
90,3535
136,15488
54,15773
41,6313
191,9686
176,5203
100,11443
84,1561
73,15960
94,2604
59,2333
98,6435
61,3530
82,2269
101,3644
79,5491
88,8222
42,1355
45,2636
39,5068
69,9930
91,5404
93,15639
31,1483
78,1949
92,7224
39,5492
65,7147
48,3754
157,1268
136,2289
65,7450
46,8065
106,5493
89,20259
86,1996
117,13803
63,2759
19,14844
88,10175
140,11331
71,7569
56,3156
99,3553
136,7529
26,2571
53,4547
151,5492
26,2142
64,5086
59,11893
75,14127
102,2450
50,12740
151,4261
83,8573
90,6240
184,9740
59,22137
112,13021
27,2205
90,2103
46,5103
67,1364
55,1343
104,7013
58,4282
63,3126
45,6245
62,6268
91,6305
51,2594
70,8962
43,2655
104,5343
61,6751
165,6721
29,9532
160,18685
100,3607
274,2789
76,2422
89,12872
50,18231
82,10485
106,2060
144,5810
99,16008
85,4905
30,16100
41,5368
80,3797
136,5162
80,3321
80,5977
57,3100
198,19158
47,1830
47,2140
70,15409
40,817
30,7575
44,6981
73,13900
13,2434
77,13659
93,1280
32,15224
36,2813
154,5506
43,11746
144,11147
144,5501
75,1567
49,3244
49,1662
81,2337
43,4912
45,1098
92,9054
59,7900
103,8314
71,12873
44,2984
92,1425
74,2729
48,2969
168,2220
56,4337
57,5624
152,11371
173,8081
68,4077
62,7820
67,1879
63,5724
127,13801
55,2367
114,17244
159,3104
50,11353
114,2620
61,2291
50,6983
61,9500
88,8509
77,6971
107,10265
133,16636
79,8738
72,3353
31,6584
36,2195
111,13162
54,13979
41,2473
25,4934
75,1921
56,6408
41,1912
61,3232
90,935
108,9045
58,12290
105,15132
132,2319
108,7344
104,2130
65,938
73,7893
41,5864
86,7844
91,4902
146,19298
111,4961
32,2162
98,7912
86,22605
34,6772
61,5700
24,1556
58,4943
35,3199
190,16071
135,12049
35,3659
40,6272
47,3670
80,1368
69,5431
73,9532
36,11897
27,2465
56,1618
64,3585
47,3706
129,5371
43,5749
63,6045
107,2505
94,3905
82,10919
196,2918
67,8744
65,2964
64,8583
85,1638
134,15445
56,4318
24,1759
105,2291
80,2325
185,3005
66,9953
197,4737
59,5155
78,3978
91,2630
46,3294
77,2372
66,2200
73,3320
75,3487
74,1882
86,4160
465,8598
163,15237
127,10639
54,4901
44,2309
83,11856
85,3708
19,16264
21,2806
69,6644
111,3135
89,7260
60,14581
68,3021
75,2249
38,6112
56,5218
71,17930
116,19244
52,1741
113,2451
51,3843
122,16056
116,2495
91,6572
90,3167
63,1501
79,2521
57,10041
62,1884
45,4728
19,3629
114,13227
76,5554
73,1976
92,17369
68,1137
63,13797
127,3943
62,6344
93,4372
36,4685
66,2677
97,3659
106,10705
55,4808
37,9994
81,2928
77,16078
102,6257
90,5168
71,1934
191,11402
25,7899
62,1405
137,5228
75,13028
59,1384
38,5038
54,2819
42,3925
63,5224
93,1367
76,1921
45,7513
40,2241
58,3551
103,1965
79,4849
88,10557
42,3753
51,2114
29,2750
69,1211
95,15545
44,4681
93,8728
52,3254
53,13988
40,8718
34,2150
65,5568
41,11493
31,5310
56,4250
42,17673
71,2489
60,2263
48,2097
153,9260
73,2330
24,16350
103,15829
139,3477
211,9382
22,2047
119,19285
68,13482
89,6707
115,6792
81,2633
116,3329
56,2333
58,3742
26,6614
210,3777
41,10880
80,3925
132,6940
36,4607
82,6673
99,1984
88,4661
40,2667
120,15487
52,10470
33,1592
34,5634
115,5252
137,4539
35,3301
76,4349
40,7405
58,1866
53,7816
51,15994
114,4126
45,6427
88,4313
59,3031
70,2703
36,10496
77,7891
26,4634
76,11218
76,6690
98,10056
19,1084
141,10774
80,4334
32,8145
278,7439
67,7491
42,3946
49,10383
56,5877
115,14509
97,7198
50,11379
143,3047
57,2819
46,12027
33,1995
247,10881
80,2800
61,13817
111,3162
84,6090
60,7328
80,9450
85,1896
34,1750
60,4324
97,4422
56,5579
64,4569
62,1570
61,11264
73,3346
36,2228
86,3137
146,2839
70,4106
38,9905
70,5476
52,8840
53,1230
117,2413
110,13882
83,5847
82,19097
73,3249
342,7881
29,3180
50,6749
71,909
64,2828
75,8867
76,4053
92,4352
92,14881
223,11501
67,1661
70,1841
47,3128
58,9258
84,2247
135,4638
90,3355
37,2077
54,9824
95,1818
76,5186
39,6396
38,11284
30,3471
90,14039
50,1783
38,8116
90,2288
49,8189
48,6615
64,8958
100,2760
49,7185
68,4282
88,3060
114,3295
43,7182
111,9206
54,5004
98,1083
113,6168
141,13688
119,5077
46,1606
62,12885
27,2946
79,9197
53,1260
84,1927
96,14095
59,13736
36,1894
99,3904
75,7047
69,4843
57,2407
83,15720
175,7111
78,5124
121,8232
54,2182
155,947
45,18048
76,5529
78,4445
43,3003
46,1341
109,4726
103,3389
122,9671
57,1641
98,8248
113,8461
33,4135
85,6284
70,1882
109,8676
30,1037
51,11759
76,2154
69,10269
52,4877
100,6430
72,6886
44,917
67,2893
114,1396
81,8047
104,3411
34,4320
125,6521
117,2012
64,3406
90,6779
90,2963
76,8690
43,1878
70,5404
132,3748
57,11654
75,4073
29,5209
116,4966
215,6088
35,11091
69,13008
56,12896
44,7816
61,4894
91,2113
113,19552
45,2591
112,9086
175,4359
142,6677
78,15239
75,4028
63,7712
72,7493
81,4568
46,12502
52,5083
46,5871
44,4180
76,19941
31,2118
100,20221
66,3611
61,16476
47,7121
33,3428
59,8172
31,3368
96,14177
61,4267
74,11359
60,8436
57,7847
50,8656
40,4212
65,11560
74,4598
81,7028
41,3163
40,4544
65,2580
212,14314
58,14023
130,10147
37,6832
165,12385
225,1233
63,8689
83,16721
77,5142
65,3918
75,2484
42,2372
78,1725
196,3694
113,2576
61,6545
59,6267
125,6281
168,3276
108,13095
52,4462
130,6015
89,1574
62,19873
108,2560
60,8763
86,7726
45,7994
19,1750
52,2035
99,4454
55,1167
55,8519
33,4316
46,2289
98,15789
55,8933
29,1556
54,4249
56,3769
43,2154
105,13736
80,2007
29,4174
25,5579
51,3715
40,1925
77,4612
59,2630
41,5061
25,3294
43,3435
59,3907
157,2229
44,3621
41,8833
47,7302
114,9480
108,4135
87,12100
83,5897
55,11333
66,12330
33,4099
97,10511
93,2774
163,8172
81,3377
33,6875
90,10376
31,1718
111,6825
39,2931
23,3014
61,1412
90,14676
49,12924
59,10020
92,8525
98,1813
99,3690
37,6225
67,6261
141,6845
60,16863
108,12620
80,7553
70,12643
95,11657
49,11368
53,5417
108,1633
117,2036
84,3939
81,3758
120,3323
138,2537
59,4670
99,7815
30,1201
204,9923
115,17657
71,8743
76,13200
94,2253
104,9810
57,5116
16,2195
67,6180
212,5305
56,2162
46,5961
59,12782
66,7072
152,7560
29,1740
113,7638
56,6729
96,2258
37,3374
108,13670
56,1325
125,6737
70,10005
88,6343
189,2198
135,7950
176,3866
87,1983
49,7847
55,1866
27,2648
55,8233
72,1339
49,1529
34,12240
52,3879
50,4760
103,21008
89,2561
111,5192
57,7252
86,2198
58,3460
111,16334
77,6105
66,3216
140,11955
103,6971
124,14658
62,3945
25,4098
119,2397
17,1999
90,4384
86,5303
70,8623
65,4970
54,2160
91,3347
124,14167
89,12045
151,6423
101,2948
38,5161
82,10282
111,11635
82,1929
54,1906
46,7944
44,3529
120,6283
62,3409
204,1645
63,12127
43,19244
109,15015
116,17630
122,4897
77,3476
70,6839
86,3157
56,18749
45,5809
77,1679
87,3314
240,4034
136,8523
149,11882
170,3890
117,7833
60,2381
46,10349
33,6213
55,6673
232,2666
114,10941
76,7931
65,3394
77,6373
69,8152
76,7631
69,2746
52,12765
81,2808
39,2186
39,2191
129,3941
176,4182
62,2763
75,4674
81,6642
158,5384
92,12262
82,2711
196,16179
35,5940
124,11248
26,3615
77,6206
53,869
44,2949
99,7508
47,1284
70,13086
52,8234
58,6372
34,1958
51,16283
65,7932
95,9111
66,2750
137,8938
25,3664
104,7591
50,11460
52,10374
53,13322
53,4875
79,3428
192,14899
18,2026
167,17728
49,8356
21,1433
45,5055
50,16737
78,9677
69,13053
62,1952
80,1268
23,5948
80,5135
69,11073
19,3988
73,4843
52,2330
219,6760
107,2753
112,1962
110,2472
307,6454
80,854
41,1160
69,6515
26,13250
57,6976
122,3666
136,15049
110,15073
76,2419
41,4683
96,18606
25,1664
63,10578
35,5179
62,2754
47,9603
80,2608
86,5518
63,2520
37,19758
37,8199
241,3468
107,7366
135,14527
45,2074
175,2682
70,8650
49,1324
117,17286
34,1412
50,1665
41,5893
102,8177
97,14328
122,10862
73,3167
70,5631
49,3186
387,3954
89,11281
87,2871
49,5598
83,12009
167,16175
79,8070
114,6292
108,15790
103,17454
58,4932
40,3515
135,24253
36,3762
43,2341
58,2144
129,17752
39,5980
38,14983
27,5478
245,10037
70,14748
60,4065
53,7368
52,5251
67,13182
72,7188
73,4724
41,1228
64,6961
86,5660
97,6955
110,4775
118,5406
27,4995
149,13941
31,2776
177,15405
95,2372
63,5370
103,11089
68,6392
142,4140
48,4951
60,3662
127,8073
162,3944
137,3178
51,8055
39,1970
91,5882
60,9399
60,7218
61,6936
61,3506
113,13424
81,5108
33,3240
25,7014
40,2618
175,7292
98,9390
106,12413
180,3007
119,17077
53,8560
103,16834
50,1907
45,5320
108,1277
84,5819
46,4194
64,6375
40,3495
101,5294
72,1344
71,15498
55,2096
69,3255
49,5730
45,2070
114,8411
141,11354
76,4728
39,7838
54,1948
59,5004
201,7337
45,3243
96,11598
86,7783
140,3030
90,14836
39,2791
50,7310
119,5179
175,2370
26,3903
107,3620
83,1872
86,12671
70,3507
52,2097
48,8867
97,1119
106,6785
52,4811
109,8064
86,4203
121,2945
38,9574
72,3847
42,7637
117,6231
135,14928
113,8524
79,2821
90,1473
126,12710
25,1768
116,16406
57,8430
67,13442
102,5656
83,5579
104,26621
66,5003
82,1788
128,7773
34,6919
91,4672
72,7700
27,2093
80,8118
79,9208
68,1110
69,1833
122,4344
67,4195
80,10108
56,9306
26,7636
68,6653
73,2436
73,2598
66,6367
42,2596
74,5205
51,6550
145,4854
47,3694
30,17157
60,7058
35,2556
51,4098
94,6772
91,6998
83,1400
46,5384
111,20786
156,7710
87,4329
47,6917
70,3785
81,7280
108,5087
59,1820
22,3575
103,1791
86,4702
59,2080
62,7717
69,6120
60,3400
34,2695
61,4515
124,5624
26,8769
69,2566
139,6307
76,6533
96,2943
51,6697
32,4727
32,13606
36,2382
64,9807
35,4299
80,5846
90,6715
105,5029
64,2678
95,20952
61,1398
67,13448
256,7467
35,3711
88,6679
29,9619
37,11719
73,9487
66,2120
31,5996
39,2458
116,8938
70,4663
60,11036
291,5846
137,5098
52,3829
180,29505
98,5173
34,3633
35,2072
15,6899
93,13228
130,2639
77,11282
331,2128
97,11278
102,4296
95,14859
142,6989
133,4399
106,12825
92,6572
65,6766
79,3842
73,3872
62,19314
37,3472
84,11616
98,3852
105,9655
52,3313
61,4326
39,5862
61,10932
52,4944
41,2074
42,2934
58,18320
37,3799
81,5691
51,12603
58,7929
115,15700
72,16152
57,3376
67,11655
31,4334
58,3029
35,5100
26,4256
55,6923
93,7961
122,16175
108,3052
46,8225
209,6003
33,3517
68,6196
133,4546
61,1930
108,3268
37,2969
82,4753
85,2011
56,3481
143,15028
45,4723
72,6932
49,9097
48,1705
53,16848
80,3385
68,6714
118,13199
98,10387
70,6933
42,4786
63,4633
44,14081
107,1962
293,5352
74,4590
65,7192
16,5425
58,3460
145,6538
85,6523
29,2466
28,4916
30,1983
72,10531
71,1718
101,15711
104,2348
82,4123
37,12725
57,11397
72,2570
46,10293
72,4566
29,1586
32,1813
81,9553
69,2340
81,24674
51,19043
63,1384
76,1641
105,8890
68,5547
68,6793
117,18778
60,7097
66,16905
105,3177
57,8680
68,7234
117,3831
36,1829
44,11303
64,9004
63,1908
90,5192
24,3915
107,6735
33,1582
140,5386
46,3849
68,1188
102,4234
71,8627
47,4785
95,7569
98,4059
175,14056
72,801
48,4862
126,11968
194,7472
87,10239
134,10367
61,21557
104,3934
76,11162
69,5149
198,11793
136,19656
20,1052
67,6397
52,15873
60,7738
223,5278
55,6124
64,2211
47,2515
64,8913
126,15310
90,13797
127,15656
57,5022
83,9129
48,6238
93,5289
57,7830
83,2490
68,7614
31,3497
99,5034
74,12251
38,3798
75,4209
88,4080
110,12496
70,2256
90,3928
62,977
250,4479
103,17583
79,2068
105,4849
55,4680
83,12781
39,2981
39,9063
57,3213
125,10826
43,6328
62,3786
182,18550
68,11829
74,8101
105,2920
66,4725
85,2371
122,18831
41,3819
45,5202
111,14603
172,3249
76,3351
316,4866
65,7592
67,16834
88,7384
123,5565
34,1583
72,14272
62,1544
38,12903
106,3079
47,8721
118,7920
99,17614
78,9096
29,1385
60,13958
98,3080
95,3258
37,3074
141,1877
45,5413
25,5221
83,1565
191,6050
63,8580
79,9147
82,1834
115,15774
45,7828
70,3816
117,10069
65,3504
62,6946
60,3805
66,2827
39,17226
89,13944
94,1818
65,13562
48,1594
48,5556
36,1652
111,17386
76,17316
42,4644
120,8645
258,4384
78,3760
46,4788
76,3712
188,8282
108,9551
57,3859
51,10181
109,12525
79,8039
42,16011
65,1218
30,2057
34,2292
59,9004
78,8417
32,2679
139,2746
29,4835
113,6728
60,2369
97,8063
141,7303
131,21979
137,12184
77,15053
23,4439
136,18103
65,7094
48,2900
51,2620
109,6439
69,4335
83,4027
60,7217
46,1943
51,2700
48,5361
80,8447
50,3126
64,6604
101,3752
29,3253
127,15999
87,1484
77,5474
47,2713
60,8335
98,2935
102,11052
109,4634
130,7113
53,17767
132,2054
50,3366
52,4144
61,1106
112,1738
82,5770
91,2885
34,4506
88,15473
89,5617
43,4028
97,14457
58,8876
49,10705
144,15306
50,16975
141,4502
19,3121
70,8159
61,10339
66,3250
22,1779
73,3848
61,8658
44,4503
194,2535
78,2005
130,9640
86,10716
73,14939
51,8056
109,4156
110,6291
87,6137
88,11509
160,4214
86,1834
123,1410
123,4628
157,12899
109,7275
49,2842
151,4935
74,12377
55,1185
25,2630
106,4029
72,8750
67,5503
74,7755
71,6835
30,4336
61,4292
167,6302
109,2987
43,13634
113,1645
54,6065
76,2312
108,5599
102,7414
78,5023
114,8940
37,2246
140,3309
82,10107
120,1873
101,1054
53,7228
71,5670
82,20307
60,5806
74,3744
231,10926
207,13895
25,7939
38,1333
76,3578
98,6535
130,10328
30,2661
40,1718
93,8139
77,1431
99,5705
37,7647
71,6825
87,5264
100,6460
22,8594
82,6393
60,4732
35,3116
174,7195
133,2758
61,2976
42,2019
47,2893
34,7670
140,8115
105,4643
34,4714
47,1896
76,3775
102,2880
117,13446
81,1247
42,12620
101,5622
48,1081
58,1294
64,2888
41,16935
36,5226
38,12152
63,3728
91,12885
53,1827
63,11732
33,10222
98,20097
37,11901
84,5704
69,2956
41,6701
80,3620
46,10593
93,3679
40,2089
93,7706
192,12213
19,3277
112,16806
69,13778
59,3348
72,2595
132,9180
100,4092
64,5760
45,2904
57,3719
42,15677
64,8099
61,1209
52,4394
102,4105
42,1177
56,5813
102,4579
50,8260
84,4720
85,15580
31,9539
26,1934
154,3569
76,2677
27,3261
60,6226
80,2333
60,1929
73,1457
110,1890
95,4836
59,1720
126,8241
96,4663
90,2506
72,3150
66,3582
35,8467
68,6388
113,10964
148,4920
82,5511
49,6780
47,7477
69,851
63,2436
16,2171
72,19914
51,11053
52,3681
54,4521
116,2677
100,8055
108,11159
39,2127
86,8245
59,12820
98,14692
61,4286
63,1452
41,9303
38,2971
102,20946
36,10497
32,14940
83,2197
81,12880
40,6084
60,4471
109,11029
17,1106
103,5511
123,9572
109,7073
31,3740
111,6715
148,3338
99,12560
71,8045
33,7616
80,8610
95,5111
204,2026
18,1373
43,3710
57,2338
116,14090
15,1427
86,8453
77,9842
72,1786
56,6258
107,5027
65,3418
60,4732
102,16308
90,1604
42,5697
108,9043
75,3190
95,9564
164,3460
53,4382
90,5994
48,3830
32,6751
194,8058
98,2634
57,4158
69,12488
89,14419
60,8714
74,5750
67,1557
67,3884
55,2112
62,9952
52,4038
79,21737
56,5068
148,2888
26,3318
62,6858
44,6677
104,2265
66,8178
54,6793
62,3346
51,2083
116,2383
75,6643
68,3925
37,11966
80,15925
67,7045
34,5213
69,5371
71,3989
47,3408
171,6129
37,1621
99,9681
49,2801
14,5206
74,2705
84,1806
113,2201
91,3280
29,8342
91,14203
74,7156
67,13565
50,10696
105,6612
57,10588
116,17018
97,898
42,4302
66,12320
40,5893
76,5720
133,3930
119,5799
128,2058
98,14034
100,11578
88,4455
120,5953
59,4154
68,3625
93,8503
45,5013
61,11630
60,4181
33,4669
178,2656
101,7053
49,2621
107,7330
94,14184
317,3842
42,3108
66,994
143,10846
76,9388
24,2448
97,1633
98,6106
100,3503
123,3438
94,2936
67,5843
32,8223
73,3485
68,4579
95,6839
58,6590
59,21165
94,4119
61,7590
34,9251
95,8780
42,2344
34,2148
19,4806
83,6794
60,2405
95,1224
48,3470
57,3941
86,11173
68,13780
66,3376
77,2014
74,8880
75,9288
94,6604
43,5379
29,1509
209,15546
147,6094
106,10843
72,3635
94,10168
79,2925
43,2926
73,1455
114,19195
83,4801
46,982
184,13861
29,4238
155,4678
29,3180
105,11031
101,4197
152,6922
233,11083
67,5576
55,2693
117,8700
70,6325
115,11814
85,14273
59,13956
60,1561
87,8630
58,3850
85,2166
129,11608
123,12152
66,4620
60,8135
76,4431
131,9610
67,6338
68,7343
42,3418
104,7548
49,11805
27,5825
61,1386
126,1944
92,15157
61,2941
111,7796
68,21698
58,12675
133,4865
118,11295
41,5038
29,8768
128,11204
77,17586
54,3930
70,4980
94,7854
87,13888
78,1944
53,3665
105,1725
57,2428
78,16271
117,11475
72,21606
93,1138
72,7975
52,1526
90,2512
94,3680
80,1970
34,2656
194,13423
79,6821
124,6930
164,23590
43,16807
90,2795
34,12783
51,5626
87,2226
60,1683
310,8828
108,2518
71,8570
73,3366
135,13642
25,1355
44,14161
49,21515
27,4358
72,7324
56,15505
117,9284
69,3542
36,1723
106,5593
129,5439
91,8856
127,2301
128,8000
92,1483
93,13144
72,2560
42,6029
72,11263
111,13569
133,3213
129,2785
21,1368
82,2889
56,15347
35,2786
92,4462
82,3687
73,1458
91,4293
58,2546
112,11127
50,7531
109,9676
42,3544
61,7337
41,2035
128,2617
53,3763
67,3180
85,6204
55,4959
98,1764
19,1651
97,12043
109,14327
67,2048
68,3486
92,12876
53,1679
49,4406
42,7129
35,1188
45,1419
47,3284
87,8480
62,16189
103,14016
102,6790
98,9937
64,16059
19,6500
72,5604
40,4569
131,9558
66,5830
105,4177
149,15558
73,12067
92,6913
84,2492
119,14162
65,8671
44,10555
81,5386
146,5581
117,14976
53,10684
55,3995
69,8996
179,4651
77,14036
52,1788
321,6917
54,4702
67,1565
57,2921
43,7163
110,7619
68,3634
64,1912
70,1525
52,2807
45,8519
41,20637
75,3093
38,4466
59,1586
146,3457
32,3192
37,2365
84,2801
108,4373
39,2959
45,3528
30,14259
99,7974
54,5609
83,2429
34,5248
175,14124
60,10153
37,16551
58,15014
53,1895
110,8846
163,15247
179,1865
216,2769
39,8194
153,3727
130,3388
45,2289
50,3142
68,1509
168,13307
80,8704
346,14969
231,946
109,8074
20,1645
169,7082
38,2680
67,7836
52,7455
62,5384
30,970
72,5205
76,6789
61,4798
99,1033
44,2217
95,2526
68,3136
37,7278
28,6301
59,5802
145,10274
46,1886
76,6366
37,2215
48,2555
60,6955
29,1735
33,5024
41,1917
23,6758
45,904
30,3319
103,4309
29,5386
61,4811
72,2839
128,2025
50,5631
40,3403
81,3978
236,6326
42,4160
64,7202
73,6633
103,6543
69,1047
61,4704
227,12408
35,5905
58,4169
68,11454
102,17462
31,11163
174,9229
129,15346
26,1054
67,5012
107,6643
97,7773
186,13096
28,3217
113,2434
107,9183
216,2374
80,14809
68,10407
20,2653
43,2494
80,13368
130,1734
146,15817
51,3519
131,9185
25,9960
44,5695
136,13834
47,10870
103,3793
26,3164
42,4873
63,6241
60,644
82,2884
48,8690
36,10060
54,2958
45,3239
74,2715
58,4208
280,6121
83,7453
86,2059
100,4118
73,12334
52,3906
65,9732
66,6766
113,10680
37,3608
79,4042
33,4631
57,3355
71,1660
113,2600
57,1925
81,15056
169,10891
70,6896
40,1230
45,1831
170,10820
186,2843
126,965
72,5502
68,4003
94,14616
105,4116
67,3106
116,2262
58,1067
83,2037
19,17896
76,10602
39,7918
72,2496
92,2147
42,13313
63,14644
117,8461
62,15984
80,4033
43,3750
83,6279
96,16557
44,4493
27,2085
60,2088
151,9701
70,8277
149,12194
56,4419
39,3157
82,3776
66,2505
134,11766
85,4927
65,13664
39,3787
131,1457
110,12625
52,5641
49,4760
130,7652
160,8754
44,1534
153,11379
146,6361
87,8967
70,3820
44,1550
47,6346
76,973
33,2669
55,3829
50,2394
59,3006
12,4632
95,1855
118,9309
137,5333
22,6958
51,4709
77,4166
102,1497
103,3845
192,2484
131,13730
63,3907
92,14735
71,4292
58,5305
58,6619
153,3902
40,1893
60,4655
28,8840
51,4693
119,8236
56,14355
145,17354
34,18182
105,12813
23,4786
58,1212
100,1433
19,4177
30,1447
56,2264
80,2462
95,18486
45,1029
48,6243
122,19253
23,1549
57,1066
50,14485
49,11836
53,7035
111,12790
51,3560
26,1810
42,3351
52,2825
41,2106
52,1430
74,1867
80,7722
91,7234
57,2442
91,1360
51,1592
30,6188
49,15002
50,2917
37,7723
74,2124
67,4727
46,3230
190,12575
50,7046
173,17586
129,5661
75,3575
18,6049
139,7220
62,15916
58,3880
58,3807
67,4884
116,7103
37,11865
70,3251
165,14679
60,1063
55,5052
44,1692
62,7067
74,8200
94,7399
87,1995
153,13073
51,5418
107,7284
78,986
43,1322
174,7670
40,6767
29,1234
98,17980
43,6794
42,3476
65,8200
37,6806
79,4606
62,4848
98,4301
143,6076
250,3395
70,2789
57,4450
79,7198
96,6033
45,5935
123,6365
44,8445
76,6049
55,2161
83,3191
114,9299
138,11572
58,8284
97,17045
56,1628
81,6422
74,7203
71,3636
118,6836
69,4063
55,11429
50,4938
98,8413
85,2867
74,6722
141,4667
61,3580
128,4160
52,4617
95,6489
98,6987
57,8198
131,3126
120,13438
86,10884
59,9389
45,2919
27,4686
67,11484
36,3742
117,11366
57,1551
94,13923
121,12121
47,1658
102,7883
74,4415
46,2068
43,4206
75,4651
121,7108
46,4137
146,12574
45,3860
53,6282
58,3494
94,6900
67,11039
138,19730
79,18205
135,2296
23,1798
19,2575
115,5134
155,2259
69,9879
93,2066
49,3708
108,2579
35,3331
111,2407
112,3984
37,7465
80,4549
65,12219
67,13553
123,14359
34,2626
40,8494
102,5602
74,2165
67,18023
32,15367
53,4242
132,4333
33,2976
99,15850
56,1311
55,11809
69,4739
50,9005
133,13039
130,5625
80,3336
115,5604
39,6320
34,4227
70,6354
65,2744
78,1223
69,12749
142,13254
23,3263
42,7614
28,7390
44,2114
78,4181
78,8481
58,7465
86,4426
198,2706
45,4442
148,17800
92,7736
77,3092
65,13952
88,2617
41,8087
67,5530
88,3415
80,1334
124,6689
70,19381
17,4206
27,3192
100,7028
275,12624
55,8780
68,4565
64,1368
124,8569
75,4392
44,3223
113,12173
190,15510
116,10407
138,7949
94,1987
123,2645
60,1843
82,5851
94,1912
37,1968
31,3629
20,3662
64,4306
98,24343
450,13388
59,3013
107,11352
40,7125
56,9302
20,1268
112,16225
70,3603
72,5109
78,2735
43,2199
46,7161
98,3959
54,3453
38,505
78,2070
39,7405
67,6789
122,23321
74,7191
103,3349
80,11224
48,4055
38,4665
53,1696
80,17595
146,1430
70,9167
65,4472
81,3415
76,840
76,1658
36,8450
32,5171
109,5243
137,5580
29,2112
45,2052
106,5015
113,5711
163,1938
88,8810
145,7383
73,8027
135,14426
150,21850
129,4040
36,2326
60,4048
83,1421
102,12428
45,5683
82,5624
45,6930
58,1435
91,7760
56,6117
198,5796
48,3223
70,3648
40,5578
36,3195
78,2646
81,7627
61,13019
36,2265
114,5864
181,20409
80,4524
53,11392
175,4946
103,7980
188,3198
25,7182
37,2450
66,6098
57,4147
79,3291
69,1538
102,4676
71,1466
62,652
82,13461
69,15089
88,3606
319,14459
101,9873
134,6847
59,2318
175,3193
102,3844
56,17150
185,3004
67,7141
141,2229
39,3622
42,6983
111,7379
78,5967
22,3920
62,14125
135,2018
21,1127
54,14438
75,4751
97,6107
62,9133
105,6447
53,17126
92,5380
31,1227
37,2011
48,5661
52,3291
38,8540
84,10879
71,10751
39,5749
135,6235
37,1475
71,2097
23,7354
73,4133
58,10549
209,13030
90,2359
150,3701
153,9830
82,12791
62,15192
107,10784
39,3362
71,7619
49,2968
227,12760
51,3330
103,3931
49,4291
62,7475
111,6846
51,2446
100,10579
149,4882
67,2392
86,975
41,1214
62,3794
89,3422
89,3462
170,10387
53,5880
64,2715
122,8409
27,10881
147,17646
53,11085
69,8599
125,14847
53,1328
79,3618
91,3663
103,10666
93,4195
162,7990
60,8202
50,3578
112,5308
68,17797
51,3271
19,2394
72,10828
94,9607
55,7043
183,16685
76,4774
56,7372
21,1770
55,6443
119,14360
67,2437
33,12129
109,5381
169,12909
99,893
41,8539
93,5841
68,2318
88,11296
67,3979
72,2404
92,14672
65,2668
56,4442
49,4958
48,11296
21,7406
45,3068
25,3832
63,2044
87,1241
66,3980
78,8095
128,6865
77,10375
95,6368
122,8288
43,2035
73,4793
79,12787
57,5662
121,9639
106,10247
78,5113
103,9533
32,2898
101,3117
77,8298
98,3604
134,8073
72,12430
81,5326
74,1071
86,3940
82,2237
153,3208
42,1454
18,6156
78,1203
34,1405
62,10544
226,7990
64,4859
86,14849
58,4655
33,4612
23,4540
132,8123
53,2567
43,3351
73,2097
71,5971
41,8202
112,18119
23,1226
110,6808
33,18082
42,2951
42,1391
132,8785
100,2242
83,2028
138,8356
47,1776
135,4340
55,9969
46,3487
211,15332
68,4399
50,2129
33,14634
233,12965
100,22931
93,9772
166,13027
127,10346
86,2495
99,2271
83,9987
85,16238
110,6821
55,15792
159,7332
70,9182
122,23134
59,11106
36,2262
43,7378
37,920
87,11260
87,6290
134,3096
29,13673
23,6439
90,6645
50,15139
44,3667
101,12802
51,3556
34,7966
45,3239
100,4163
50,2264
116,17921
96,6041
73,3249
249,16917
69,4017
112,14129
50,2296
91,2686
45,8372
119,9263
64,1335
64,1129
110,11154
60,896
33,7847
252,12853
48,3414
55,7653
47,2617
108,2425
48,13182
45,12476
124,3048
49,2389
82,9782
63,1568
87,16725
74,18823
113,2760
58,2888
76,6091
108,15927
57,5514
61,13261
95,9098
50,6929
34,10298
76,3717
77,1167
46,3791
46,2083
65,3531
64,941
129,15178
93,3455
44,5874
148,13648
94,8391
38,2528
45,3158
73,10724
123,8099
126,10671
62,2445
36,1446
48,1103
95,12625
45,4152
273,3007
88,15645
42,4050
158,5491
56,4471
32,11121
68,3493
91,7552
65,4629
92,3153
56,2345
60,1240
156,2870
98,11818
156,5741
27,2849
59,5562
83,1597
65,7787
43,1141
62,13550
111,2273
17,6987
50,7119
48,3123
34,14660
178,13762
76,4415
91,4159
71,2779
40,2353
36,1758
223,6996
98,12742
108,12066
225,19270
116,3918
64,2337
62,2781
107,6222
73,5284
46,3760
75,8133
106,6422
24,7868
50,15856
136,5436
22,3586
58,4471
109,5739
63,16557
53,1042
131,5234
90,10739
110,5624
69,3278
109,3264
32,2506
59,1868
57,6626
41,9661
45,7197
80,14730
148,7797
71,5430
94,25373
50,9289
287,7604
50,3202
48,6968
79,11403
27,1237
88,10897
35,3086
25,2182
46,9339
58,4547
64,10674
162,10483
104,5164
35,2173
83,15125
109,9842
103,4976
75,7827
102,3968
45,8568
32,5840
86,2718
74,5771
61,6977
26,11323
74,13439
54,7613
77,8124
44,9479
104,5662
63,16861
45,1347
176,6445
138,13125
105,2459
89,7114
53,13012
54,3296
31,6470
62,2139
58,9219
59,16382
69,2410
135,3293
59,11732
76,3145
56,7348
104,1499
47,15841
48,20185
172,17517
74,18066
27,9046
110,8904
47,1887
305,11910
22,3462
82,9979
57,14674
86,5538
26,7209
48,3621
76,11611
58,5149
78,4133
73,5722
90,10009
69,4180
56,870
126,16511
36,5218
49,12616
74,4809
65,16930
40,1422
88,4662
120,5124
102,3427
107,5761
38,2153
119,3230
49,9096
51,3629
51,3104
111,12568
67,6118
51,12706
55,11640
123,2134
19,2906
75,3907
75,3854
99,14577
70,3444
62,8886
50,5983
144,3519
47,8328
76,12510
93,4212
68,8050
170,3291
115,1780
60,1713
86,12144
154,11372
111,3179
30,2717
84,1228
38,3621
98,12576
123,4871
113,15652
78,2370
77,2963
84,4542
106,1656
91,8682
71,15563
86,6607
95,9612
131,1720
91,8745
58,12693
95,9343
64,1939
73,6968
47,2622
68,8012
27,1717
89,4539
135,18993
48,13678
90,10097
46,14634
55,5615
80,5486
135,4662
95,4391
103,9188
37,2459
100,2109
149,5549
125,4523
127,9487
82,5728
36,5354
28,6287
91,2523
19,9934
58,1878
47,4913
108,4328
73,1709
133,4471
114,12675
72,4324
65,8736
43,3141
77,3251
75,2348
47,1320
86,5947
33,1563
43,9752
71,3961
76,7362
106,20074
43,9360
31,4738
39,1650
121,14581
82,15306
67,3202
85,2743
83,13974
34,4825
79,2579
125,3858
115,7803
90,9306
66,3699
65,4985
79,9618
70,5218
38,10773
18,1535
71,1824
112,14305
96,11062
51,2266
32,4145
74,8774
84,18172
18,4017
122,3011
44,7465
69,4622
71,2378
21,3617
82,3965
162,8923
89,1427
102,5576
87,9217
43,2021
63,2148
169,3460
112,7468
77,9467
145,6227
63,6632
30,9887
49,5230
44,12248
49,2522
75,2473
74,4149
78,3110
49,11086
77,7881
67,4175
63,9917
95,7842
34,2382
50,2871
37,5201
61,6000
79,10856
93,6059
43,3553
35,1874
69,14878
72,12127
82,1877
169,8161
149,7420
69,8130
106,6127
52,8140
61,6144
51,3971
51,1855
215,5785
87,9375
69,12507
172,5553
54,3369
132,3053
35,1330
65,6524
89,4702
63,13983
54,6602
165,13575
83,9400
98,14490
64,3333
66,5820
35,7075
158,9350
96,3224
82,7802
51,6054
52,3124
54,1687
55,5758
52,5974
57,21872
198,6259
42,3086
79,9349
78,1939
77,2007
73,13329
156,3327
78,4701
163,13423
53,3766
111,16764
92,3654
51,5718
119,6155
57,1351
41,3262
130,14304
65,9329
50,737
93,14022
113,12616
68,979
44,2081
76,9894
38,10890
55,11489
48,1080
105,8894
37,13156
73,3867
22,9062
40,6743
215,3855
234,11150
56,4331
82,4389
80,3731
52,4819
103,8950
49,895
80,14711
58,2795
77,7449
126,13239
85,3765
28,2256
64,1180
50,6881
30,3277
77,5711
48,3063
86,7720
108,17536
125,5207
38,2451
43,8562
29,9517
173,3474
93,16567
108,7917
42,4433
39,7292
24,2242
58,5150
90,4283
45,9347
101,3023
53,4664
63,16730
96,3225
131,2009
71,9171
130,3291
47,3388
69,2328
71,4871
53,3847
64,9953
38,3981
45,8361
32,2679
124,3437
82,10350
66,7705
114,13290
92,19695
35,5359
83,5137
123,9712
39,4670
61,5471
111,1630
24,7251
76,2567
75,1684
50,1324
140,4294
50,8099
31,13552
212,8841
27,2685
133,10420
84,6198
40,5895
34,3003
106,4760
89,4123
202,19402
59,3263
65,12818
112,3890
19,6580
166,18999
50,10224
120,12243
75,15751
69,9628
97,2287
24,4469
37,2999
39,7728
34,5823
44,12677
37,1355
48,821
140,15100
49,3555
68,2059
40,3969
176,9490
52,19287
17,5756
31,4975
76,4857
29,4994
76,18031
75,1888
47,7871
43,4863
55,1162
51,5490
27,3128
43,4523
90,3923
71,1396
48,3213
59,7916
101,18997
187,6637
29,4240
86,5767
79,4925
45,4324
105,4053
69,8850
57,6899
90,3863
41,2255
54,4042
166,11560
104,5964
49,7877
51,1663
161,3916
46,8314
57,4840
89,5391
41,1627
81,9099
129,8010
40,1046
25,5392
46,3375
58,5398
60,7965
123,9574
34,2282
46,6340
124,10207
109,2062
130,12715
66,1434
62,16105
161,2350
57,937
106,7366
34,4243
50,4907
92,2755
91,3287
65,12862
39,2737
90,1183
116,2442
78,4980
75,2677
172,2748
67,3657
70,2123
65,1645
115,16692
78,8265
87,3881
109,1707
60,7093
53,4167
62,7744
63,10331
39,17571
55,7357
29,1916
179,9281
160,5192
100,10721
50,5636
232,5689
107,14421
94,3938
86,17841
52,2418
117,3760
100,6000
71,13176
91,7948
89,19084
54,6730
167,5148
106,7436
126,26868
120,2634
74,2268
41,8609
60,990
127,22286
89,15414
66,9196
72,4250
37,6381
38,2167
134,4871
50,3858
97,2642
83,1964
45,4038
27,1486
103,2660
24,6777
66,7073
78,2149
76,1553
47,6181
71,5533
147,3154
47,7341
101,5706
166,19505
69,4093
79,6081
53,5804
37,10217
121,2698
106,3484
130,18748
71,2406
52,1843
55,2106
31,12240
72,4441
58,3079
79,7236
62,23943
220,6250
42,2105
53,6982
35,2315
181,16981
113,7374
61,3776
165,11647
23,3443
33,6322
402,11048
120,7890
103,2845
59,4603
142,7170
55,4960
43,4601
124,20615
36,3403
61,5974
52,5072
60,9346
101,2103
96,933
128,3343
74,8285
63,8415
46,13929
82,8720
119,3405
62,6573
120,7550
91,3020
58,1909
110,4794
67,5998
51,3664
142,12896
114,4139
51,8026
55,2995
97,2823
133,6871
131,2946
17,6446
58,15964
58,5491
89,5178
116,7015
77,1840
68,2179
53,12452
80,14008
49,4050
47,3835
71,10131
34,11078
231,13810
22,3095
139,3856
62,5027
136,4517
77,4549
52,9043
59,7003
73,2975
77,4884
68,7815
76,2987
101,8276
65,3633
33,3061
71,14946
55,14439
82,3423
51,4262
128,7227
55,13672
109,5361
26,3349
82,14254
200,3667
57,2380
132,16256
64,14707
50,4932
30,4020
96,2961
70,11510
27,6105
80,5890
47,1829
72,7864
28,10594
124,8937
68,22073
33,5408
56,2892
45,7801
49,19634
98,8055
88,3903
46,16478
139,9145
155,22735
29,3367
88,3274
41,6706
86,9633
55,5717
50,20772
59,1866
54,4675
109,11267
92,4050
93,11178
47,9565
36,8242
76,6669
95,4146
65,8583
89,3684
62,1501
72,2831
61,2495
76,7997
60,1949
39,4052
70,3117
84,11783
52,3154
46,15903
150,2589
118,7560
18,827
126,7607
42,1333
25,3577
98,5655
107,4895
51,1909
52,5963
50,10008
119,3356
134,6629
50,8894
84,24919
100,3256
64,18442
84,2496
119,12138
68,5516
28,5299
147,11641
41,3549
82,6091
85,18796
69,1874
66,2318
63,1023
38,4183
114,14117
97,7161
87,3586
50,3005
82,1402
14,903
54,8203
64,3135
63,928
132,7690
58,8433
24,1837
97,2313
41,5854
34,4721
49,4252
116,7961
70,18801
47,3495
33,2831
67,2133
39,3160
51,5090
116,6087
77,5035
52,6787
41,1943
143,10466
132,15110
91,4294
45,12544
112,17984
39,9918
78,5395
83,2049
160,14089
60,14252
75,11512
33,2297
65,6302
60,12424
107,7349
48,1785
57,2392
109,13542
55,5373
59,1157
87,13701
82,15947
117,7381
87,1972
66,5376
57,6274
27,3814
21,852
117,11089
54,10292
47,6980
56,6263
149,4787
70,16648
108,3916
84,2834
94,2604
57,5324
52,11481
90,2457
141,12569
49,1928
74,10539
120,3015
52,3787
106,12466
223,2195
82,2580
69,3169
157,10151
17,2272
96,2388
120,7270
54,2752
89,14482
76,15357
50,1020
72,10852
148,8108
54,1328
99,2909
54,5462
118,1988
55,18211
117,3712
49,5071
82,5578
67,2818
60,5237
69,3030
78,3884
92,14530
40,6075
44,2128
44,3966
38,4641
92,11254
34,1539
57,6338
56,6412
131,4158
82,6152
73,4049
66,3661
34,7528
64,6017
89,2058
94,6386
39,1959
21,1395
32,1507
106,7861
44,6192
81,6624
86,7623
80,9298
146,12897
72,9748
100,3728
102,8206
67,9125
45,1809
37,4508
82,9223
55,5885
197,3871
148,12688
88,3780
132,3375
80,11299
50,1865
53,4558
84,4586
48,3202
35,3309
120,21756
29,2454
57,17591
110,2087
28,3269
43,8826
82,7644
55,3362
30,3601
113,14257
69,8015
61,1668
90,4919
93,2840
76,3386
105,4497
90,9298
60,1047
98,5859
73,8421
95,5921
57,4867
32,3408
66,9812
31,1934
40,10507
84,5947
32,2811
116,5178
46,10673
83,1725
55,2289
75,4142
71,2086
52,4106
48,16206
40,3297
42,3303
99,4710
104,3388
102,5662
40,4864
42,2291
23,4378
55,5075
65,4843
28,9699
62,2793
137,16344
13,6455
89,11682
47,3251
38,15656
67,3609
67,3376
89,18236
50,5572
80,3143
63,2379
90,5893
138,1641
107,8423
208,17822
38,20361
73,11538
58,5978
49,7805
641,4634
63,8880
51,3034
54,2864
14,4385
29,5906
38,4758
72,7790
23,6741
128,11199
105,9726
43,5304
105,1845
198,7319
143,8804
38,8347
76,3528
135,15025
58,9064
189,11140
65,3110
121,6707
36,680
131,12286
44,2717
111,15470
143,10077
57,1961
29,5053
104,5927
125,3542
125,6048
56,1956
38,6557
25,2632
99,5682
57,2575
29,1448
41,4000
48,4855
54,758
29,18317
80,4487
48,6950
112,4207
92,2543
154,6505
30,3265
49,9297
78,2060
112,8840
69,4573
70,13340
74,16161
151,9741
102,14228
43,2380
71,1938
79,4335
83,6825
63,8457
43,2906
85,22063
34,2000
59,3770
154,6034
80,16688
87,6627
57,3104
41,4541
96,14067
25,4554
83,8806
65,6961
133,4532
45,5528
50,2325
53,4425
47,1523
85,11355
135,21103
63,6068
28,1337
21,1255
34,10670
61,3334
64,8397
69,7745
57,3379
91,16221
30,3250
62,3382
86,1339
55,2654
76,1830
80,11768
111,3594
35,3593
91,3884
66,3764
17,1224
64,6601
50,9376
97,3296
58,1948
52,2792
47,1703
42,3611
126,2728
74,5694
66,12214
121,9679
35,2213
45,1306
65,1574
60,1636
46,2871
58,16989
107,2371
60,10495
287,14687
75,4257
71,3004
86,5182
71,6304
44,10890
86,3957
61,7343
73,5291
79,7059
184,3312
173,11871
31,7344
72,1416
53,4164
102,8326
18,4308
62,7879
30,505
98,5075
32,6463
69,4217
96,3032
106,10706
64,8569
55,2192
117,1755
109,2536
43,1711
70,15741
66,7553
193,10512
24,1418
110,19314
50,3592
39,4167
101,8534
202,2935
29,1794
180,8186
111,5389
57,3686
52,8079
79,12080
115,2689
59,5361
49,1526
76,5599
80,3314
58,3051
43,3492
70,3084
27,10192
61,13311
65,1574
109,4331
47,3901
60,23282
107,11747
50,3111
21,1944
79,5763
41,6964
74,12944
67,986
71,6698
46,6497
31,2717
32,3522
54,6925
33,3746
78,4816
49,3562
72,2082
102,7101
22,2865
52,3593
25,2408
90,1356
85,4175
37,6327
63,2969
45,4217
42,5923
56,6839
158,4374
119,21003
66,7386
71,4763
54,7983
55,6784
49,10993
59,3477
62,1458
76,9027
59,5874
30,7483
66,7292
68,11959
104,10488
18,3999
59,11812
94,5483
138,3052
27,6366
40,15226
35,2306
39,6066
53,4973
98,15446
75,2272
145,3843
94,8846
65,2615
61,7220
78,3164
88,5648
77,7399
63,4483
62,1778
42,11666
35,1203
141,17694
114,2942
24,17353
90,4607
27,2703
132,4327
35,5853
85,6720
155,20501
77,3831
68,13054
82,2642
42,8198
126,4917
105,10914
66,11370
68,4658
124,4351
32,2188
56,2760
102,6977
30,1004
76,5439
54,13872
73,7174
112,15230
76,6647
47,10714
106,1673
73,10331
65,1985
70,17366
55,5626
59,5752
90,2174
84,5306
75,4118
75,963
126,4298
73,4429
110,7364
116,5482
34,4285
76,4848
87,2333
51,6809
35,9023
68,3372
45,4281
44,13919
61,2354
107,1371
39,4772
87,7611
28,4226
82,3841
53,3660
46,14592
42,3899
52,3451
41,3499
42,9232
52,5702
17,3560
87,7372
29,1631
74,5670
113,4626
71,1163
197,7289
38,1196
60,3290
98,5311
137,8787
42,3535
73,4076
59,2935
42,6733
184,18031
50,5647
37,3645
68,1120
84,5720
20,7166
100,5740
63,6131
109,3036
169,21133
201,8238
108,4186
64,11199
67,5903
82,3105
55,20367
115,5627
38,7886
37,3928
105,13593
160,3027
32,4475
80,10172
66,2525
40,2751
95,2092
163,13453
54,11342
136,16812
56,1284
52,10103
28,3742
65,3964
22,6072
73,2820
57,8900
48,7559
64,7261
69,2016
41,1702
41,2324
155,6489
56,4469
142,5987
72,3884
126,2430
39,4633
53,3528
62,2658
104,13538
116,2211
77,12353
39,4157
115,13388
109,7858
65,2355
61,2391
65,13829
65,3946
62,11460
70,5003
28,6185
85,5612
59,1464
60,2331
98,10550
60,4360
82,5599
256,5871
28,1385
52,4018
83,23870
35,1647
62,5728
72,3384
63,3761
50,9533
43,3738
125,11303
181,2823
38,4285
76,4429
66,4493
62,4997
30,3966
107,15106
38,1871
58,6519
99,2333
120,1588
49,13588
35,6316
97,2438
98,16601
210,10905
169,13548
30,5369
100,2124
132,4554
44,2729
110,4964
20,2949
69,7202
47,2422
56,7349
64,6291
64,1198
94,5799
43,4382
72,15896
128,9182
87,1382
46,2172
65,1656
48,4504
119,7641
50,3218
91,2585
70,2538
63,9491
66,5121
166,4049
71,9424
97,9919
43,3315
50,1000
109,3199
51,6096
114,4372
51,7659
103,15521
135,10820
37,1939
143,17372
55,1614
110,7870
75,8470
29,5855
146,5664
67,3896
178,7819
79,1627
27,7123
133,4738
46,6371
94,5337
85,5366
218,7388
56,1282
53,22102
67,5707
113,5104
157,10672
60,4059
52,2924
85,3361
110,2475
53,3770
117,1915
121,3516
72,4515
98,7896
103,4678
423,4868
93,2700
74,10901
62,2915
30,853
90,14686
30,5271
41,6642
64,5865
16,3224
40,1633
42,4203
18,5713
41,5506
33,2852
66,3679
49,9898
63,2576
47,4174
35,6298
65,3934
43,2423
95,12475
15,1086
130,5330
55,4192
123,11758
72,3652
63,17557
172,1880
113,2838
82,3153
59,4487
131,5303
74,2947
133,6264
42,1502
91,2552
47,7574
29,11924
88,10436
69,10045
101,6917
22,4134
90,11110
100,1811
34,2231
56,13877
101,2345
101,9141
58,1171
81,3217
73,2602
47,3487
73,7118
44,1422
35,4457
55,7402
67,1271
23,2498
134,2769
102,16657
98,3695
25,1175
50,5342
19,2469
139,3665
92,13068
21,1983
57,3566
82,6754
63,8792
57,3664
96,12641
34,4515
63,2998
102,12798
79,4363
83,6528
55,3791
65,1935
100,11600
98,19916
100,3644
46,2568
120,9996
61,5050
125,2533
37,1573
70,7029
54,1667
100,8239
24,3711
64,2837
76,1600
79,3193
76,1369
50,2054
22,9165
56,1920
95,1972
37,19249
36,6787
76,15917
89,13181
40,2383
88,5634
83,3835
39,4995
101,6558
27,7465
82,5397
52,4130
43,2958
104,3738
50,14992
82,13215
104,3015
69,2487
46,5614
46,10695
48,11223
103,6962
106,3075
43,5150
50,3822
162,8977
49,11628
31,4952
201,10169
35,5273
76,7918
40,7122
111,18715
66,14577
59,18136
30,15431
85,10743
27,6758
30,5786
56,2486
40,4072
44,3579
96,5876
27,1306
39,5676
163,10105
150,3156
65,12022
67,1587
67,7749
102,5504
101,2643
55,4444
44,3726
48,11508
71,10843
78,9777
17,1614
80,15834
27,3186
69,13274
82,2653
29,7099
71,7266
98,2010
47,5105
173,4319
124,5411
79,3023
106,3301
105,13069
27,8995
24,8746
56,12917
44,4455
50,1213
82,3896
76,11292
50,3403
112,7692
41,1949
110,8359
53,4904
53,8103
48,4739
82,5976
50,12618
117,10456
206,8565
60,7538
121,9122
88,1248
152,15179
99,3786
76,2662
61,8356
65,14371
71,10709
209,17696
57,6816
51,5808
55,2648
54,3938
105,16386
150,3815
130,5456
82,1891
62,9893
99,3940
120,7892
81,5294
111,6589
63,33312
23,2170
122,12136
64,7124
94,8934
79,2951
52,2436
30,5320
46,1431
80,4325
64,12783
78,4940
84,7089
72,14407
87,4951
69,2251
22,5241
44,5684
50,6426
148,11439
20,3557
57,1711
138,1763
59,2942
38,8553
39,7285
67,12410
36,10435
150,10404
103,4408
104,8031
85,8010
151,8241
55,4601
21,6561
96,6263
55,10897
161,14565
72,2967
67,3061
71,7977
35,787
38,1399
46,2437
68,5148
42,11012
34,5887
91,4386
115,4318
29,4229
113,15616
86,4137
151,9744
139,4459
51,6217
96,7650
77,23518
101,3805
56,3019
154,11062
172,4184
130,7381
50,10639
74,1688
122,3451
114,4374
139,1650
69,2902
34,2535
40,1891
146,1776
65,6836
104,1288
45,2136
37,6118
100,15164
43,4208
127,8168
47,4476
41,6689
84,6533
48,13904
96,2735
73,3104
59,3797
85,8725
155,5309
60,3035
59,7581
44,2373
59,2226
94,8045
123,6996
325,3907
64,4734
55,3345
91,1619
73,16368
77,9684
116,6380
85,5096
50,2724
90,2067
49,1214
64,5839
42,14416
18,1483
53,2829
231,17343
47,17472
126,4278
69,4330
92,15147
71,7853
75,5159
139,12644
130,14887
70,1902
51,4136
48,6434
88,7445
77,10245
39,2045
54,1583
109,2629
108,5429
74,13344
51,5252
79,12514
87,1306
118,7030
123,12544
116,2842
120,6803
90,8304
16,1107
256,2840
71,10092
117,6313
92,3180
57,3941
50,1238
70,2204
43,7699
102,10236
100,3122
31,14665
82,3545
119,15389
21,2499
62,1890
128,6634
53,1073
70,4871
92,15482
98,11420
47,6380
61,3079
59,13328
70,2991
158,25773
95,9319
75,4677
95,5579
96,3608
70,2270
58,7719
130,11203
113,2950
46,2657
64,3078
156,5898
161,5930
76,12289
56,3245
58,2725
83,3470
44,10045
85,5261
125,17490
64,6757
58,3017
64,9021
96,3323
151,3137
25,4147
46,801
89,2949
47,5067
33,11899
46,17613
60,15568
41,6882
24,2212
66,9008
37,3675
85,4041
78,1752
49,4096
42,6063
86,4908
140,18490
40,1474
664,14189
114,10962
36,3729
35,3793
58,4375
89,5943
35,4432
19,13964
95,2593
31,1441
112,5391
46,8354
65,7766
55,7277
101,2016
93,8810
105,3963
80,7017
69,12270
127,10904
108,10712
66,9068
104,16339
48,4085
89,4953
61,7473
46,2301
43,14240
116,5629
105,14399
126,3565
151,16907
41,3008
71,14070
251,3138
80,3691
53,1336
46,2461
23,2073
59,4553
43,999
25,5015
113,8558
51,3787
37,6149
46,2726
66,24157
29,3252
18,1287
38,13332
87,3848
94,20614
63,3126
77,14570
56,2518
136,9035
117,2181
91,3755
42,6266
146,6914
49,4505
179,4926
48,5133
56,5118
145,11974
76,975
86,10292
144,5668
93,3958
62,9010
50,20981
117,2393
70,16102
74,6481
69,10096
19,2606
53,5037
52,1661
86,3885
65,2947
35,3672
157,7825
53,7741
43,4173
33,3364
32,3057
75,4487
74,785
47,2564
38,6454
33,3235
58,3726
102,5097
95,3786
86,7139
84,14980
17,4792
39,4128
40,12553
37,14524
49,5066
172,6622
59,6036
31,2044
56,18239
165,8584
37,993
68,1837
72,9274
74,8560
55,15738
40,7640
14,2477
97,2245
254,1341
42,1440
66,2306
40,4669
40,6287
154,4730
21,6942
55,7580
58,3416
92,7176
69,1934
55,11912
22,8146
38,2633
82,12860
79,1460
87,7705
77,6822
118,4883
76,2687
106,10604
70,12518
78,3106
53,3034
57,10983
93,9532
95,6590
26,7512
92,4855
152,8386
86,9383
93,6365
164,3873
46,13835
111,3976
50,9748
98,18745
79,10027
73,5600
46,3316
41,4508
71,8787
43,5995
44,4435
73,1851
129,2715
65,1483
131,12735
138,9101
52,4985
62,4772
132,7422
156,13913
54,3087
86,4263
46,1058
48,5121
72,5930
84,15122
80,6187
84,15160
32,925
93,3463
43,4456
59,7730
50,3660
73,2919
48,4343
70,7136
76,13630
144,18174
34,7353
54,6575
39,1728
56,6319
64,1756
100,3582
147,6836
67,2265
54,10591
85,7656
61,8630
104,4740
33,13504
54,5263
25,3049
110,2084
137,7675
87,7863
38,4132
50,7424
52,5905
103,4289
167,14327
174,7128
63,5322
50,5820
75,11452
44,3182
43,13409
94,4910
71,2942
15,4091
173,8233
74,7500
62,5825
43,3157
327,2094
77,8859
44,15658
89,1642
183,11065
79,17334
107,7950
75,5349
128,15713
103,7689
147,16467
81,7890
93,6456
185,8830
57,18109
218,4790
42,1945
110,3455
149,19116
65,2512
73,17622
63,3386
55,1120
214,19472
53,9321
90,10555
81,5857
112,4640
67,4321
51,4961
99,1785
44,3068
170,2110
160,4680
92,14644
135,11849
30,6515
41,1855
66,5573
45,13834
163,12676
115,6903
49,4379
37,1885
100,5186
148,2490
130,7907
46,14785
156,11100
44,2679
394,2523
108,16949
37,2495
68,1256
52,9900
76,10090
32,8637
71,7898
72,4111
104,15651
30,2242
74,15144
31,1492
51,6536
38,2698
60,6508
130,6869
277,3691
68,9481
129,4941
47,5830
39,8487
84,1544
50,4056
57,17404
92,19006
47,5873
55,2819
125,3930
25,3796
80,2445
48,6400
115,13773
41,833
72,4810
72,10514
109,11557
31,6053
129,14233
18,4054
103,14493
38,2589
105,7667
118,4748
35,3766
20,6361
57,4167
83,1770
53,6646
127,18751
92,3925
77,10450
82,2346
131,12534
62,10713
76,3154
153,2476
93,11220
26,3307
27,8506
49,1330
84,8664
36,10224
66,2038
165,2188
234,4670
32,4814
56,4707
36,2880
19,1365
54,5138
58,4460
55,4948
138,11047
79,4467
118,11072
32,3814
85,3932
77,9349
81,13123
49,4121
86,8282
103,4637
59,2362
77,9129
138,2387
89,8097
59,8757
57,13851
54,1905
46,8948
43,5293
87,4049
74,4621
69,2552
82,11467
144,8496
229,6205
204,26485
73,9016
101,7745
60,12730
70,17470
53,11011
39,2941
68,8249
33,2726
123,6220
107,21011
149,8892
66,7837
69,4157
95,3520
63,4920
62,4016
117,15320
85,1865
38,5303
143,4616
74,2213
326,7274
48,5222
86,3823
68,6594
129,1811
91,6489
56,5876
67,10385
110,7310
85,3809
42,5775
261,16927
184,4951
61,2793
36,8390
98,13824
71,2910
19,6577
94,9130
45,7238
100,3484
58,2741
48,13232
116,18776
41,12374
61,2654
75,11508
98,5294
80,1455
85,12089
52,1031
72,2470
51,1518
123,14042
83,7484
55,15977
144,6303
132,1662
76,1896
51,11147
23,2582
93,1910
82,3247
37,12740
67,24781
50,7221
51,1699
88,11624
70,12597
42,7727
116,7339
52,4697
69,8393
53,6029
37,2799
126,6024
84,2339
33,4894
27,1809
27,7203
100,3440
70,2330
62,2307
137,31422
143,7438
51,11138
209,8147
78,7357
96,7237
108,1719
23,2784
26,3938
58,6940
68,2932
36,1821
56,8398
61,1419
47,10721
82,2890
41,5079
60,6325
87,1540
75,7572
46,5516
72,4801
26,4394
128,10443
109,8297
76,2812
110,4990
220,19307
170,17684
97,5748
78,7755
102,15993
58,3032
104,11915
54,4455
66,6603
37,1433
86,3675
106,8574
115,7096
35,1395
108,18487
66,4320
167,18282
96,8549
43,3780
87,2717
55,3355
38,3349
60,3183
22,2295
121,13122
54,9733
41,2848
51,1437
74,7524
124,1934
70,6447
90,4666
28,3303
208,10724
31,5738
53,5991
141,5485
27,14546
27,3502
84,5666
53,3629
69,4971
84,2406
118,2218
36,5190
85,4074
176,15811
114,4847
60,1321
82,1939
32,3861
66,6879
31,8660
88,2602
94,12897
52,6386
99,11948
36,4042
60,4813
101,8302
62,6769
55,8349
60,11539
79,4554
59,1599
47,1908
119,3986
146,4778
76,2727
86,3922
193,2123
116,2474
32,4630
40,1455
70,2028
103,8482
47,3728
73,4381
32,4039
58,2829
69,11233
83,4251
48,1322
66,8788
78,2379
57,12017
29,3947
71,10566
52,5408
25,2782
78,7299
63,6235
66,14288
94,5939
57,2365
70,4119
52,5724
22,3938
81,2377
96,9988
41,5522
75,2388
48,4546
65,2489
77,3588
35,2412
56,11735
93,11949
99,15073
142,3630
45,3087
42,3286
54,2581
99,5061
35,1295
56,4080
124,1836
91,7593
53,2024
43,4813
86,9468
77,4029
33,11290
29,4309
314,3061
58,3811
35,5936
52,3717
91,12377
76,8151
40,4223
172,4529
113,21224
95,9368
63,6242
81,4766
80,4101
51,5225
35,6090
60,5809
83,6544
25,1751
36,6172
120,10329
95,5508
48,5059
50,11130
166,2833
51,10045
59,1957
23,8278
140,17487
56,2778
40,3356
42,1734
40,2642
95,7395
61,15258
34,14042
90,1451
136,11041
47,6792
46,2517
73,4369
41,5110
91,2637
105,9428
63,9857
122,16528
51,9812
104,10229
46,3605
58,10910
31,1328
103,3317
56,2574
99,7377
112,7196
84,6257
40,3661
30,4772
102,4970
75,11072
57,6935
70,4035
92,2050
45,1836
54,8667
58,7649
91,9004
47,6585
238,9682
59,11479
126,11913
98,3355
69,6294
45,8605
115,4081
105,7356
99,6714
47,2334
26,3014
14,1955
112,6791
87,10582
68,19710
60,5245
72,3148
27,1407
51,3975
49,5352
76,5648
118,13560
50,3960
91,3436
47,3688
58,8080
84,19424
51,2487
93,10117
101,18341
94,2892
56,3466
37,7634
58,7379
35,6923
61,3255
83,14536
78,5192
89,12532
71,2261
21,3931
69,6484
61,3033
63,2845
78,3241
71,7951
47,4775
39,3893
80,7824
59,10089
49,4254
48,2307
45,9136
65,862
31,8968
75,7642
104,6246
74,2498
71,1257
73,1508
120,3223
82,9210
44,7657
57,2126
33,1905
47,1195
78,15602
57,6292
74,9485
62,4547
69,1633
615,6450
44,1559
21,4061
54,6828
46,1806
60,4758
48,4301
159,7456
82,6415
47,4823
136,5737
41,10041
71,3474
65,1087
78,2494
58,3565
49,1546
127,5565
36,3230
43,953
34,6745
27,1320
84,9996
63,2449
81,1946
65,3569
104,12635
85,15115
92,18680
45,6028
148,4743
386,8379
98,11806
79,2195
157,18603
79,6895
42,2270
74,10849
146,7700
71,10378
28,1576
213,14076
65,5325
53,3585
73,2618
90,8503
30,4386
63,4419
70,6088
221,2290
48,5079
99,5306
115,3758
40,1322
73,13045
86,15369
32,2523
84,10142
102,1870
55,11155
83,11241
30,2525
64,12831
52,10045
106,4030
38,729
17,928
25,5921
84,5478
151,12619
29,3947
68,3320
41,3352
99,20151
27,1527
46,1837
54,1727
125,4537
98,13622
41,3429
117,14498
43,5176
145,2590
56,6413
37,2342
84,14031
127,7244
144,4832
74,3479
165,6186
52,4875
47,3548
81,7788
71,17625
115,23304
152,5616
56,3798
27,3479
69,7008
77,2300
73,1519
37,5429
67,17983
99,7357
60,7898
34,1949
134,14717
51,3598
26,7645
24,7708
44,2761
110,5812
39,6067
109,5536
67,3902
48,1228
73,3114
27,2784
52,8273
47,1720
81,12880
180,3949
82,1999
37,5518
89,5311
52,5356
13,1474
125,2835
32,14416
48,6511
50,8138
84,4516
69,6909
22,4111
81,3782
60,4758
86,15159
32,2779
132,3151
94,1463
65,13190
94,5980
75,4635
78,8354
48,4664
104,7230
14,2196
178,6307
73,7308
57,2399
94,17759
133,7190
138,5391
21,3847
75,5600
64,7568
92,7249
28,3116
117,5978
32,4146
65,10431
83,11240
59,1657
103,3170
72,4425
51,1851
165,4161
52,12495
65,6884
100,5015
59,3614
70,2843
127,8722
98,2344
39,9257
57,4569
157,4974
90,16889
24,5577
136,2042
67,2772
67,3737
32,3115
56,3094
145,11405
50,1326
37,2752
32,5886
50,2315
43,1010
71,6855
124,7933
24,4212
127,4711
41,1457
45,1387
130,5036
92,17161
44,6280
78,2347
262,12681
64,1929
87,2587
113,3319
67,2751
99,15786
100,2521
43,11588
77,4034
57,3793
114,3428
47,15509
43,7605
16,2545
116,1754
131,5397
108,9884
99,1904
55,4551
72,3004
51,10042
81,1971
114,6845
26,2255
23,2486
70,6881
147,2937
109,13213
136,6776
71,7901
48,8985
62,3134
63,7683
49,5893
79,6720
85,4524
96,4961
104,9467
73,2334
62,12772
34,2343
49,1499
188,5818
103,7169
113,8920
33,5698
70,3071
119,10732
93,9355
42,5769
79,1032
120,2444
81,12469
32,6844
49,9744
125,20373
139,10103
57,2528
117,12462
67,3473
37,4136
78,1749
74,11530
98,2414
105,7280
44,2893
113,4248
84,12389
39,3457
76,2723
73,3236
44,3772
179,18886
109,5018
19,8586
41,13852
36,5057
64,1162
240,15188
91,15653
96,11160
69,3686
58,6153
40,3512
57,2961
132,3984
148,8140
60,1747
48,7131
77,4488
77,13239
110,1481
52,7997
139,9732
46,2238
123,6903
26,10304
42,3953
115,16728
46,5693
102,8294
36,4570
85,17310
44,4158
64,4447
17,4694
91,12923
118,12268
113,8106
37,9534
56,1427
80,2326
85,4976
114,6978
79,4150
80,8055
64,1840
58,10113
38,13873
133,11972
26,1573
78,3677
101,3598
130,15412
22,7192
65,4242
132,8185
63,3108
70,7450
57,6635
112,1601
147,1387
53,8629
100,7904
74,1660
37,3462
89,1736
114,4121
55,2537
56,7487
122,12357
53,5123
101,12908
113,3215
72,7699
49,16864
55,3042
101,18186
73,4759
39,6245
33,2600
57,1627
57,5526
72,5265
80,4400
86,4768
49,4486
31,1844
133,15168
79,4275
259,14080
53,5209
62,18404
100,1953
86,2380
43,4661
49,1969
125,9280
41,4965
73,6388
103,6269
47,3027
69,1527
27,9845
147,17355
84,16515
117,6122
108,4675
59,6242
59,3202
25,2434
43,3551
46,7702
72,1936
59,3014
41,2408
30,6465
95,18892
81,3148
33,620
122,4501
84,17545
52,2886
100,12763
41,2057
53,2724
381,7227
43,4818
44,1744
92,12566
96,3101
61,7586
56,9707
49,15067
50,3510
117,1179
62,3844
27,4532
56,7917
64,4086
107,2849
151,4601
109,2827
52,3319
51,2041
126,2924
121,5540
49,13342
72,2645
47,1738
50,6542
100,4212
270,3775
58,2415
274,11804
32,18215
68,9657
65,2814
96,2348
51,6441
56,2278
75,7911
56,10184
114,20367
75,2659
95,5615
86,6406
217,18086
60,8782
102,6345
42,3592
38,13736
47,5012
49,1273
44,6121
122,5994
61,2307
82,7514
63,6611
47,5276
51,2439
71,9232
57,3509
47,8347
86,12003
114,3755
153,3089
72,6101
51,2298
87,7731
60,5205
119,13265
144,16604
32,5324
69,6457
119,4345
32,2237
118,2383
64,5584
83,10727
60,11122
264,2492
78,2401
71,9364
69,3898
53,5566
14,1804
119,7405
37,3295
38,2644
132,6070
34,12237
59,2107
54,14963
97,8916
64,3025
99,4696
49,8492
19,4977
45,3497
141,4781
109,7072
115,1814
128,12156
64,9773
88,8214
61,2777
95,7007
46,3190
106,1352
120,2881
60,1307
158,6240
256,3652
57,4079
42,3151
65,3459
51,5106
83,10974
55,3637
42,1983
100,8378
93,7275
174,14521
48,2709
126,1617
114,3469
91,2692
54,10384
34,1743
42,3908
125,7803
91,8988
85,1753
92,19806
62,1357
38,4754
63,6905
49,8174
40,6861
88,3515
74,4473
54,2875
128,14387
96,1751
59,11066
54,14411
36,1666
115,4672
94,10103
119,7651
45,4971
232,5102
192,15887
57,12747
60,5352
54,2700
47,4861
123,5228
65,13428
61,2328
62,2856
61,3066
110,2622
53,3125
35,3202
96,4920
36,2530
44,2443
49,1259
134,11127
72,1408
80,4732
88,15118
38,6785
99,5518
104,2889
74,2865
42,2208
53,18785
53,10643
30,15056
34,1930
96,1845
82,2583
93,7395
52,5103
45,1760
131,4348
56,7780
75,1839
92,4027
119,11178
80,3771
132,1792
64,6361
170,3724
81,4632
56,7916
49,5012
54,7049
124,7955
29,13801
77,11121
29,2752
46,1459
42,2160
156,9283
375,12151
149,11755
29,10282
99,5200
85,4217
95,11146
79,7657
79,5902
86,6338
57,3540
109,9509
65,6874
133,3405
69,6642
79,8835
62,7887
35,7038
57,4917
44,11584
92,6063
80,4335
196,7305
50,3212
89,12322
92,6566
68,7220
99,4571
68,13128
105,3119
169,7317
121,3267
46,3656
83,4660
89,3845
161,17658
71,1572
118,1503
62,978
90,12759
140,3259
105,3502
46,3711
127,9834
70,4424
170,5650
45,2014
65,7188
31,1776
91,5338
53,19450
61,4058
67,12838
55,6062
60,4025
112,17790
57,5589
136,2540
103,3465
101,1441
28,1298
44,6526
60,9544
71,4712
132,2833
52,6029
49,1104
65,5369
87,20606
24,1741
67,9224
89,14226
152,16677
116,3515
92,10597
54,4814
304,9506
68,3818
87,13377
145,20404
79,14430
29,950
73,16800
53,2698
137,4735
74,4125
23,5350
63,20520
48,2634
82,16482
79,5390
72,5562
31,5845
68,11175
99,17585
50,4908
88,8716
108,1893
90,5833
58,6833
109,17693
159,6770
48,6141
110,19873
76,6678
70,5478
60,9942
122,8870
40,4247
45,2160
63,5224
108,2762
43,3878
35,6260
81,3589
77,7464
37,13330
57,2492
113,16603
41,3416
82,6653
32,5568
72,17208
52,13482
59,10958
70,11607
63,2851
106,5953
98,14518
35,5095
91,6631
81,4227
157,2520
65,2707
46,22282
71,8607
85,7495
70,9764
50,3429
56,1825
72,13876
186,7009
82,4242
69,4303
66,5310
55,5735
83,2100
35,8969
67,8812
76,5200
160,20635
84,2506
102,2394
95,5218
68,18415
69,14979
39,3570
103,4280
85,7199
41,5486
26,6722
44,9758
136,4387
182,15672
149,3641
93,4333
78,5397
87,5672
49,2895
83,2982
61,8100
48,9335
65,3069
193,7918
72,2844
58,11991
59,2762
98,2053
89,17102
176,15896
80,9236
37,1441
64,9896
43,4392
66,1129
36,1089
118,3548
201,9449
30,8378
82,1398
82,6956
132,4704
69,1903
121,11283
67,5860
32,2570
56,10763
94,5139
52,9662
34,2013
72,1998
75,8380
179,7251
56,10300
82,2922
73,6333
70,7881
44,1232
72,6825
77,6920
30,1489
81,18365
104,12148
175,4727
81,4114
57,1661
49,3000
109,1455
55,10927
67,7249
34,7345
72,3065
37,1832
35,4809
72,8467
84,2486
84,17251
76,4775
121,3054
145,10243
58,7557
96,11029
62,5895
46,3255
90,5307
40,7983
91,4094
61,11090
119,9964
38,1854
56,4937
144,4206
49,8119
29,2227
51,4181
38,7691
68,1567
85,3334
105,3869
91,1258
40,6153
56,10879
94,2370
73,2278
70,1834
136,5105
53,4352
225,3409
23,6469
48,4235
31,4463
73,9460
39,2582
72,3480
58,11018
110,1531
69,2359
52,4079
66,2899
57,7604
123,4197
103,7081
41,2962
20,2078
74,8999
29,3215
47,12930
68,5458
90,5501
72,5344
40,1524
67,1163
27,3223
36,2552
46,5650
38,6649
15,8199
25,8745
89,5129
60,3795
104,11020
110,814
75,6446
59,2820
127,1204
99,5251
69,4548
36,2656
120,4552
62,2560
73,11523
257,11742
87,14296
94,5260
93,3719
105,10548
58,5891
92,9748
41,2938
26,3325
105,13991
106,2213
45,5343
70,18235
28,2371
115,4881
75,4184
185,7082
152,6113
36,3836
69,7603
60,3717
48,6743
24,1596
41,1228
45,13304
48,2364
40,5138
44,1588
19,3762
63,5969
356,7161
93,11260
131,8469
57,4539
55,12061
93,12129
64,2883
37,2183
77,912
75,5345
48,4114
46,1627
56,9421
91,2001
55,4933
49,3116
31,14070
63,13273
43,3972
151,14279
81,5046
60,2144
51,9580
75,1390
35,6578
79,3349
76,8049
125,4284
54,11269
105,6879
117,5441
107,5741
38,2500
57,11569
90,3640
40,764
124,2539
83,2748
68,19873
55,4400
87,4038
39,5221
39,4767
67,7249
70,2558
77,19697
49,2123
58,3669
84,5209
43,2006
29,4051
35,7132
42,2706
83,15082
72,10678
63,4919
163,6772
152,4892
55,10668
67,10605
72,4300
30,3611
59,18177
71,10172
20,1742
39,6213
87,5234
60,2394
38,5307
74,6004
89,3577
95,14375
36,3658
93,2717
75,11409
67,8999
43,5896
68,10651
45,3022
227,7316
36,6389
141,2654
102,3736
37,1368
64,4077
50,5090
70,12220
97,2419
74,6851
54,2719
27,4484
148,2130
45,2198
53,3068
112,11169
71,4556
64,1891
73,10674
57,2017
48,12041
40,4530
90,2083
69,2897
24,1771
65,3843
84,4553
23,6319
47,1722
59,4828
51,5466
73,7984
26,3477
119,1130
23,1292
92,10541
69,5596
75,10818
22,8121
87,2630
47,3891
51,3323
36,3698
43,1041
64,2273
94,7680
74,4464
122,3611
109,6339
97,5332
76,1765
48,2431
47,6348
38,1787
92,3263
85,7088
65,3629
57,1842
77,12140
78,1139
124,5006
153,4239
82,726
55,8019
101,4401
72,3116
64,9283
36,4062
101,11949
37,11477
46,8573
62,2593
84,17171
16,2044
81,10589
282,3495
46,2651
93,9889
51,1710
206,10007
249,12841
57,9768
38,3036
93,17275
61,4106
105,15328
79,6920
204,12481
96,12620
33,2181
52,10176
127,9909
63,4585
79,17330
103,1287
86,5469
69,2516
138,3641
74,1031
104,1574
84,3716
206,5354
52,3792
72,6533
45,3289
61,11021
41,5902
61,8087
129,11000
81,5580
119,4609
106,964
158,11645
93,6019
42,13894
219,2440
89,3900
89,4168
113,10364
226,18191
55,1774
35,16252
60,21691
75,6645
186,11476
102,2812
57,3552
68,16662
31,4528
54,3380
75,3850
57,4494
57,6936
55,4973
42,705
71,4325
82,3807
118,6145
73,5153
84,4995
49,1615
47,1463
34,16401
131,3677
38,4650
23,3968
370,5348
46,3713
64,3219
66,11570
70,2408
78,1166
69,4366
318,4361
169,12075
45,8917
90,10425
39,3279
40,4905
76,2030
77,7360
69,6300
60,5230
74,2651
50,2984
86,2655
72,6382
66,2159
25,965
68,3801
82,5055
77,2760
98,4789
83,12273
29,4324
182,5040
49,1483
134,11888
224,7589
85,2163
80,8810
20,5438
24,1636
94,16395
74,8637
44,1287
179,5008
27,2415
106,10257
47,4966
73,12754
60,13156
70,3326
83,8091
82,8637
117,3253
70,8295
134,6376
101,5808
90,12884
57,10151
146,16864
130,5750
105,973
174,3821
98,3031
148,4403
98,11635
124,6879
34,3021
67,1774
57,2066
52,9904
66,4597
67,4670
101,7125
82,1019
49,7179
204,7160
80,3867
66,3541
120,4208
106,3067
113,4992
30,3830
123,9842
67,4601
145,1308
86,3065
81,5463
153,14735
106,14962
21,5233
132,14244
62,1469
100,3383
83,2430
71,10589
120,4134
82,9703
17,7709
30,4394
43,3074
60,9271
47,1464
42,8006
45,2177
37,6925
66,4590
88,6869
102,2913
34,1473
67,7235
46,6034
118,6382
247,6740
44,3846
53,10355
146,2039
68,1357
37,4016
115,8870
38,1602
43,6210
119,2720
41,3136
55,2418
143,4591
300,2210
77,6333
113,12726
320,6510
51,2327
78,5044
51,2469
127,5918
48,8783
97,2464
23,3024
72,2801
92,4378
67,2472
78,1206
89,10485
61,4514
78,13975
44,5809
164,10808
84,16453
48,2515
144,8171
108,17728
80,2898
32,3816
45,15213
140,3283
94,1879
17,2930
123,11686
73,16206
70,1991
26,8085
54,5720
44,6635
113,11252
59,5185
48,3842
49,4719
23,5204
68,2807
43,2769
39,7378
65,2089
123,3898
134,1506
69,8748
46,695
148,2691
73,16074
280,16289
39,11825
35,3113
131,6367
58,4775
38,10206
55,1386
19,1219
92,3016
99,18107
71,6250
44,3384
97,3305
146,5552
69,7701
65,2732
70,4594
81,1895
52,5985
86,5167
86,11506
136,3509
16,1834
70,3087
346,5840
59,19807
52,5312
54,6474
102,7556
51,7752
51,5969
79,4798
117,17791
38,10297
93,5331
38,8421
80,3814
77,1568
124,9216
65,6086
112,3948
78,1707
112,12633
44,6924
71,9087
128,1820
44,4993
112,2026
59,8832
127,6277
132,3922
62,9804
69,12260
50,1117
27,2285
35,1992
131,4154
52,7619
97,18694
87,1276
48,7407
19,2435
21,1491
40,7967
42,2235
62,5595
108,12543
50,1733
96,3901
157,7529
98,1830
51,1575
100,9881
96,15017
122,9673
53,8170
118,2605
122,6546
62,15774
106,5848
45,10172
59,5992
90,14378
65,7924
72,1780
55,13885
115,2820
31,1993
62,3583
57,4254
45,8458
103,11198
65,6589
52,6665
32,3465
67,3973
85,1111
64,6243
22,6048
27,1477
286,4427
38,1285
130,9832
69,3102
81,7889
61,13555
195,8192
49,2069
67,4135
104,1688
92,15177
30,14822
73,12779
37,2119
78,3390
74,1786
82,3819
56,2296
48,6579
70,3757
226,5609
49,2933
70,1876
44,1450
59,9079
96,4323
105,1649
33,10363
76,9970
53,3141
94,5960
188,5287
176,4087
111,16663
21,5852
27,1681
151,4320
79,5167
80,10472
135,11712
44,2277
58,20792
32,4410
83,7378
118,1523
48,2487
34,4444
62,5679
101,8325
114,4821
53,15947
99,3472
93,1823
91,4569
88,3645
51,4878
26,7846
45,2375
107,5539
48,3888
31,10201
109,13431
45,1509
59,10475
75,6717
68,1857
64,3524
90,1573
69,3294
89,7295
84,6920
101,1622
113,14114
311,9025
129,2520
63,3697
72,14286
73,12051
151,17432
75,16695
42,2472
33,4926
55,4859
116,18717
75,2678
39,5520
105,2774
25,1055
181,10583
116,5681
99,6481
95,7574
69,5625
122,3186
78,5469
172,3973
57,5813
123,14969
45,1664
94,3539
69,3364
105,3823
36,1694
114,4062
59,1522
72,4775
43,2937
86,5812
57,6686
125,6470
36,2529
199,8377
45,3740
59,1201
32,3741
186,9379
40,1801
121,14746
77,3414
48,3462
110,2318
84,2033
62,4811
50,3715
59,4268
197,5080
71,3455
92,14760
136,1848
66,4297
54,2508
68,4542
51,14478
36,3522
79,6253
219,18198
131,10690
215,7973
87,4874
75,10820
84,9493
43,4549
58,4451
128,4536
74,6046
26,2657
40,4673
96,5520
51,2455
72,3627
58,8839
153,13081
143,3211
51,5488
36,1512
27,3663
77,3023
89,5071
34,1746
26,813
92,6606
47,16611
107,7990
39,3067
186,2485
70,6413
80,1517
75,3362
57,6567
70,3787
81,10128
69,909
60,8910
125,5061
46,3611
194,6104
114,14465
108,3680
107,6760
64,8488
66,2843
42,3082
28,1098
98,8925
27,5483
48,2712
92,3859
81,15305
75,9951
67,6630
44,4297
43,4195
55,4387
118,6287
57,1421
19,1871
38,4500
69,3993
66,6200
85,3426
49,2205
37,4672
49,16073
36,1291
93,2799
70,4803
34,2302
75,11565
64,7552
71,10661
28,4137
70,9189
68,7534
108,20044
136,6613
39,3903
54,3958
71,21191
73,17921
75,4407
102,4108
95,4936
53,11732
42,3445
71,2556
30,2482
16,2702
150,13183
188,7994
72,3938
102,15757
108,6450
56,4393
44,2350
56,3594
120,11057
54,1066
72,9174
26,8082
42,842
53,4833
115,12619
66,4123
106,3364
92,18120
53,8543
125,8732
121,3816
101,14853
66,1466
141,17205
44,3768
257,3361
51,1307
53,7096
109,10717
57,3292
54,6196
85,2189
54,5907
138,14702
96,5637
57,5671
26,9323
60,3078
71,4891
41,5097
126,11387
79,10639
57,14701
61,1977
50,2320
33,8874
38,1061
126,3828
152,3941
50,9970
52,3445
59,2119
84,5985
106,17584
85,10705
55,4034
64,8282
49,583
82,9518
73,1675
47,3514
28,14587
61,4533
41,5528
75,5383
75,7410
72,5826
141,2813
112,1976
56,2274
105,5866
93,19596
113,13675
68,5166
68,7543
51,7082
97,18945
56,17721
14,2012
145,3145
80,10879
180,15771
52,6355
42,5404
42,12644
173,13892
72,3896
69,5425
60,6062
49,1747
97,1006
106,2664
54,6425
102,2424
48,4527
98,4847
55,4586
46,6344
125,12479
63,2037
61,25058
43,793
225,11159
71,2074
62,2353
123,3741
87,8989
54,10707
73,2184
56,9395
45,3814
76,16291
67,6376
100,5806
118,6278
64,9819
85,11029
90,4540
75,7654
117,12520
128,7951
41,3373
91,3743
163,10586
54,3020
49,8190
45,4187
157,5809
30,3984
112,4026
134,13242
24,7847
37,4750
54,7021
58,7235
102,5446
36,5714
21,4123
47,6893
78,2670
33,7906
72,3514
251,14073
42,6490
69,5174
99,3999
49,8915
69,10474
48,1084
61,5163
158,5771
104,8318
90,5398
87,3615
101,4808
80,2387
36,7511
112,1777
47,10054
32,3674
82,4672
36,5666
70,3663
97,3956
135,6613
170,1827
110,4541
74,6889
64,8373
121,15754
34,1245
51,2902
78,16816
84,10198
62,6351
79,3515
49,9626
80,6179
94,8962
98,11223
85,5909
44,3066
140,7147
85,12794
81,4502
50,1721
118,1775
32,12485
62,10756
97,4118
56,3186
28,3232
44,13707
49,2843
109,1353
61,10479
56,2417
58,10433
54,8561
17,2712
206,7623
128,3790
66,1962
23,6556
92,8604
80,14795
70,11587
58,8112
127,7322
64,2570
179,15830
180,11228
138,6071
99,4199
152,10763
30,2360
49,4826
56,3746
69,14834
76,9877
51,643
116,4447
28,5552
197,2100
63,8364
24,9075
46,2515
164,4397
67,15600
71,2390
48,14890
100,2290
72,7883
101,4119
52,6552
83,12998
55,4277
24,5784
134,12040
78,2496
93,7300
38,2408
41,1227
100,6927
50,8345
51,7149
53,3305
61,1799
91,13860
54,1148
29,9351
61,1852
82,5494
137,2479
72,2470
87,12815
62,10474
85,14431
97,8548
49,3755
93,5224
97,8556
76,19187
108,7140
88,4405
43,1868
119,10025
60,6051
45,11427
40,4898
33,2137
108,2030
120,12631
90,12836
98,2953
32,1362
64,3529
78,1692
457,5174
117,5911
59,3196
64,13644
80,2912
72,7628
48,3079
48,2003
52,4090
67,2141
193,4643
75,3506
65,6683
22,1950
54,7175
128,8322
51,4131
84,3744
38,3105
77,4739
71,13655
130,10656
80,10184
133,12808
64,19456
110,10924
37,1740
30,1635
89,2069
98,16538
91,7833
109,13825
39,1984
25,4117
62,7040
41,4327
66,4763
96,5227
89,15218
72,14086
110,8044
164,3632
110,3805
47,4053
98,9598
79,2226
53,3643
84,16017
126,13347
36,8976
37,3264
125,4404
82,16022
23,2155
81,9299
70,3265
60,1532
38,7592
62,2583
18,1316
98,1751
51,3753
61,2086
143,7430
55,8707
80,3454
40,2941
177,2094
98,7211
85,3506
54,1659
42,4562
59,6821
113,11287
81,3536
60,1947
35,4422
117,7925
85,6550
81,3485
86,2978
53,2865
132,6889
41,3618
36,13078
35,4176
201,7537
40,3354
57,2100
58,3751
62,3385
54,17756
64,2462
32,1123
120,9337
58,2867
102,5846
57,5296
102,4583
80,7940
102,1431
85,3764
69,4043
85,12059
248,13240
76,8209
117,8165
55,9846
108,3483
60,5855
43,2736
114,6415
65,3686
67,6245
57,6796
68,9460
58,3490
93,11290
23,5709
121,5458
88,5662
125,4239
73,2286
168,4791
156,14392
93,17959
48,4686
25,5767
45,2971
111,2316
61,3621
32,11467
30,3328
137,1884
41,7028
111,6208
49,3731
50,7265
87,2093
29,1169
50,14903
48,2460
36,2437
159,3486
141,4509
54,10729
45,2712
133,4794
85,7212
58,8163
57,1118
65,2251
86,3612
180,3302
48,7078
147,10128
29,6583
74,3032
106,1570
84,7255
68,13525
61,4109
45,6305
23,6167
34,8093
80,2609
47,2468
50,1027
84,4987
47,7861
69,8319
70,2467
41,5302
47,1170
33,3041
77,2225
58,4020
84,8465
49,2357
49,1975
52,9277
48,4376
119,13406
72,5727
124,8518
36,3200
135,6738
64,3799
44,1683
38,3677
63,3890
53,12270
80,8073
67,4172
51,2282
104,12618
97,16510
43,1134
60,10253
63,7219
47,2870
52,1993
90,7324
73,2762
229,8150
89,15938
24,5204
92,1606
96,3718
52,8637
55,3080
49,2307
26,2951
69,2871
62,8984
40,1782
50,4911
69,10979
39,9982
158,13533
82,5571
40,3007
15,2143
36,3431
126,8126
56,2537
160,10324
53,3118
120,11919
112,3874
1029,4463
87,18776
126,11052
126,23644
32,10919
62,4666
111,3503
51,14994
127,10533
81,3510
98,5664
86,11340
25,2986
90,4345
31,1037
99,9815
89,7381
62,1608
142,2183
27,8456
58,2894
142,3063
51,3575
100,4933
36,1900
36,1577
57,1486
94,15172
33,8378
81,5600
212,10509
60,4937
76,4066
73,1637
103,2920
44,9255
80,6519
38,1681
46,3133
130,8635
64,7214
215,2573
123,15770
105,7400
44,3417
46,3481
24,6427
58,7802
90,5965
132,23892
63,16538
103,2976
150,18641
34,4739
89,4422
41,6694
96,15376
42,6049
119,15412
96,6483
110,5501
136,2373
70,3536
132,8344
115,10552
190,11673
60,1808
62,2737
160,15457
43,10493
78,6326
123,4926
19,5973
58,6015
37,15517
44,3869
82,12422
42,8881
82,5614
77,3622
73,2873
84,9871
67,9618
40,9977
31,4246
46,2007
128,5896
120,3646
85,4967
17,1078
90,7816
36,5681
38,2206
159,12951
77,15992
69,3300
39,4034
105,16454
93,4950
19,4559
77,7533
180,2620
46,4076
33,4815
178,3459
50,6431
39,1275
54,2953
60,3121
139,3390
57,3273
70,2771
68,10480
200,4926
118,2424
70,1775
174,5853
71,6748
76,23079
51,1958
121,9119
214,1773
27,2239
57,2257
52,15957
101,9287
91,7641
78,14399
127,6722
56,9269
38,8960
71,9888
44,2540
103,4557
87,12677
58,2537
85,3616
35,12563
61,1460
19,11884
94,19113
102,10316
44,4504
102,9442
58,2136
61,11717
76,16460
93,5692
68,1322
68,9690
37,4343
19,17849
96,11411
49,4772
62,7189
121,3224
74,4844
69,5670
143,6682
37,6676
27,5270
86,14259
45,5584
71,10465
195,2774
55,3392
42,5511
106,14480
42,6788
111,9603
76,6452
41,3655
67,19329
47,6984
58,8870
29,1874
94,13283
88,25971
56,3028
44,11102
34,3219
32,4357
14,1906
33,8080
37,2403
116,6726
89,1695
38,3146
57,5623
141,16959
65,9070
128,4531
132,15962
50,3288
37,8088
161,1368
51,13661
79,5507
90,3275
52,3609
63,2371
74,16668
45,1733
125,5530
129,6875
78,2334
61,3395
174,11651
87,842
71,4013
71,2274
57,12113
113,6428
82,3291
126,7038
91,2954
60,3070
112,16722
50,6438
50,4929
76,14342
95,16898
45,3589
91,2365
46,2570
115,3348
102,5675
16,6392
187,12575
70,2378
83,8472
28,9318
62,12889
62,5575
80,9634
53,2019
86,12201
28,3535
79,7165
81,5769
72,13009
116,10413
104,3467
37,13347
55,1757
73,4520
116,2317
40,3098
76,2035
153,16942
57,998
81,12618
34,5358
168,7180
93,4563
81,4644
78,3216
71,4045
58,2585
21,4020
58,2268
47,8096
44,2145
88,12988
73,3581
63,2328
71,4305
91,3639
173,10784
136,4444
54,4682
55,1315
57,2375
93,6837
45,7493
183,8534
124,6066
138,2272
98,6055
74,5381
62,2230
95,2012
68,7494
69,6059
47,6655
85,9580
101,5263
64,5608
148,2787
52,2248
57,8832
67,14750
93,10184
84,10560
123,2483
71,21030
34,1194
52,6898
74,17017
86,5289
96,4029
38,7705
69,6091
99,8145
63,4738
69,3815
43,3404
176,3406
39,9644
31,3880
47,8242
164,6258
51,11039
88,7063
78,4171
67,9618
93,6125
23,3110
45,4839
53,8382
68,3879
52,14612
48,8519
35,6406
79,6695
135,4293
166,8501
53,6953
42,13116
87,7871
50,9580
41,5038
35,2543
66,1460
39,5016
87,6700
52,13695
46,6251
55,3540
80,1308
120,6888
168,1200
71,3710
69,1139
50,4194
48,1178
65,7847
54,5084
122,7979
89,4579
45,4695
99,6118
54,5945
55,1965
117,11959
160,18665
39,1310
34,3514
43,4351
119,15346
48,8116
64,2125
133,7452
37,2492
106,1816
93,12743
45,3202
26,3948
106,844
198,8030
51,2957
53,8266
85,2999
27,12403
56,6278
81,15325
106,5040
37,2143
65,4138
39,5029
61,5817
62,5530
39,12463
150,2689
24,12261
72,5832
118,6320
83,12720
57,13318
80,10049
27,8240
93,20601
40,3360
43,6884
95,10450
49,1462
131,6101
162,3615
91,21769
37,12376
48,6094
199,4979
25,3288
62,4225
62,6830
35,5270
181,3624
45,8452
38,1223
76,7174
128,18742
142,10010
40,2444
57,22485
60,8245
61,1364
45,8608
67,5501
67,15094
53,2477
42,2278
34,14550
105,10361
105,3335
47,6049
111,7530
56,4746
54,7789
57,2161
416,5144
62,3999
131,10516
74,5626
59,7707
70,5433
75,4366
83,13206
58,15787
110,2424
83,6206
83,15033
70,6346
45,3051
48,4982
153,4387
51,4761
178,14535
101,9136
59,7335
45,7953
41,4637
93,4243
36,6529
57,3685
41,3186
76,4434
39,3196
51,2936
113,4181
35,2127
32,4473
85,2927
48,862
27,5192
56,2465
112,9370
94,2228
86,6546
45,17493
53,2178
94,1705
129,7177
68,2891
74,15818
115,11136
70,11284
97,15570
87,15788
61,5069
44,5122
46,7212
18,1941
31,4949
74,3426
113,8173
107,8205
54,6232
22,15195
105,9479
74,7710
154,10502
73,4591
136,5144
128,6867
46,5768
76,7152
59,8645
75,9978
91,6990
137,11392
65,9360
24,4467
39,4063
135,9139
56,3650
51,7643
68,1748
40,12309
94,4812
58,2711
34,5710
95,3639
154,13229
72,13019
48,6316
55,3155
31,2505
45,5583
197,8328
119,1932
115,4363
38,2819
67,2857
81,6050
80,8048
59,7293
89,1655
106,15758
57,7883
38,2010
157,12397
58,9724
74,1758
63,9291
54,1295
193,4234
111,13284
56,2405
60,6425
65,4634
59,10157
54,7393
119,2688
86,8484
192,2530
69,1363
160,2772
63,5611
55,8806
37,5125
132,5947
121,14337
75,5922
119,1549
88,20668
65,4946
42,2442
36,1912
56,10176
105,15067
53,2004
101,13048
34,4440
119,11012
70,7180
59,2121
63,3504
79,7047
85,2322
41,4236
64,3196
51,10721
66,8433
50,10239
76,9980
79,4503
82,6839
59,3160
43,4896
83,5896
49,1765
64,2119
65,2354
55,1995
47,6855
50,9768
44,3438
91,6101
73,11299
78,18183
130,4644
152,12867
103,3792
82,1909
92,4542
38,1656
38,12625
115,5053
53,1962
45,12916
60,7198
84,5817
56,1595
55,2419
65,5599
33,7894
100,18230
67,2713
70,1913
68,16770
107,6499
62,10832
103,3346
120,4719
18,2676
97,11901
63,4806
72,2425
47,3570
65,3205
101,12472
76,11028
27,9259
107,15523
107,3148
29,3340
123,7575
17,15958
30,4089
88,1851
73,2464
37,9946
124,24651
51,1322
116,8671
43,8008
115,3016
63,8615
87,3484
60,6569
80,14007
265,4528
91,7511
62,13582
38,11344
65,4215
39,5737
65,5765
47,5039
88,9315
135,2379
81,2945
45,2904
42,2796
109,5209
57,3714
39,4747
75,3844
53,2388
114,4931
42,4555
48,5451
82,2395
55,5476
120,4722
48,2531
89,10435
48,4553
74,6959
77,5391
112,11397
54,3742
103,16715
23,1635
258,19224
68,10796
86,8126
71,6151
65,8027
97,7226
46,1509
29,14713
100,3163
94,1570
89,12827
78,2405
105,4887
62,2655
79,4754
114,2287
64,4321
34,6889
48,5391
45,1072
59,1348
81,9611
94,16376
90,4656
61,7912
121,7080
95,5420
32,2325
459,8738
330,2559
63,4509
43,8558
21,2569
83,7979
57,10522
70,3367
59,4991
63,2113
81,3236
20,3519
47,1292
100,10535
84,7494
83,11349
217,7658
58,13549
45,6602
46,4318
53,4747
138,4286
46,3812
67,6875
39,7655
151,4193
60,10179
96,7595
71,4274
70,8794
119,3933
43,10360
79,24038
34,5061
52,1722
73,3898
64,6943
58,10838
69,948
46,1021
144,6037
86,12919
26,2241
75,10194
71,6034
60,6143
59,4718
84,7196
59,2990
126,8464
147,6089
86,2096
114,8556
135,7880
38,4566
64,3622
135,9064
57,10463
82,5216
122,9092
54,3295
122,3956
140,10412
33,1294
27,2997
252,13571
34,9440
123,8714
70,5909
53,12939
99,3299
65,7115
193,13056
63,4253
82,3989
87,2539
95,12012
42,3858
47,4242
56,723
72,8702
37,3771
47,2475
88,2427
38,5978
63,7256
73,2562
62,7827
103,14474
64,4474
201,16382
141,8972
75,4584
113,9468
121,2756
51,2473
37,7401
63,6123
54,1632
81,5454
49,3214
68,3202
36,3163
98,13962
105,2278
37,6186
141,11785
128,13388
83,10791
84,19507
62,10346
84,18019
94,8827
53,4789
101,3231
151,10256
77,3201
72,8969
119,11055
49,4982
33,2858
59,12376
31,4730
128,17530
25,1743
134,7870
68,3461
120,17449
136,13473
108,2870
105,17580
34,13199
89,4550
79,1457
63,4758
40,1160
82,4393
29,8028
216,11341
85,4207
102,9450
47,2449
29,9579
110,13545
134,4001
79,4910
71,4848
117,6314
95,2345
85,4196
90,6910
100,12037
47,5944
86,7651
60,5172
40,2033
51,8370
133,5668
67,2061
181,3586
97,2652
39,6000
44,9164
82,9118
73,921
85,12081
94,5857
737,6394
127,3931
52,2688
98,1723
41,4313
60,3867
94,8918
42,4985
140,12098
106,5535
17,1610
81,14027
27,2028
41,719
92,2268
180,5610
90,1338
100,8157
61,10814
67,3489
46,12493
88,3970
48,3708
75,3859
109,13400
93,16888
35,5840
81,10622
46,2660
40,3566
82,1230
63,1307
76,8626
201,4806
96,13494
77,8162
125,14256
45,9198
55,9492
72,4522
143,11847
67,11774
141,4685
66,9445
86,5400
81,3396
50,1768
77,4761
30,6615
88,7534
109,14474
45,1067
58,1658
51,1489
63,14456
59,14749
46,4700
116,8105
31,2776
120,7059
71,6453
118,3988
104,9604
56,4209
80,8427
101,15505
85,3250
49,2598
125,1172
49,1322
125,16359
72,13109
123,4501
25,2792
40,3539
136,6407
80,2858
80,2892
35,1722
81,2383
54,5632
59,3525
41,3470
33,5241
98,3196
163,1888
33,2420
89,13282
105,3999
82,8234
52,2006
89,5092
35,4195
141,13695
42,1796
70,7530
81,3427
99,5500
72,2724
52,2413
350,4724
83,15414
87,4443
83,8209
155,5273
179,4341
124,9717
58,2461
39,5371
67,1875
49,6255
116,6486
113,15055
71,3858
150,5724
85,8772
83,1920
35,3640
49,5106
35,4120
50,1094
62,6432
70,7807
83,5992
24,9903
83,4726
68,6787
44,3269
63,3933
42,1590
84,6651
43,13098
62,4313
90,3727
309,2448
111,3055
104,17770
90,4338
58,6526
67,3580
85,6281
46,4886
56,2863
29,2344
104,5957
41,9020
112,1645
83,6140
50,14579
21,4741
94,5287
68,1640
92,2510
86,9394
121,5701
129,2368
95,2163
82,1902
48,10841
133,2492
119,5759
61,4322
40,8990
72,5401
61,13021
34,2540
74,8622
105,5198
156,8313
90,16715
82,2151
133,1583
81,8754
54,5410
92,15784
54,3132
17,4654
46,7042
40,9175
84,10901
21,2231
55,3682
397,4197
123,9870
105,14510
56,2875
98,3157
59,2235
68,2023
105,7390
102,9972
79,6773
57,3806
84,7558
79,2885
66,14897
112,10277
42,2554
156,3691
57,8239
35,1184
34,3018
85,9929
67,6392
71,4269
43,2313
63,4613
65,2163
95,4298
64,5702
129,15242
42,7247
46,5323
144,3491
449,4125
34,6286
70,2622
110,7155
46,6800
173,10849
193,10873
121,5479
96,10087
97,10532
110,9745
45,1640
146,15935
96,11820
106,4603
77,9121
63,3287
35,12497
76,4316
102,3752
89,2865
110,11168
68,781
36,5611
60,5208
153,3420
275,19630
69,1120
73,3115
121,1492
87,3321
88,1514
52,6474
30,4669
65,1810
87,4427
273,7199
64,5436
160,2078
48,1320
75,1435
87,4281
39,1076
96,10226
87,2209
130,6735
40,2606
90,3431
86,18489
102,2991
140,8423
47,1266
50,3327
24,4496
81,10055
62,7542
55,10574
55,4384
198,19424
37,3535
39,5678
45,9313
97,16626
70,11045
133,2302
76,5760
131,8200
149,1848
87,13051
47,12397
49,6641
79,2091
41,6302
56,1444
40,3142
43,1841
67,3299
87,5050
98,15493
64,8927
36,13013
35,4765
97,3054
74,3456
73,8041
41,12844
76,3596
85,15558
45,18898
73,16808
85,7690
64,2299
184,6331
59,3700
59,13300
83,9332
101,10043
51,3438
45,1353
172,10102
38,3304
147,16600
126,4455
41,3962
85,10287
71,3304
186,5708
79,5289
42,10174
178,10057
116,10068
56,3363
100,5969
26,3447
44,4333
61,4370
92,2394
30,2345
52,12043
80,3242
48,1965
53,3147
94,4438
43,2074
59,7285
47,6289
92,3251
105,1076
145,9277
47,4501
47,2669
77,2530
76,1811
101,7722
185,2350
95,15942
90,2843
83,8800
55,3039
84,7554
77,1811
32,18272
44,10483
46,6555
70,10706
113,11570
87,1902
118,3876
133,16625
87,2482
47,11699
121,3416
37,2918
60,1888
103,5746
104,4849
56,12693
118,2738
69,4282
95,4478
35,7930
87,11899
27,7363
113,5816
48,4352
93,10521
72,10189
61,15196
48,3861
119,3748
30,6636
18,3292
60,2938
88,4924
92,7400
45,875
87,3623
122,7982
71,4124
34,1817
64,6020
25,1237
63,6157
47,2230
128,7246
46,10655
107,1360
50,976
32,7576
59,4256
50,4660
93,15106
28,3740
30,3102
150,19578
99,1793
46,5723
116,2190
68,4236
37,9249
99,3697
71,2095
55,7129
126,4795
139,3469
91,8606
77,7547
52,6424
34,2309
193,2260
36,2469
33,990
463,4987
31,3774
41,3118
117,21328
57,827
54,10221
128,9689
179,5241
47,567
108,14678
80,11892
59,3234
66,7945
98,7306
127,2190
201,4979
93,8726
130,8090
53,1359
43,13830
72,2886
105,8334
48,7196
73,7436
68,5781
126,11057
38,1423
83,2212
59,2564
23,3733
87,7831
93,6613
142,10251
82,6779
80,15326
26,3751
166,9858
51,14638
29,3308
189,5145
67,4189
38,8139
112,7644
164,16052
37,6534
117,1969
192,9100
38,2186
54,15870
227,6432
71,18942
71,2717
79,2075
93,3821
21,6579
148,3686
35,5789
56,16803
76,5027
102,4518
80,1303
38,1994
55,8496
36,5214
56,14916
114,4498
52,3218
69,9245
171,4173
95,5565
62,2709
31,2622
106,6112
169,8756
71,7830
89,9088
77,10704
45,3585
79,15405
37,4148
67,3854
50,5175
147,4697
108,4173
120,3820
144,7741
132,7265
83,1918
111,2452
61,3122
178,7142
65,11029
48,3976
75,8027
33,6801
34,2045
50,4293
58,3258
130,1970
23,2542
55,5197
135,14632
44,12124
65,1170
47,1966
72,2645
56,1791
76,1941
71,2428
77,3962
68,7097
114,2746
84,8713
54,1726
21,5650
63,7252
24,2393
89,2351
105,3267
47,10306
68,17802
29,8861
38,2045
151,15878
54,5415
72,9087
49,3966
38,3220
114,10148
66,2437
54,17674
69,3650
125,12732
92,2898
51,11176
57,16387
57,14716
46,4317
49,719
45,7109
52,13594
49,11080
42,4848
151,1397
61,2849
53,6410
44,2586
50,4840
80,7235
84,11416
109,13891
66,1385
75,6385
69,2459
26,1408
69,4923
53,7317
102,2914
90,6337
129,4629
53,10507
77,3645
59,4139
31,9560
160,7649
94,19419
52,7433
58,11149
66,5031
103,10238
108,9014
86,6326
54,2795
103,9539
56,2099
104,8453
32,2099
108,1216
73,3284
86,5960
20,8024
73,2792
54,5856
56,4031
30,4186
101,15933
44,9165
102,2613
102,2673
38,1395
57,4048
38,10863
48,2535
87,3397
107,3572
108,7921
88,3002
221,3765
158,5154
36,1568
64,2337
86,2204
72,2316
65,4410
62,1795
77,16680
92,2531
65,2401
70,2990
57,9818
40,3674
161,4277
108,13341
154,2956
84,1981
85,13326
77,4591
92,17356
61,6492
72,4170
90,4117
83,2442
101,1385
43,6547
31,2785
206,2140
64,2242
106,8962
52,9631
162,8401
157,11559
67,2896
61,13677
64,9107
40,2513
91,2358
145,3388
136,14700
88,1697
102,9278
192,6266
56,12613
75,14527
68,10663
60,5690
61,4682
62,2971
62,1420
139,4075
63,7628
72,3554
72,2347
23,1353
73,4073
55,3662
73,1477
48,9232
115,2301
62,4688
49,5762
93,4712
48,2328
78,5289
59,7884
92,15494
68,1009
60,13490
33,2591
165,4427
61,8129
61,7555
137,3011
64,2314
44,13759
74,10651
82,8842
53,4552
88,3393
86,6351
59,6435
124,7769
94,4348
37,4736
63,2969
60,6395
34,4110
45,12587
49,932
40,713
109,3155
61,1647
129,23622
89,14539
39,7235
25,1589
40,1386
148,8167
56,3345
79,3294
31,7212
83,3821
102,4951
45,4562
78,1221
84,20454
91,9332
60,12130
32,1785
61,1967
92,4343
85,2881
82,15921
63,6410
49,1940
63,2523
104,18347
138,10016
60,1989
264,6817
54,6353
102,14702
56,1803
77,3772
51,3605
101,14061
85,6176
55,4092
78,3360
31,5752
88,8891
55,7386
85,8539
76,3480
47,5483
169,5763
69,2247
58,3574
25,1337
66,3420
39,1826
90,11265
66,4416
61,11512
134,6709
93,18039
139,8728
141,5415
54,3691
64,7071
44,8891
86,6402
91,5917
50,13954
51,3644
57,2009
82,4212
59,13738
80,1347
115,3986
146,13592
70,2141
87,7856
128,8961
63,6869
102,10651
120,12941
108,4189
100,1815
81,5509
56,2587
33,4545
59,8708
70,2757
62,12968
57,8258
31,7211
74,10521
30,2300
36,10499
42,5342
32,5720
198,18360
49,4677
116,7730
91,5398
83,16769
65,2028
129,4604
76,4968
58,6882
57,4423
94,4217
54,3664
85,12634
82,1927
36,6705
123,12196
95,4729
32,6182
73,6424
79,14086
72,4327
41,8896
174,6389
45,6342
92,9195
53,4266
68,1527
180,6353
84,6347
69,9381
51,7417
68,7154
82,5436
159,3160
61,9889
66,9403
38,1424
122,5033
28,11112
41,4133
26,2218
114,5070
68,1623
211,7757
73,8068
17,2696
103,4852
37,4212
82,12393
50,6388
50,1929
30,1214
26,3567
68,2880
64,14044
47,2067
72,18179
69,4910
23,2962
33,4015
48,3164
238,6699
432,3771
31,2614
159,1998
34,6788
89,12745
66,2040
60,7730
35,1286
107,3019
33,2680
70,3922
19,6933
63,5877
74,10878
24,3632
22,4602
157,4710
143,4435
95,3563
115,4097
105,12772
82,8119
88,5608
57,7148
52,1991
91,7496
50,1301
74,13507
84,10270
87,10547
65,18312
64,10416
90,3414
145,9956
147,1409
103,6418
23,1464
82,5784
23,2453
29,8861
55,5890
69,3858
61,2336
83,4935
67,6078
61,15692
82,3027
51,2998
66,12174
133,4628
110,12743
99,1329
107,8365
46,6625
42,6350
72,1722
81,3108
80,6689
63,1751
49,7825
66,8739
49,4942
37,3209
37,6133
53,16371
114,13305
85,1602
128,9621
62,12567
20,6123
57,4051
82,3887
66,3487
115,3484
102,4542
49,4337
85,14633
76,14895
75,6080
95,7068
50,3806
33,1909
82,4967
151,18884
34,8177
47,4979
74,10671
108,1278
110,13085
48,7046
123,2796
59,1467
48,6088
33,3091
44,1622
77,5256
93,7392
29,5286
194,19565
47,10688
77,8626
140,10473
109,9667
62,4846
82,9568
79,5884
79,2458
109,15390
68,1691
77,9781
58,15613
83,4840
111,14615
64,5374
107,13740
57,1671
39,13497
103,3594
50,2344
100,2482
95,11557
81,5305
64,4490
25,1930
134,6790
28,6696
69,4139
95,5230
89,6768
47,4830
66,4463
52,16908
30,5519
47,4387
89,3399
50,1404
33,11508
33,2705
54,14808
36,3710
56,2551
44,974
106,13039
43,4761
69,5804
45,9212
59,4797
139,15371
77,16986
101,4690
95,11436
65,2912
71,4546
70,1260
26,2714
139,6822
90,5500
34,965
91,6034
73,3306
94,4693
115,3487
29,6720
45,7710
91,1694
59,14408
60,9400
97,5921
118,20063
65,1019
60,2917
32,6062
129,5772
79,5468
76,16913
45,695
59,8924
57,8346
140,15633
131,12433
104,3434
41,13186
49,2017
221,2082
32,3363
25,6807
44,1184
75,13367
24,2903
108,10432
81,4744
196,8706
97,1455
69,6714
65,8081
134,2042
64,12980
37,4455
60,3154
80,1859
193,6093
49,2755
44,3142
54,6722
35,7512
44,3601
69,15322
82,14864
54,2796
73,13885
43,2216
103,4496
68,8116
81,5639
174,12226
71,1994
34,2844
44,2845
49,1643
50,9352
149,6661
118,12703
64,19446
81,4822
88,6488
62,5705
80,5653
71,3117
92,10481
60,4087
98,3101
90,6652
79,6438
127,10026
41,4446
196,17508
89,1406
64,3056
100,2136
170,13680
33,6091
42,2538
126,7094
218,5057
135,6983
49,3430
46,17402
50,17082
64,7125
58,6827
129,6663
215,5268
104,15669
69,5437
34,8672
131,5555
37,3448
53,6366
39,5083
97,5313
100,6655
261,1594
118,10547
83,3514
35,5231
62,2788
38,11623
51,10636
42,2241
48,7085
85,9519
48,4119
97,1825
74,9384
17,2004
83,11411
37,4568
55,5661
148,8142
50,16355
92,4318
51,10764
58,5789
101,5959
42,4723
70,5834
102,14850
68,8782
141,17359
69,2195
47,14015
72,2797
67,3341
36,15404
85,1578
116,9128
84,2227
82,13417
41,1543
105,5808
111,3009
85,6537
56,3316
16,2558
112,7852
60,12443
65,6187
62,4386
86,3677
78,10782
71,5406
59,8685
90,1997
123,2678
93,1519
24,2535
83,2128
44,974
72,5412
101,7540
50,7429
49,7469
117,2367
57,5659
65,1102
69,1800
58,1352
110,7784
28,3718
103,2923
60,1155
88,1964
132,13316
54,10849
83,5435
38,6974
117,2899
77,8164
56,8464
95,10997
47,5623
108,3983
93,8320
46,3050
60,2411
48,2242
99,5140
67,1683
35,5443
95,4320
70,21248
56,5011
78,3365
110,4083
25,3460
36,19253
68,7713
119,3436
117,4665
35,2207
92,9072
99,4420
89,5585
46,4430
78,18039
106,13670
50,2903
64,7779
152,8169
271,3797
131,6263
60,9525
34,1612
122,12734
40,2207
107,4177
49,1785
95,3615
115,14976
46,2545
80,13366
33,2477
59,17180
41,3018
52,6059
103,7368
142,8555
114,11687
51,4492
123,5428
57,11965
27,3492
43,8630
79,17850
67,10309
57,14145
72,6386
22,4575
37,9041
102,8879
56,10715
93,8902
64,2940
19,1963
55,1983
47,6478
34,761
31,1733
38,3349
59,15704
51,1844
63,3228
45,10581
65,3272
41,9153
26,2897
52,1818
183,13063
32,4007
62,3905
67,7928
153,13304
76,14016
132,11579
38,3824
91,13991
216,4118
101,3077
31,2315
118,3456
55,2473
67,2251
87,11371
96,3775
87,3821
148,4576
91,8469
86,2338
79,2833
252,4766
90,9639
134,3805
64,11166
84,1129
120,975
45,1432
116,13090
36,4027
43,4718
71,11778
138,7908
82,11256
70,12547
50,12404
71,11984
49,2155
155,12627
121,6535
80,3550
69,740
26,4322
89,2016
54,4331
49,4288
148,22183
89,6359
26,1419
69,4747
106,2377
13,2138
42,1467
60,6464
78,14043
219,13259
84,3714
76,3895
133,4274
59,10149
29,2439
41,5309
75,5438
107,3777
67,7435
180,12500
43,5302
90,9373
106,4545
98,3706
82,3519
46,804
59,4862
154,6048
82,789
57,7260
75,16878
139,2447
68,2953
38,3788
66,9261
54,2060
52,9643
81,7773
136,4404
215,12491
79,6682
72,15213
135,2108
20,2921
152,2466
42,3761
23,7864
92,5476
30,3918
98,19790
77,7795
95,8441
35,2092
56,6294
47,3338
67,2976
43,1058
29,6882
115,4082
39,4759
59,4448
48,4889
74,8085
20,8129
95,16897
17,3818
40,5305
83,2170
49,6849
38,1083
141,11465
78,14831
84,4651
63,2146
85,4017
53,3489
59,9149
36,3166
70,2638
33,5839
45,6366
75,16740
108,6400
94,2798
53,13836
144,2919
163,4132
39,2782
64,10983
65,12242
86,9303
152,2741
117,6403
65,3070
69,3468
62,5027
83,3086
44,2998
65,4410
29,5351
87,16934
34,6393
47,10734
89,1516
83,18611
71,4192
53,5908
43,6733
59,5591
190,3165
164,7930
23,1869
61,6467
130,2446
64,8123
48,7940
77,3188
76,2043
94,3325
38,5927
87,2612
86,7417
53,4842
81,12142
138,9613
36,4156
67,1509
40,4894
139,16066
77,3453
81,2106
55,967
88,3320
54,3673
52,3870
26,1771
56,2212
79,3929
41,7024
56,7535
74,6470
247,5625
62,2100
25,8413
180,3316
116,13172
127,4604
55,21933
494,1678
60,4535
18,1897
95,2991
44,15630
71,3546
65,1162
32,3335
83,18938
28,2758
74,5262
43,7556
34,2093
101,16503
125,1387
29,1953
77,14365
72,6011
94,10817
71,6611
51,4103
54,1578
113,3607
22,3680
111,4827
17,6914
34,834
102,2219
64,4882
99,6444
103,1888
109,14359
60,16640
19,4333
35,8557
169,5775
40,3233
66,12941
83,16601
82,4344
48,2412
119,13842
130,3613
99,6665
85,1570
62,1938
118,7022
68,10855
50,10594
114,4798
89,1808
57,5925
32,2225
87,2658
60,7988
42,1167
67,7545
79,4525
61,9680
43,16544
88,2974
70,25107
77,1215
91,3216
55,12929
83,12601
71,1031
75,6185
99,2492
49,1857
96,16170
62,6385
58,6207
75,3075
61,2882
52,8281
59,5702
53,7774
44,2940
97,14957
54,3070
151,7575
25,5666
80,2894
87,2843
73,3320
72,5273
29,2280
171,14560
72,8616
47,2638
91,3744
115,4950
48,4382
177,13700
725,15410
55,7040
42,1107
88,4946
78,2670
46,771
62,10319
194,14633
56,1818
27,7125
33,1552
73,5973
43,5928
100,2159
129,7142
37,1808
83,11110
96,6434
140,5137
40,2733
47,2372
48,9612
118,2977
47,3750
72,4057
73,8194
96,10568
53,5781
39,1593
70,2726
127,18238
40,4270
40,4560
95,5837
530,10618
61,7472
48,21601
61,11631
36,4572
77,7499
70,3994
86,13721
25,20719
44,1389
29,8519
49,8085
82,3003
309,2669
100,4709
75,2129
23,1937
32,4294
161,1640
48,3179
80,2788
139,2551
43,3776
84,4132
125,5074
85,6306
112,1943
43,8013
70,6492
91,3055
88,2195
76,8613
112,2223
21,7077
60,2275
99,10067
93,4193
142,3883
51,1871
128,3109
62,2268
87,2590
68,2577
82,11059
78,8146
91,5938
131,2220
70,20484
35,9829
69,3111
134,15284
60,1810
49,2286
97,4753
23,1602
39,1244
84,6054
190,3361
32,4162
81,1919
99,2351
78,12921
49,8301
91,10246
76,7573
54,810
78,2837
84,5171
84,3657
55,1577
98,14214
66,5671
41,7844
41,3327
89,12084
78,16426
110,11232
23,1850
67,3420
151,17840
20,1386
36,4174
68,8788
60,2246
66,1583
43,9679
72,7550
118,12592
83,2689
91,2615
110,3558
69,2112
45,2154
33,2314
161,15011
55,8264
87,15972
77,8619
61,8969
57,6830
63,12015
53,5350
42,7887
57,9080
93,9378
173,4895
124,5167
267,10701
123,3135
168,5936
26,2783
71,7110
60,887
93,5743
84,3222
112,5245
129,17806
183,12319
49,3753
107,10360
287,16808
73,9787
49,14279
77,9663
134,2386
37,3042
167,8322
80,9355
58,10490
70,4670
100,873
112,2452
163,5471
58,1849
54,14716
45,1080
72,6822
51,14802
151,4783
43,1176
40,5354
83,6421
27,3717
131,1717
52,2856
21,3202
28,4561
26,4649
178,3315
45,5471
59,10137
148,4773
41,2962
60,3613
265,2546
22,3659
93,9489
44,3058
223,13013
64,11852
91,5978
35,1935
138,6771
57,1964
76,2008
88,1646
53,3518
141,13520
50,1843
86,8932
87,6703
55,11983
60,14421
33,1683
55,1005
86,14246
153,19032
31,3820
74,5421
30,7889
188,4026
27,6105
129,9168
21,1889
59,1589
71,5278
134,3615
72,4219
49,3673
47,10155
111,26440
61,4775
61,10035
86,1478
49,2294
70,11929
48,2386
124,11910
78,5458
108,10996
89,4174
103,10402
33,3120
77,6840
73,8343
29,4625
37,14009
35,16091
35,11196
29,3615
36,5239
30,7812
195,11455
94,21919
43,6699
62,10287
52,1490
31,5056
72,2569
196,4044
141,16772
53,2702
110,5342
74,8003
52,13297
197,7440
137,8203
124,4681
75,1823
103,14817
47,3654
101,1575
83,1682
32,3612
42,3294
76,2139
38,2718
39,2036
97,13021
50,5091
48,6725
73,2684
52,7209
163,8548
55,13743
29,4312
93,13870
65,2243
92,10955
53,14556
136,5242
90,3198
60,13280
56,8348
68,3545
56,9886
108,4094
58,1635
82,4503
64,5331
117,2758
43,4557
47,5475
100,2876
96,12370
94,10062
152,10598
97,3824
97,2760
31,1888
121,10503
84,7362
67,12870
86,4715
53,1370
108,2778
107,8203
72,2869
29,4060
137,8202
109,2018
84,6791
85,1222
73,979
53,9072
80,7704
43,3568
111,3409
53,2442
207,15616
34,1129
54,9733
53,2399
90,5285
134,5027
89,4995
65,1296
44,11042
337,14081
97,1091
57,1217
84,9394
39,1743
118,7895
105,8071
39,1571
61,1821
114,5803
51,1961
109,3957
26,2603
70,2022
85,7002
129,8686
64,3126
116,5922
42,1478
173,12195
38,16812
94,9458
116,22114
76,3244
39,1694
108,6711
28,1071
61,3366
100,4313
96,16477
51,1409
48,13829
58,4287
49,3704
117,4911
44,3179
64,6710
171,17716
57,1312
96,1991
113,2575
82,1035
58,3709
45,4006
60,4443
99,2876
44,1954
77,6188
115,2285
141,16387
127,4607
197,20918
149,13237
42,1826
180,8106
85,2593
42,3028
67,4701
76,7598
123,4049
60,15263
45,8381
55,3937
76,2271
27,3579
37,2137
56,2327
117,864
80,16813
38,1211
65,8843
88,2664
85,15689
52,811
62,1950
141,6172
113,12844
65,5450
38,1494
115,1322
162,10396
29,6446
33,3294
46,2170
94,9885
51,2358
48,2551
100,13868
59,3373
36,4305
43,9731
26,12143
93,2714
48,876
63,2387
96,5935
77,7498
75,4595
52,4499
152,2842
54,13919
504,2614
101,6949
97,25885
59,5270
29,2686
61,4900
53,5231
42,9055
91,2325
41,6375
109,2960
62,3285
112,3734
82,1783
136,3170
95,3763
52,1430
52,5619
101,5810
57,1734
125,21827
59,5464
140,23339
28,12575
55,9823
30,9346
90,2830
79,2960
123,18310
33,10880
48,1251
38,2608
47,7696
173,5884
174,11293
41,3396
90,15680
313,11836
52,3728
67,4918
96,4396
160,4887
41,10499
22,2325
47,9104
43,1379
86,7815
48,2438
103,3332
48,2109
42,3716
71,8636
40,1973
104,5012
38,7644
52,6901
65,3274
89,4146
58,1623
75,5975
75,5135
66,8759
76,3322
66,1973
70,13915
104,11267
27,7049
264,9314
52,5774
93,3967
87,9051
83,7472
43,2645
72,5892
134,2693
84,2287
70,5206
101,2258
110,12064
69,9419
76,1409
128,11451
108,3286
35,2670
47,3299
84,13393
88,5907
22,3322
89,4383
71,5945
111,11219
32,4650
53,6298
70,2627
40,7724
95,4276
41,4202
106,2436
62,1891
51,3497
35,2282
91,7150
111,3058
130,6719
105,11415
37,3262
76,10691
81,6063
65,4557
31,2901
83,2154
18,2065
90,19446
112,15252
103,10907
65,2995
164,7083
22,2149
79,3496
73,7067
45,1479
79,10728
98,1673
145,21501
110,3012
88,18903
63,4110
40,2217
32,1804
88,2504
44,7372
93,11732
120,4371
125,12643
90,4575
67,6235
84,15078
123,14913
47,3249
55,3095
88,4610
155,3690
112,6184
34,11379
45,1478
107,3033
66,2260
75,14509
46,1697
27,1715
83,2376
44,6017
59,7146
46,4034
56,16807
65,1910
90,6552
86,8933
61,5367
59,1057
73,2670
95,3056
179,5488
92,9322
75,3689
97,8561
88,7663
49,2347
67,13945
101,1871
54,1026
54,1918
111,3162
116,2101
121,5277
146,12655
126,2466
101,17404
82,2718
85,2493
119,7581
274,7860
102,11383
68,4798
66,14737
42,4078
66,1375
90,6041
70,14475
148,12031
91,22473
110,9505
63,10160
53,6713
55,3541
54,4301
103,4391
524,5209
75,4685
24,4259
36,6560
76,3887
22,1893
65,2237
62,12791
141,14075
14,2764
80,7794
36,3937
110,3838
43,3131
80,17797
99,2287
65,3452
26,6080
56,3653
49,3490
37,6394
16,4097
40,5151
100,4883
100,11626
119,4163
97,6449
66,5325
18,4997
92,5210
67,4061
37,4136
54,17041
207,17734
63,10056
43,4559
31,4118
155,10538
161,16105
45,2886
91,1400
94,10269
63,2986
44,12304
21,2798
89,13265
68,8302
143,15297
135,3039
70,2682
116,2442
89,9169
56,6588
46,1803
29,4937
46,13081
32,3781
23,3601
21,5714
120,9265
45,5215
51,1414
131,2940
68,4596
91,8873
99,4119
114,6907
73,4540
56,5459
56,3742
35,1808
49,4721
67,6331
65,2700
58,3212
30,2859
47,7330
58,5128
75,6071
109,16538
51,1239
46,5418
44,4742
53,7232
85,2815
190,10358
75,13151
55,1690
53,1166
57,5542
71,1017
70,10288
109,13786
62,2918
84,6632
47,2340
151,12648
61,5146
82,4844
94,14693
37,3133
67,7495
77,3921
29,3869
91,5228
157,5710
76,4509
64,6504
46,3608
66,4563
62,2715
111,4319
48,6742
90,2254
37,19863
107,5337
40,1465
70,6717
80,12393
53,15801
30,3178
36,2103
92,3672
74,7048
52,11813
96,9631
69,20039
189,7077
130,22877
77,5465
66,789
38,12568
43,3836
99,3463
80,5047
117,7113
167,1781
44,4870
48,5504
66,3353
68,1712
45,6491
144,3578
68,929
105,13483
76,16145
32,9523
211,11164
58,16890
121,6801
29,13695
122,3529
57,5859
55,2214
81,1931
63,3443
40,2503
46,5517
54,12553
79,9959
88,4946
83,9074
42,2102
127,4026
115,18153
254,1383
45,4482
94,6738
101,4416
93,10946
85,2886
75,6242
61,11194
85,10566
94,16084
68,10079
44,1084
51,3243
54,9215
41,4381
119,9475
61,6449
92,507
65,6255
101,7312
56,6953
33,1745
33,8530
70,4522
63,13473
43,2300
72,3875
27,1831
37,5466
89,7653
26,2755
36,1551
43,5042
36,11477
100,17013
82,10041
73,1087
70,9025
93,10942
37,3452
53,13906
58,9390
67,6252
53,3418
85,6343
54,10640
65,20331
59,4540
61,3204
105,4145
181,6562
127,1597
75,12825
126,16533
66,6179
29,2005
57,2052
60,2505
126,13862
69,3695
106,7721
63,4011
100,3486
29,1904
52,4363
106,12281
44,2631
47,2066
68,2248
66,3595
22,4450
40,15907
50,3320
90,12916
52,2537
125,4266
54,3571
59,2329
40,8478
58,1627
144,4372
89,4424
137,10944
96,8698
40,5957
78,12069
43,12171
41,2390
93,867
123,10227
116,2414
57,10553
22,2367
83,8615
36,2712
66,4225
50,2880
47,5746
133,4147
84,6096
42,7067
51,3213
62,3027
95,2902
89,4634
38,7317
80,10283
39,3835
99,9739
111,3250
105,12427
77,2929
101,3436
33,3531
51,7711
45,3582
163,7175
61,2450
78,12893
84,5170
127,11922
71,3855
48,2494
84,2606
47,8759
25,4119
43,1932
61,12414
59,3860
96,4599
59,12839
34,13747
110,3227
157,15025
64,9310
108,2286
148,18882
51,12174
67,2798
61,8560
97,1753
53,6162
56,888
51,9197
137,2535
69,4070
80,5516
208,3496
184,11566
75,1415
55,12222
111,4715
117,12954
63,4463
56,2238
96,19458
94,4716
46,2625
57,4476
60,8490
101,1908
52,10436
132,5117
26,3510
86,3691
84,2775
47,10258
37,9998
80,2088
66,4213
67,1793
49,10728
178,15738
60,2744
29,1258
41,1012
170,5114
55,3926
43,5688
27,1425
97,6207
34,1470
68,10151
60,3339
27,3667
144,6529
52,3231
96,1330
71,2746
74,1690
70,12581
76,2970
52,8999
56,5627
106,7793
108,18541
115,5230
56,2798
63,4009
70,27966
61,15190
80,4973
85,5514
67,7310
36,646
70,3127
107,14543
83,6944
89,1081
185,17865
206,8283
60,1746
37,1620
112,13578
47,1312
108,18519
83,10535
47,2614
68,7439
54,24479
83,13534
75,3196
45,5850
42,1733
65,5041
117,3240
105,24450
109,5260
138,5360
360,5727
97,3608
56,5514
50,7190
77,5536
107,9944
82,10344
103,6838
29,6110
132,6124
66,6595
281,9564
188,3008
99,5200
88,8762
67,9743
98,6199
30,5944
137,29156
48,2462
153,1912
27,4140
75,4520
72,6810
47,2870
140,3482
102,11809
82,2965
79,1426
47,22493
146,3733
110,26138
73,15031
63,10471
52,1454
65,11001
69,1222
96,1691
101,2615
26,6555
164,7792
62,23304
113,4607
106,8992
20,2305
57,5907
71,2786
34,5234
58,1625
50,13380
52,4148
42,8611
62,4870
63,3310
63,2894
61,6047
35,3519
151,9033
43,14851
127,5210
194,2909
33,1581
45,4786
79,8620
135,12762
120,16534
108,5765
60,12409
64,8098
93,4112
101,1272
90,5749
40,10110
62,3684
103,17797
92,5926
35,5239
45,2782
104,5339
50,6002
27,2140
67,7790
83,11885
55,4756
86,9140
48,10611
139,7666
107,6455
90,16808
88,13811
37,7792
75,4813
33,9113
87,9752
34,3137
55,12137
115,2408
91,6001
77,1492
54,822
93,7994
91,10016
55,6840
33,3873
181,11330
46,4570
40,1218
45,2656
74,10242
107,8168
92,24614
148,3785
55,5527
29,2326
39,4648
82,16397
70,15812
61,729
119,12033
59,2155
71,10352
55,4678
51,6818
82,6500
38,4275
63,8592
238,10106
38,3012
129,16308
54,3367
126,2535
75,4748
55,4719
50,6879
68,7223
88,6072
37,3925
78,6679
87,4882
38,6871
130,2854
55,2426
29,4978
84,4913
93,4084
41,2173
59,17705
155,5221
60,8300
98,14129
103,6094
127,16602
35,9622
76,2617
35,18830
56,13303
45,1776
103,6566
68,5120
117,20253
66,1408
40,10903
26,5211
82,9748
58,4654
93,3912
59,11617
55,3204
121,4686
92,3012
43,10238
233,8475
29,4651
101,2287
96,7176
45,7471
34,4264
66,2076
82,2914
94,22765
36,5598
54,3785
171,5637
51,8874
43,6191
58,5095
77,5470
207,10682
58,13236
151,3537
84,8703
168,3634
35,8078
67,4499
127,3614
42,10713
155,7435
75,2026
20,3612
50,13005
56,9480
66,7540
44,2413
109,8614
95,6182
76,7974
41,9551
35,8622
57,8769
66,2814
109,11591
85,13274
26,2762
129,2782
57,3802
80,3957
47,4142
50,1422
97,2103
28,5591
23,8028
40,2546
94,13367
69,2163
162,3529
64,10625
148,4162
105,12805
26,1878
164,6155
89,3333
97,7633
85,4794
85,2337
47,6147
29,2206
63,2636
46,14454
106,15169
89,2935
74,7385
94,5227
155,12918
79,1657
36,1695
56,9342
88,6317
53,5845
50,5169
94,13729
122,2751
74,16546
38,2329
27,7256
45,6456
53,11421
48,7619
113,15892
156,7176
78,5875
44,1331
99,1174
61,3847
95,3376
84,17116
121,2046
118,4225
44,3103
127,14538
31,6795
130,18309
48,10868
88,3453
79,9358
43,7825
38,13955
62,8317
53,11389
69,11361
34,5198
35,7779
96,3100
78,2936
73,4127
98,2020
78,11725
97,2819
39,5452
84,2789
66,6027
33,5326
74,2305
61,3987
34,6492
62,9242
34,9315
64,12448
73,2081
85,11360
81,4635
21,8203
48,3081
84,1763
104,4474
45,1001
123,8138
80,14796
69,2580
115,1593
53,3133
66,11355
80,3797
142,6778
17,4035
184,15183
67,2018
103,11014
36,2082
37,6384
67,3164
80,18655
157,8507
74,3519
128,3969
97,8731
50,16101
49,5255
93,2262
61,8836
105,3653
47,7000
66,18704
92,6144
100,8182
69,1117
52,3711
36,15710
50,6922
160,7768
76,1928
180,5893
132,11581
41,2397
63,14626
68,3457
14,3468
147,15485
49,4348
49,2723
107,21769
52,2916
89,1880
40,12120
36,3756
68,2763
63,11673
83,6511
98,3012
57,4598
71,4096
67,12194
132,4888
68,3649
97,7794
79,6123
43,7084
81,7873
100,3214
41,12468
125,7389
48,11309
139,3822
48,4033
50,6511
47,4497
114,4376
88,7175
70,917
56,13290
45,2780
50,6593
102,2763
111,1838
76,6723
95,6831
59,7465
57,3952
38,2285
79,2853
128,5527
34,3868
40,3088
153,11617
70,13158
49,10705
46,16416
52,5633
221,17370
46,1675
33,12329
81,4792
62,4866
53,10361
52,3785
72,4602
65,5999
185,4531
20,9737
95,3200
49,5750
115,1065
97,1754
91,4494
148,14035
92,5508
87,3674
43,3034
30,1409
76,4787
85,10178
133,13249
88,4074
58,2735
87,2910
55,3355
145,10112
47,10814
40,5475
49,3452
45,2217
108,3288
34,3429
252,3542
119,11027
36,3248
78,4234
58,8615
70,6761
88,4835
16,3482
47,3329
62,3053
80,1153
152,1936
48,6480
47,4558
97,2776
119,8783
88,3102
32,5001
51,13314
47,2893
44,7128
84,10925
40,3814
47,3669
65,6511
87,8714
86,11067
52,3627
72,7569
60,8521
101,5705
64,6507
48,17023
76,6260
60,8431
118,5501
104,3673
90,3111
53,10318
28,2179
46,1821
98,10040
43,3833
45,13030
77,11569
57,12724
90,3177
211,2599
47,10967
47,2934
362,2166
43,3285
65,4342
66,3231
69,7604
149,13438
53,5260
53,10632
46,3317
71,3322
34,3014
123,7313
83,7300
85,2631
70,9347
48,2102
98,4432
42,8787
241,12689
65,9371
65,5873
71,1973
64,10675
20,2335
37,5337
69,4913
121,11015
84,16710
22,1828
105,17803
80,11157
82,17898
74,3002
124,20443
87,6215
52,10446
40,2731
46,7287
72,4882
94,11002
63,9319
152,6167
80,6485
97,15336
99,2788
101,5479
92,3999
92,6368
121,5406
116,11425
94,10440
140,9958
62,1493
39,3870
80,5389
41,3717
50,6466
28,3960
102,5109
99,8700
102,5015
40,2815
45,1163
65,33271
45,7976
30,4568
66,6874
80,4572
37,6222
75,4492
99,7043
84,10399
104,20597
33,885
31,3450
53,2895
19,3011
27,10082
56,7378
88,9642
68,7445
148,16748
19,3418
61,1791
34,6074
73,5934
83,2316
79,1881
163,3872
101,6034
103,3593
83,13818
30,3611
123,11532
64,6537
102,9240
20,4503
39,4624
75,6066
45,3181
89,4682
77,5428
39,3371
51,4936
56,4155
111,6353
96,14814
26,3950
97,4288
75,13100
53,5847
96,5610
118,5025
141,17522
120,11576
45,2971
110,1471
44,11083
64,13309
80,4684
62,13327
59,5539
119,10356
57,4008
53,14345
121,3717
85,22836
77,18762
90,6610
62,6571
47,3859
74,4505
56,4744
42,7970
60,6828
40,6333
50,5979
163,3897
130,11259
145,11342
115,6191
57,1884
48,14635
67,2618
133,9154
103,6345
67,1734
57,5778
79,6361
82,12654
89,7258
77,2938
72,2821
51,10304
77,4519
99,12042
159,15489
38,5294
57,5740
83,14893
58,3351
180,7826
68,12812
82,4308
61,3514
41,4357
42,961
168,3739
119,2488
114,3831
101,2465
163,7602
42,3679
55,12228
100,16979
49,3345
137,12602
24,3198
73,4985
50,3748
66,8025
134,2594
83,5662
106,2600
35,3185
163,9618
43,1522
44,5203
137,3344
86,8752
33,9158
80,20437
42,6303
43,3194
29,8022
94,2173
38,3319
31,6949
94,14145
153,2713
40,9413
126,17130
51,1360
73,1899
69,16277
42,4057
75,6080
44,3056
69,3672
111,15023
72,12473
222,1935
72,11905
43,4753
110,2111
102,6344
98,6231
84,5228
73,10383
44,9951
94,12041
85,13248
45,2601
305,16521
36,2468
123,7198
80,4422
195,1363
45,7786
101,5333
53,4994
82,2951
99,2496
72,10509
143,5165
85,2807
54,10109
121,14517
234,1808
29,15513
51,7028
42,7268
56,8643
66,10962
135,7973
17,5895
51,5048
50,12202
73,5156
64,6264
37,6146
80,1830
110,25373
43,5197
59,12596
47,1911
124,1285
56,2079
18,3378
88,1676
154,13806
185,3121
64,5638
56,12055
108,7689
74,2317
95,1914
136,6422
41,2085
46,10608
21,2642
68,2315
58,2653
91,7414
30,3358
18,3437
64,18415
46,1608
69,1946
49,7493
62,13066
272,9365
74,9624
54,2824
39,4745
60,14520
98,17106
56,16398
54,4525
117,15386
109,3573
146,2954
35,2367
132,6556
124,3748
47,5586
45,10784
28,5059
136,15107
21,1460
23,6136
85,4078
54,3230
27,1476
129,2922
136,14091
70,6012
47,1537
87,7625
39,3932
90,7234
81,1785
84,3974
40,3512
63,2898
86,8817
42,4141
127,1770
64,12915
65,2689
60,6403
170,8288
40,2653
101,1514
104,3711
23,2634
69,5492
114,10882
134,8330
18,11330
66,14340
96,797
39,20815
116,4950
45,3540
42,13286
68,14177
81,18949
49,8124
72,2358
37,3629
81,2914
109,4235
175,6478
83,3624
65,18032
37,4534
83,4940
115,4456
50,3956
34,2424
106,2878
77,4140
44,3424
74,2401
49,1491
47,5373
52,8375
70,8075
90,10694
48,2234
49,3579
56,2734
44,3913
37,5663
34,3495
54,5909
76,2057
41,3120
135,14596
42,4624
35,4054
38,5081
47,7112
178,10388
101,3690
57,833
66,10263
98,3031
105,5739
20,3650
100,5817
204,17225
37,3112
142,8413
112,16491
91,7136
126,9119
87,12625
154,11372
33,4010
38,3178
50,2291
102,5481
81,4925
38,2034
160,2131
72,5922
31,2597
114,8545
45,5901
78,6827
47,3011
57,6344
43,1717
72,5985
56,4453
112,18543
57,2195
119,2992
134,6392
39,8229
70,11218
57,8429
77,6703
49,2645
172,16365
36,2118
33,11015
77,8246
50,2634
41,4673
79,10185
62,4592
121,14903
50,2890
45,14063
81,2192
226,2454
122,5123
36,3890
27,2035
58,5101
146,5519
26,11072
198,10488
80,5102
113,5628
105,5228
53,4480
39,4328
131,6020
44,11669
49,8387
77,2454
18,4674
144,13179
54,7007
88,8596
61,16919
132,6495
58,7432
103,2203
109,4036
179,4173
61,2599
72,9559
54,3307
43,5686
77,1840
141,9883
59,19460
124,5863
36,6970
103,5016
234,10061
118,8923
70,4827
79,1951
47,1929
77,9516
49,7167
70,5916
28,3017
51,2065
43,2359
80,11314
27,3058
64,9304
123,8373
92,15551
54,5352
64,4210
95,13647
140,17587
21,8796
61,7148
86,9435
28,3578
171,3399
39,4843
45,2767
82,7351
17,1939
54,3353
80,2272
23,6269
110,10132
60,3628
62,14690
73,14004
52,2959
141,5522
33,7195
80,9314
35,6337
59,1593
63,10404
72,10357
43,6958
76,7411
64,1920
80,3965
67,2944
46,5638
27,4112
78,2579
156,10056
42,1892
83,7545
46,1902
82,7350
104,5007
62,14709
83,4618
85,4299
67,3542
56,6293
36,8478
92,1436
92,13862
20,2418
43,2855
38,3679
25,1987
60,3805
62,3331
105,14081
132,9423
59,7574
53,4448
28,2104
36,5434
136,4621
31,1475
113,6961
53,4117
100,2568
45,4315
41,4201
79,9643
193,5459
128,3212
136,5927
119,2017
92,9522
113,2140
42,8278
57,8190
113,2262
108,2555
88,3717
96,5647
143,4524
168,21223
40,3507
257,18247
108,14746
207,5099
83,3267
28,2052
59,3226
82,16124
89,2664
43,2339
24,18223
99,4337
75,12526
77,11426
70,12644
21,3303
133,15148
36,6556
42,6541
87,5755
33,7514
33,1544
70,12266
120,6165
64,15648
125,14462
40,3570
76,10134
71,2754
29,13192
82,1614
119,16745
75,8356
37,4274
74,8150
63,3502
44,8453
57,2747
45,5712
125,12590
21,6472
144,16642
53,2680
72,14148
43,1525
32,4693
120,6578
72,16221
155,5486
39,7453
68,1989
61,3654
76,4804
95,2416
70,20110
54,7258
51,4798
52,1646
42,1709
60,10413
93,2388
47,2633
119,3764
197,4457
157,10989
87,4754
52,8555
48,4912
115,3413
37,1564
47,3607
203,5601
64,8331
50,2790
80,2905
102,15331
98,14522
65,2144
60,6081
50,8483
55,6676
89,13831
117,20321
76,2760
122,6209
194,15835
40,4758
70,4645
16,2995
59,3579
85,2248
39,14353
104,3637
31,4379
39,2116
24,1795
87,5758
102,5387
56,4535
188,24244
84,2869
55,1054
39,4805
85,1287
67,5145
26,6852
154,5811
106,3938
75,2453
17,1864
95,6489
96,2333
37,2872
37,10901
43,5723
34,2192
40,2017
137,2503
69,6527
157,9260
77,13811
39,9896
106,6267
62,15487
125,2321
56,2936
14,1892
105,4649
73,6521
89,10115
60,5156
49,6329
52,10876
65,3168
96,8890
48,2199
143,3228
63,8048
36,10713
66,6558
41,3582
95,9669
51,3380
65,3907
31,6058
90,3716
168,4837
64,10647
45,3593
116,4266
49,16895
140,8137
25,952
60,4195
45,11063
72,4670
58,6736
114,7157
75,2775
85,1503
136,9558
121,4745
78,6032
78,9247
76,2242
53,1463
73,7650
46,5117
72,6632
60,6282
34,2056
144,8512
20,1090
60,1355
47,9176
32,6367
149,2976
102,4557
90,9755
43,2868
81,9832
130,6459
29,2518
69,4677
61,2569
55,1299
104,15698
82,7852
47,1686
34,2187
57,6455
85,5123
76,16785
75,6512
214,5838
66,11527
60,4859
24,2075
79,4369
88,7221
112,3719
41,4926
76,1846
34,11733
60,9385
36,924
65,2084
154,1869
58,1274
66,5571
54,9762
68,3902
48,9502
59,7518
43,8593
68,16583
207,4514
113,6913
74,7322
128,7931
81,1175
84,10861
44,5265
119,8351
41,3099
151,8179
153,9428
202,14335
61,15761
37,2604
62,2802
38,10620
55,5799
114,11791
132,8185
88,4301
49,2122
128,5621
78,2392
32,8722
47,9128
46,19544
27,3507
71,9611
198,14385
71,3649
136,5163
25,1834
30,1858
70,11656
58,8145
99,3604
45,3623
81,9396
47,5282
30,9564
197,7712
58,5646
43,11153
41,13162
104,885
126,7255
63,5870
137,8331
62,2679
55,10382
89,13474
121,16140
51,4424
112,15651
154,1977
61,4986
56,2099
78,6253
114,3769
92,3420
98,11481
74,5085
75,3165
107,17773
70,9066
38,2442
27,1698
76,2690
87,17120
81,8845
47,4868
121,4464
86,1960
73,2121
30,4120
78,2224
45,7820
52,4819
64,2272
42,5603
101,2582
115,2369
166,21055
108,6824
119,10615
117,3753
45,4168
155,17264
104,4587
156,6828
109,8269
135,15060
60,16633
70,6856
84,2804
180,2094
85,20964
132,4072
76,8384
155,6783
33,14420
40,1163
81,4486
62,3256
42,2596
21,2389
78,6076
68,13041
132,16219
66,1932
34,9443
94,4793
57,12491
134,8690
65,16695
36,12819
27,7553
110,16337
61,1538
73,4022
78,8766
78,5894
84,1410
47,2600
46,8426
64,2904
80,1464
125,15580
103,20218
105,1040
140,1469
193,7821
25,7410
104,9965
57,2999
59,4799
24,3343
83,5788
82,17991
115,2457
80,12686
58,17826
71,9082
60,6250
102,3075
87,15250
87,4146
52,19115
34,1466
68,6556
77,5172
43,2026
110,18025
46,6363
68,8076
209,5459
45,8822
71,6106
26,4083
36,2782
71,8973
98,8433
64,13317
119,3769
130,5965
49,6397
50,8648
44,8559
134,1823
79,4310
56,1817
43,7344
63,9991
103,2754
57,3582
97,15742
22,5586
74,6910
89,2245
72,3627
32,1486
26,2056
94,2563
28,2428
65,8973
79,6953
122,18124
81,8906
49,13305
86,11776
47,7908
77,1342
137,1874
22,12989
59,5312
75,18914
153,8041
73,2997
60,10444
63,3347
56,9374
112,21525
48,5873
64,5405
81,15798
119,3273
73,12093
85,8235
37,12033
43,10382
101,2576
89,4747
105,4162
141,3170
49,7578
57,11197
35,1665
70,2588
96,7492
134,7462
74,4047
50,4865
40,1759
122,17833
85,776
124,4178
71,5213
159,17191
71,3355
51,1159
56,10803
27,4202
101,2992
82,6724
59,2986
58,5348
81,6077
78,4738
69,5791
47,2633
75,9756
53,886
70,18542
187,15330
53,4097
73,3169
64,3927
87,6105
81,9379
68,4545
41,7505
138,3920
107,16967
46,8307
51,3780
86,9279
79,9549
16,1224
76,3206
107,5234
82,11915
71,1445
70,10018
62,4390
70,4084
49,20199
57,4525
49,2129
152,18573
48,1734
55,3315
56,5780
42,3333
24,2054
115,1748
45,15924
51,6357
54,2561
97,8724
40,5624
47,4174
57,6908
57,5741
60,12215
70,8960
94,6170
149,9536
171,6864
31,1508
82,1864
80,4512
32,2763
80,2762
34,3210
107,18296
65,2157
55,2986
81,2692
121,2536
56,3376
110,3745
117,3719
141,9782
81,8267
41,8487
94,17131
138,8103
93,3028
43,2463
95,4918
59,6672
48,8887
35,2192
55,5283
95,1742
48,3877
45,10332
16,1731
90,5430
61,7875
65,9121
33,1867
41,8258
58,6934
51,9482
98,4626
138,5417
132,5678
111,2791
55,12931
47,3340
95,1225
41,4640
48,1951
113,5729
152,9783
44,4808
64,2080
67,6781
26,816
454,5747
104,8821
34,2866
40,2451
180,1319
43,12603
127,10750
71,4636
88,6970
76,15378
26,4194
31,3811
230,8652
141,5357
79,4477
55,4591
42,5020
99,2986
42,11542
114,2614
50,8923
52,2237
94,5326
160,4031
55,7765
88,13995
268,13016
45,3848
83,17374
55,11792
66,1592
121,4716
201,4798
46,4058
68,4480
77,4230
166,12537
70,17396
67,4982
39,5455
107,1843
59,5177
326,9590
87,5582
72,2671
56,4412
220,11635
85,16871
101,7730
68,3064
58,2522
149,18694
87,6137
55,7235
71,16122
89,12479
115,8070
84,3312
146,2906
38,7778
56,2128
95,2335
140,4970
99,4240
89,7313
32,3319
66,1292
87,13366
76,1582
82,11053
68,4097
44,3856
35,1017
54,4818
118,5820
87,10814
55,8068
172,9401
54,9462
91,12276
37,6741
58,2829
44,2597
49,1437
89,5342
122,7843
73,8445
102,1824
94,6952
63,4780
38,1673
96,23075
56,2197
172,14956
35,13708
130,13490
63,2373
36,5264
81,4214
89,1926
67,2334
29,1675
51,3142
57,3659
52,13333
89,1937
100,15922
55,3737
89,3925
102,1013
135,4101
139,9224
89,24798
28,2360
100,4070
46,4005
64,1677
144,6464
20,4405
68,8354
65,13773
50,6103
40,5397
46,3210
40,3661
138,4591
41,928
47,4744
48,4678
57,2976
72,11584
33,2266
80,4589
52,11434
59,7463
77,11680
71,3293
170,19489
65,7304
70,1416
48,8995
119,13197
62,924
41,13087
71,10154
109,4700
59,3543
27,14950
99,4208
56,1814
27,1311
63,1970
112,11507
26,6555
226,8271
40,1402
166,19725
53,967
68,3586
47,5730
62,4717
87,4752
68,6548
127,6916
85,3227
47,2867
90,4280
65,3953
53,9371
65,7712
108,7822
20,3382
44,18460
128,11976
68,8914
94,18962
40,3345
42,2323
70,15155
653,5265
52,1572
111,6863
67,14158
81,9773
90,4725
128,10254
147,11843
114,2669
88,18210
74,1545
126,11966
51,7241
106,1480
42,5048
67,12864
148,12806
201,8591
44,4680
64,8962
144,13746
85,1846
95,3687
29,3631
68,13321
268,1838
134,3566
107,5723
134,2628
48,1082
171,12281
40,11742
86,2515
50,3086
87,7464
99,10548
117,9912
63,10302
62,1382
113,3827
77,4992
31,8345
38,9016
153,2892
96,5598
94,9665
68,13133
74,9035
97,3260
140,2977
79,2655
105,10954
208,5395
39,4837
44,3604
52,6002
30,4214
25,4317
50,2466
114,7854
113,4714
87,1845
48,2817
63,6063
69,1807
73,9296
92,18866
62,8610
74,21727
42,7616
92,7048
44,6329
53,4162
64,2356
126,8066
132,5442
61,9551
366,8043
74,15975
47,8200
160,6159
41,2455
109,3889
45,11960
42,12279
61,14501
46,5546
70,2675
60,3278
51,4881
70,1532
83,3513
83,2024
65,2636
52,3614
48,2922
53,6329
44,5032
145,6753
133,2686
73,8753
67,6473
65,6680
46,4162
39,3009
238,4358
76,9702
191,12956
117,15889
56,1706
157,14859
45,6738
142,6919
62,9567
245,9557
61,7930
135,5129
123,9990
82,21131
78,12281
42,5966
22,1709
105,9311
73,7046
33,4606
59,5269
75,1488
87,3478
27,2170
34,2215
57,2151
53,6903
92,1751
77,13417
160,2815
108,10196
46,2116
76,18207
177,15793
61,2866
104,13083
59,1302
60,6289
65,15717
43,7590
107,7335
64,12921
100,15372
74,2266
91,16958
31,11339
57,3450
28,1539
54,5763
111,2572
154,3138
81,2476
50,5895
82,5498
132,20301
46,2075
75,8800
65,1073
117,15925
102,4892
109,16595
80,3580
87,5517
47,2919
99,7077
93,2907
48,1586
113,2620
65,10184
72,9854
214,10143
78,675
100,17520
67,2027
111,11278
260,13094
75,4538
59,5878
78,8487
54,6155
126,11874
103,2263
84,6229
60,2018
97,1539
65,1539
115,5177
86,7355
82,7835
65,2683
472,5478
87,8593
104,21839
66,12281
80,11582
115,2639
46,5145
50,3669
81,3957
19,8826
104,16869
61,2248
94,11093
106,3982
60,6322
39,4197
90,5660
64,5739
92,4907
88,11493
15,2478
55,5405
54,8962
77,4167
51,3253
52,6738
17,913
108,2674
37,8789
39,5983
268,7494
89,20450
40,10768
119,20038
120,9422
54,2604
118,11556
85,2232
140,10207
81,1097
206,4916
26,5114
47,2763
138,11458
64,7177
42,3134
104,8381
45,11882
103,17665
97,9062
53,9584
59,9477
40,4141
65,4994
87,4955
49,3078
54,3447
31,1553
85,13230
147,13267
85,3172
116,13531
52,1521
85,6565
70,3025
104,3415
91,2600
87,3707
252,4314
44,5552
108,11744
110,4530
62,5242
79,8034
74,2552
61,4290
33,1978
123,11277
16,3107
61,1536
53,6851
144,4227
246,2312
128,10699
68,8724
63,10349
96,9935
138,8394
85,1344
110,3060
85,1694
37,6562
107,7363
41,771
113,15273
81,1105
109,9029
33,3843
144,12988
73,2710
113,14992
50,1092
43,2346
47,6276
37,5743
156,2587
100,7328
61,1191
46,7203
69,3093
168,9706
47,1542
89,7793
26,2766
65,3596
86,4475
51,3072
45,5109
259,7347
68,6273
56,1383
42,9870
113,3247
89,15548
71,7116
53,2207
162,13898
71,8936
48,11378
134,11808
35,5902
47,2536
80,5135
155,11083
89,6135
146,4391
168,6670
62,7820
106,3658
71,1810
46,1894
36,5004
112,7878
72,12750
86,8175
29,6266
84,5872
88,5699
65,11422
63,3291
45,3751
31,6565
80,3779
97,4245
20,2011
38,1438
92,6252
58,2956
70,4465
62,1870
127,14685
78,1919
67,7899
42,7392
116,12949
100,7286
98,8406
111,2705
40,6939
64,2824
20,1590
48,3212
51,9587
79,6982
55,1586
34,2317
104,12181
176,6155
29,3639
66,3310
68,3711
113,7889
116,2051
37,8213
93,5583
55,3233
65,4272
66,9071
93,2350
61,1936
26,9710
46,11038
118,4325
58,8520
78,11928
115,7473
98,10875
174,9616
92,18144
30,16675
165,6120
35,8781
78,4578
62,3786
56,11322
23,2793
17,1347
215,6076
60,7984
42,2311
53,3550
62,11025
51,3973
69,12602
73,4430
103,3860
110,18884
57,5712
58,3040
19,20311
32,1319
40,3677
62,7871
39,1416
43,2631
82,4488
92,7426
30,3902
32,2821
290,3154
57,3457
28,4534
106,1846
112,12221
161,2863
65,3344
41,1558
90,3663
104,6224
43,3056
37,7448
91,8008
106,5525
53,4441
89,8799
31,2666
184,7067
97,6039
103,16489
85,5233
72,7150
21,3390
54,13716
40,6588
44,12012
77,2951
118,11625
46,12311
44,3751
27,1914
69,3476
42,8470
62,3838
75,4437
82,1656
24,3219
56,1788
150,2867
125,19847
43,829
51,7018
60,2505
79,3754
136,4462
66,9774
50,5617
66,4925
50,9265
151,3562
99,8731
25,1379
31,1409
89,15614
29,3057
86,5820
49,4658
61,3613
89,14569
176,5966
103,6973
74,1653
85,12864
64,10100
109,2487
104,4261
67,6206
61,2930
113,13433
102,3052
52,6535
44,1641
111,4289
37,3828
31,6015
74,2521
48,3629
230,12020
134,7381
80,6690
53,2500
42,8711
111,3594
81,1388
64,4414
66,4036
18,3517
148,5386
33,4244
58,3765
38,7155
53,8116
171,15276
75,10304
33,10296
86,19299
92,13867
114,6885
84,18517
27,4957
54,2800
208,5909
155,5917
132,11991
64,4663
241,24582
83,4944
36,2908
24,6766
53,2363
24,4796
80,14428
111,23738
60,5497
56,3354
70,3182
59,8013
239,9929
55,11228
60,8597
75,3424
122,4318
141,4330
87,11942
199,7038
106,8817
106,6291
81,1434
71,8094
59,1784
130,9097
74,6693
41,3788
80,10135
69,10181
78,12522
45,23087
19,6109
180,8172
97,3830
47,4336
115,5014
86,3787
133,6156
64,3329
53,8864
109,2316
151,7120
36,8851
112,2542
70,6984
78,1511
86,3435
118,3336
40,3662
69,2253
70,7349
44,4280
55,2184
95,6954
19,3033
67,16790
69,7291
57,5265
65,7512
164,6526
92,5133
121,5361
105,4838
46,3482
37,3550
37,1874
88,16365
22,1248
57,6666
39,4188
110,5792
114,4156
75,14869
82,12363
45,3989
69,4749
43,2808
154,16401
89,2963
86,3303
77,5273
39,1365
41,5305
12,8749
38,12118
60,3044
36,2241
83,6421
124,3298
106,9171
63,6749
53,10668
74,4869
96,2929
69,10177
29,11851
240,9647
112,17801
45,3687
60,2070
139,8957
66,9560
52,2427
51,2196
56,3499
91,13517
147,3646
116,5213
51,5473
49,1641
68,3035
73,1869
50,3310
39,4522
93,22169
32,2991
51,5086
153,9953
143,11787
20,16305
95,11726
59,7546
88,7499
78,2823
159,4998
96,5379
58,10619
35,5068
45,3873
102,1883
89,13730
25,1663
34,7461
45,2240
68,7560
137,5663
38,3227
45,7763
61,12569
63,1420
119,18306
94,2076
47,2617
40,985
33,5513
41,8037
23,5510
45,972
82,18660
89,9545
29,5956
48,2022
79,4844
66,19721
180,14519
88,7099
43,1214
57,17022
44,1020
44,2853
110,5567
46,15141
72,17812
109,12399
105,16020
63,2764
43,2226
71,707
56,2648
48,3762
64,2826
56,4895
96,20176
85,11901
138,4626
133,4855
74,8641
168,13017
89,4094
89,7425
48,2923
26,3148
151,2437
99,10018
114,1508
38,4173
28,3244
97,2551
62,826
109,3696
68,8308
33,3921
75,3135
45,9870
42,5107
53,3196
60,13634
51,4243
56,9085
43,2911
37,6929
84,6368
39,1500
80,10008
114,15097
51,2669
77,5330
67,1248
49,4898
407,3747
90,4580
116,4484
43,1194
86,5146
43,3674
53,2810
100,17863
120,3212
51,7433
67,4256
80,3730
112,4585
118,5730
36,3219
47,10198
35,4626
109,12306
97,9568
78,1711
51,2965
38,5723
50,3472
38,1134
55,4933
64,2975
48,5007
137,2089
89,6857
60,3173
84,1748
62,6722
43,6845
70,1291
54,1862
53,4136
45,4927
78,4626
41,3055
59,3960
31,5107
127,3029
22,1910
40,1111
121,2339
66,5055
59,3702
44,8272
17,9213
85,11625
55,3384
52,5278
76,3631
68,2087
23,6368
134,16638
177,2736
55,1391
38,12373
124,14409
83,3755
108,3054
107,7082
96,4735
52,1435
98,7826
22,1999
33,4144
42,2856
169,1782
81,3399
69,6948
78,4549
75,6978
33,3065
39,2418
116,3091
44,4904
122,5761
81,4340
41,2645
55,3495
52,1538
52,2323
95,5448
66,5288
83,771
40,2351
82,2718
67,1329
35,7626
62,1909
42,6500
85,7653
46,7037
28,16504
119,2399
148,6690
38,11115
84,1000
96,4461
34,1855
93,7149
52,2401
60,1828
50,5324
30,1117
25,9929
33,2378
31,12725
29,14247
40,1853
68,1559
106,11965
42,2509
79,3537
184,20957
35,6961
153,11718
87,6344
81,5126
42,8656
57,1984
49,14527
79,5990
70,10580
69,4052
36,10018
179,5159
77,1067
110,14115
13,2444
56,4268
151,14620
30,5301
50,6807
191,10832
34,8424
177,14728
48,13909
140,10534
113,1509
83,16945
46,4517
113,8999
25,4242
132,9615
40,11041
98,4172
154,15292
144,8308
123,19336
27,6401
73,3555
160,4544
80,5238
40,1563
65,19213
35,3152
29,1685
50,8168
62,1382
78,5831
36,4836
62,3444
41,1582
111,7543
72,2807
87,15294
49,5924
60,3850
33,5264
62,6599
36,3140
43,3706
101,21485
59,7663
57,1768
105,13037
50,3483
68,7730
46,1079
30,5004
273,11174
60,3559
148,2350
41,3941
37,5948
51,13164
173,18535
46,3170
37,7578
53,5086
37,1876
65,2270
70,13785
98,6074
149,4766
83,17381
68,13256
47,4517
190,10726
140,5139
66,1379
62,1331
30,4118
173,4726
45,10447
110,15610
87,8018
30,7700
50,15303
118,3454
69,2677
116,7071
46,1001
110,3349
76,960
72,9631
17,3009
48,6360
76,4265
142,4366
89,14687
31,6461
76,4151
42,2491
54,5037
78,12120
90,6906
116,12634
55,13721
43,5245
57,1902
64,11380
61,6741
60,2738
64,4728
77,4272
68,5341
101,3782
25,4738
37,10347
177,7722
65,3213
43,8265
33,3429
129,6146
100,3252
77,4053
122,1702
69,1724
45,2320
51,5866
55,2350
82,4600
48,7983
109,8724
99,9334
102,3161
47,9510
68,20432
60,16526
100,9413
95,3583
63,15235
33,2897
70,8034
90,2335
110,18987
79,2580
70,2422
67,14633
37,4343
70,16866
105,8252
52,6934
50,4652
42,2903
229,7589
31,2342
82,16812
174,4312
113,3103
57,2474
52,2073
80,1981
80,4664
191,3911
113,3926
42,1902
61,2472
43,2495
112,8775
24,1895
95,7782
60,7233
138,7256
47,15247
87,2554
75,10164
44,10946
32,2497
50,3878
105,12176
89,3185
109,6335
54,8281
84,4794
49,3345
80,10873
82,6636
191,5116
32,8202
110,3680
66,4326
81,5931
114,6474
41,3357
129,8993
33,3457
102,1682
57,8226
128,6597
38,5672
111,1722
77,8266
38,3562
41,1652
78,2410
78,8477
63,1869
1247,17103
137,6981
74,7365
46,2121
74,1901
128,15721
138,5688
40,4269
108,18255
85,3306
141,14133
27,6882
60,6395
38,9392
55,3607
70,5960
45,6410
109,9165
80,3609
80,2127
47,5073
58,1598
75,7477
36,3951
45,2748
40,8574
71,5976
127,2584
58,13307
39,4027
66,12850
44,2926
48,4790
46,1448
172,18164
53,1926
35,3083
50,4963
117,5073
78,8914
41,5652
97,16754
45,17729
85,3154
162,11320
121,2776
38,11387
205,6668
95,15510
85,4276
89,2753
130,8684
77,6885
37,5270
49,19880
92,4657
65,11356
63,2273
77,16005
75,3649
48,8671
308,15435
60,19774
83,1841
72,11941
54,2543
126,13048
48,6697
158,4878
61,2428
50,14052
65,8324
98,5816
33,5337
65,10881
51,1478
102,6748
41,2533
76,7445
95,14353
56,19759
55,5682
53,4010
67,3044
62,2727
86,3458
45,7188
45,5076
44,7373
31,3591
52,2987
196,2794
82,13566
88,7085
77,3911
112,7028
87,3399
80,2183
89,654
43,3479
74,15888
164,14063
109,13076
62,7328
17,3211
48,7916
102,7534
124,2967
83,3185
56,3756
75,10658
105,4660
100,1514
349,11766
35,3994
60,10897
102,10489
40,2558
51,8809
49,3619
95,4398
87,12403
43,2019
75,12004
49,2531
96,16469
85,2934
107,3793
125,2311
98,1894
55,4387
42,2530
117,10085
75,2025
70,2589
105,9797
91,2517
29,1474
36,11599
33,7424
49,4842
51,14443
22,1858
138,5114
57,2373
146,5036
74,6027
108,12579
194,14545
17,6516
125,2925
39,14435
82,17778
77,7804
37,4466
108,6223
55,16835
84,6594
100,5369
38,2424
138,4130
64,3603
99,15102
48,947
93,6837
48,4557
96,6075
28,7274
44,8057
53,10900
129,3083
44,2159
107,11862
63,18367
73,1499
46,9426
104,4835
88,1383
67,6344
166,3189
53,2430
99,6160
51,913
160,10287
41,8815
88,14064
106,2276
58,5334
121,14064
79,8944
118,13422
42,9985
96,9939
38,2802
52,9081
61,4856
64,12423
206,4194
265,3194
52,4474
55,4271
71,3490
166,3067
75,13600
79,4546
43,5055
72,11667
68,20035
92,13445
25,3852
111,14972
68,6042
79,1082
221,12865
70,4449
173,5860
88,2596
65,4965
63,12353
94,3432
70,3783
173,3353
51,10158
61,1051
106,2876
35,1993
33,2293
24,1694
44,1827
67,4776
92,11928
73,4453
71,9622
40,3949
182,4936
96,4076
40,5336
131,7569
60,1010
26,4285
54,2610
105,5421
67,5633
144,18688
49,2852
145,7447
41,3225
82,5698
32,1825
89,3497
121,1584
277,6545
39,5040
152,3454
58,3320
70,4197
65,3516
64,3733
63,8689
29,7291
23,5366
44,5596
58,2389
32,6091
79,5249
91,27420
89,2769
86,3048
193,6222
59,3882
88,2003
198,16787
154,6189
68,2201
69,11602
117,9938
30,6099
28,14762
105,8180
77,3759
31,8440
74,1766
97,4708
53,4087
57,2010
105,999
133,2590
28,2922
47,3107
96,8549
73,4011
115,3328
106,19905
121,7512
41,1832
38,1725
54,4553
81,2238
76,3388
97,11240
526,6749
175,6180
30,5642
174,3213
55,5598
49,1865
100,3403
31,1519
68,819
35,2313
105,3324
57,1438
112,6096
98,20177
67,5261
59,8286
68,3171
32,4045
87,13605
162,9070
156,6731
166,2608
20,3029
44,5046
96,7459
39,1275
154,13295
83,1552
104,6150
30,17251
74,17372
80,2808
133,8299
156,2524
67,10153
17,2281
93,1969
88,3792
155,18306
85,2225
80,4594
34,1263
69,2104
184,8259
85,15100
121,11597
99,4666
104,7692
30,3454
132,7613
47,6706
39,3722
94,9486
119,3296
61,10529
83,2237
511,2340
61,2536
54,5139
62,3083
79,16887
92,8469
91,6271
26,3555
103,1193
117,20586
101,5218
50,8246
158,1731
168,6350
137,22863
72,16648
88,1372
46,8416
133,17064
132,9119
101,7021
88,10061
51,8832
39,9278
89,8487
114,5366
32,1626
57,5802
121,3453
94,11031
94,4329
121,10560
59,4078
74,5182
163,1926
80,1789
95,2286
57,10402
53,8234
151,9298
75,1173
57,3605
65,16252
18,3390
85,13272
35,2867
66,5909
21,2507
43,9800
219,10233
73,8338
55,3440
84,4699
101,5806
119,10040
116,1538
61,1093
34,2554
77,5783
36,1391
147,4813
95,15570
39,9982
180,9282
53,3064
37,1166
38,3967
213,5901
89,4959
53,10243
91,18911
101,12099
238,3143
40,5296
49,5955
112,9846
83,15671
29,4757
149,5654
49,7514
87,3773
25,3900
51,9545
60,4621
97,10102
202,4581
64,17714
91,5164
21,1637
128,10543
83,12695
60,2688
61,4755
39,12028
23,2749
75,2901
61,4462
115,5247
28,5737
57,5434
84,3793
69,2395
62,4825
51,3040
47,1877
69,2742
32,5695
89,20369
77,6057
67,6360
57,9419
148,19399
37,12681
32,2391
39,3300
51,2148
24,2374
68,1314
72,3368
55,2742
37,5582
100,989
153,11795
93,5799
38,8214
91,3379
43,4229
85,3164
38,2341
24,4128
117,19591
51,6210
38,15362
76,4833
162,7790
60,6016
39,3515
251,9759
146,11673
57,7781
41,956
92,14211
27,3015
158,4873
146,4247
29,4172
49,2340
62,1904
107,10705
54,7708
73,2762
105,16559
63,5688
134,3840
59,10665
113,3480
81,3941
88,9015
80,2088
110,14137
63,8580
79,7191
43,7307
71,9842
42,1110
86,4260
63,3071
59,1855
85,15345
60,6112
68,10393
53,12549
48,1663
94,11925
66,4313
58,5511
49,6035
111,6579
82,10051
65,4242
38,1270
36,2110
60,10644
87,3846
136,7575
52,2603
57,15583
56,3867
68,1938
90,4893
48,3023
92,5144
72,5352
34,3380
98,4956
28,2689
98,8273
45,9728
64,2077
85,11315
36,8155
90,2451
39,5352
69,2276
47,16137
229,7135
139,8398
21,8558
33,4019
27,1692
57,2761
93,3941
46,8420
83,4115
38,6757
121,2229
73,12757
50,2050
34,2060
56,2116
73,4022
95,1506
111,11227
45,6186
118,5905
54,2641
57,4081
84,2456
110,3729
17,4099
149,1386
194,8489
49,4549
343,5820
128,10209
56,3156
125,4346
116,8664
132,19865
46,18565
83,2503
72,3710
99,8528
91,4846
80,12252
42,17729
75,17843
80,9648
144,6395
167,3508
74,979
79,12129
68,12871
38,1609
201,6856
66,8492
77,6380
59,8763
105,7066
42,2795
100,11480
66,1309
56,3978
101,2567
48,8483
82,12904
194,11106
95,2189
212,3269
25,7129
123,11476
84,7135
135,1414
45,10192
60,3777
32,3288
90,10774
141,2062
132,13983
103,4468
122,897
73,6727
113,3345
46,10913
63,3530
44,3328
41,6177
54,1486
53,4344
99,4364
87,3774
97,5790
31,7369
129,7538
39,4488
61,10563
196,11326
46,1680
144,8025
131,22290
129,2501
49,3724
55,9502
150,2999
119,5047
71,4456
75,3055
201,8315
82,882
98,13082
88,9866
16,12597
78,5796
109,7090
72,11451
77,18368
78,8558
49,1198
51,7963
34,5779
36,3139
81,7439
43,2637
121,3486
64,8423
32,12568
104,4491
65,1907
74,8453
68,1969
70,4559
96,4740
105,3044
131,2501
104,5555
70,12263
80,2122
91,11639
93,7746
59,8470
121,15111
183,9156
64,6470
74,4012
65,18660
166,18860
76,4029
31,2522
58,6750
83,2140
85,3495
83,2988
41,4215
72,8870
48,4777
109,4500
29,701
57,1559
32,5770
47,13983
51,5018
105,8390
68,3552
72,16502
67,4996
40,3935
137,4728
87,11445
172,6972
46,9862
75,2492
101,5554
82,10782
78,4267
84,1904
70,5989
45,1844
15,2365
49,14648
33,15044
88,4987
33,3632
71,3262
155,9340
86,3202
17,1048
40,1728
25,1408
87,1679
76,11861
109,2007
87,12709
41,9452
54,2264
114,3486
60,5171
105,3751
118,2127
65,3839
49,3051
84,13757
37,3851
49,4493
147,6951
110,9708
134,1633
107,2493
74,5442
33,3021
94,6763
75,3670
137,12755
47,1718
112,4383
15,5202
123,4476
48,1201
61,1225
40,5632
104,9728
45,4841
94,6207
79,5443
59,4943
96,1036
84,3981
151,4544
107,12925
90,5973
88,11837
132,8669
68,1218
67,682
50,4325
87,9231
73,2142
30,7886
75,6313
70,4276
53,3520
76,12443
195,9420
51,6683
30,3567
44,2149
119,4939
82,8706
83,4795
29,7216
115,13636
53,4104
33,4009
95,3052
71,8858
18,1638
137,3591
48,1792
115,5648
104,7565
22,4509
114,17459
83,2459
108,15576
23,1285
69,4984
58,2156
40,1881
63,18620
69,3477
67,2662
44,3126
100,13950
80,2018
74,3582
38,2657
88,7686
175,7928
22,2604
64,2174
23,3275
60,6583
48,2384
88,6420
43,10920
49,2783
20,1051
22,1408
54,7588
69,6238
94,2675
94,1391
115,8911
44,2191
74,1730
96,2116
52,2756
71,2908
56,1641
79,16905
137,11954
37,3220
211,2016
63,5683
124,7917
71,9068
99,8159
91,1150
48,6363
26,4914
29,4325
36,12324
91,16684
23,1162
53,2610
65,2916
52,2379
103,14737
101,3094
33,1722
62,3398
66,8192
45,20931
95,3866
68,3049
225,6475
83,8619
80,17642
208,13109
73,6520
54,9195
20,3614
37,8582
59,12020
92,22418
108,2844
108,11115
57,10499
78,9576
131,7760
97,1260
185,15030
45,1606
84,6243
81,19559
58,8881
125,11246
21,2659
11,4219
116,24355
65,6830
49,11055
43,4353
46,2672
71,478
53,21121
55,933
88,4035
58,4132
89,4353
31,972
139,1825
34,2106
171,12888
109,23194
73,6395
72,2762
59,20934
112,13464
54,9808
45,6609
112,20290
15,6941
122,2248
104,22661
88,16820
56,5547
146,20786
23,2827
45,4775
42,3868
68,1107
72,4775
104,4550
63,6365
44,10880
87,11404
25,5331
30,4241
93,5488
56,4730
48,8266
120,11884
76,12390
73,2794
90,9664
95,9615
43,1477
57,1714
110,5755
114,2691
82,3669
129,2415
82,5771
102,3788
79,4016
74,4150
82,7089
69,1291
114,4139
88,13952
173,6779
94,17918
88,12784
179,18305
74,2903
71,14678
174,7718
74,12431
110,10769
54,14596
89,7374
148,16471
109,7160
102,9485
128,13192
115,2894
59,1935
29,14168
98,1598
69,14108
85,12029
117,11187
55,6402
84,2219
82,3858
37,3962
36,4830
151,6904
101,14623
88,8615
74,8043
81,3520
44,1849
21,3334
154,10910
182,12873
92,11486
39,5282
115,3222
105,6118
108,12814
79,4708
75,2203
92,6616
51,4667
94,7303
78,4344
58,14485
50,4620
48,11111
76,16397
43,2877
97,4131
121,6593
37,3215
86,1519
59,4100
95,4806
83,13519
35,3056
96,14687
117,2905
47,6878
54,6526
90,3912
30,1642
44,1036
90,3522
85,18500
68,5852
92,11261
152,6591
56,3536
31,738
30,3890
102,12121
47,13281
109,4581
85,6406
52,11039
91,10931
87,4063
91,5731
60,4706
119,5242
80,12190
31,2097
70,6836
77,2906
78,2577
85,4393
59,9932
81,4931
171,15231
151,3835
67,3137
84,2740
209,1954
85,1555
58,7454
73,2928
53,9824
40,9930
71,3377
26,9998
89,9689
70,8018
51,4132
69,4746
55,3658
79,775
109,2558
117,8404
45,5008
83,2371
35,4278
69,3777
60,8663
73,12866
169,5208
26,2205
46,4061
91,15446
76,6057
218,9080
46,8211
40,1486
100,1687
81,6416
80,4356
41,11656
55,9651
159,4570
32,1712
82,18461
101,10929
62,7307
82,14455
76,10391
107,2354
47,5072
85,10831
41,8385
74,6344
196,5662
100,7318
60,1306
42,11098
48,7273
90,9863
130,21932
58,2025
62,2527
94,5867
59,4636
87,3867
90,3659
86,7620
85,4492
60,8504
92,4457
46,8168
251,3131
75,3078
40,6355
42,1217
44,4681
37,5968
26,11539
69,3577
109,5255
77,680
45,3877
130,8912
119,16848
39,3332
55,1762
103,3808
51,3684
90,20214
37,2940
76,3243
39,10081
41,3864
21,3641
73,13207
19,2282
53,2486
102,2361
80,13980
56,8982
61,12345
57,4425
37,4482
66,4391
26,3692
87,12617
85,5757
70,5064
55,1894
60,5667
59,1986
215,20076
49,18718
125,10601
67,5024
127,7967
67,7977
87,3808
100,3437
101,9967
85,12963
74,13734
122,19093
39,5384
79,14509
116,3481
119,1579
73,12836
70,4276
49,1596
55,12156
101,14515
79,10254
46,12724
36,7600
158,8858
65,11365
122,4628
94,4570
75,8085
34,12207
96,929
87,10121
107,6263
58,3609
132,1739
37,6365
74,1753
130,1535
82,4943
33,6185
33,4251
141,13528
78,3061
160,3528
127,19833
32,5697
55,5167
70,18851
136,10940
113,2168
103,21838
45,13442
49,6303
72,7138
179,8303
89,15650
37,2385
95,3526
104,12033
133,10233
67,12008
56,1752
63,5696
164,3436
155,7855
62,9926
27,2481
110,6412
69,1483
59,2168
27,1905
65,5309
57,4466
60,15688
19,2061
70,14057
221,14875
47,3768
126,16272
27,12861
43,8134
63,12464
116,11355
90,13098
125,11112
98,2323
69,5930
56,9638
71,1576
105,3466
73,1689
40,1800
32,3405
52,1862
105,7705
26,3108
71,7276
68,3753
32,2893
148,20763
104,8932
35,5839
102,2757
106,9090
37,4964
66,12662
21,5137
34,5628
56,4742
61,4137
34,8875
56,8617
52,2847
106,6016
31,6977
88,6569
117,8960
146,6233
93,17349
77,7590
66,13410
78,1183
63,9177
106,21232
76,14971
76,3367
111,5217
81,13653
44,1380
38,1338
124,8363
226,5795
97,6412
34,13337
55,3301
131,14587
59,7090
72,3361
125,11129
34,1519
39,8927
103,6554
149,4800
58,1352
95,7469
51,4018
116,11895
45,4327
154,3293
67,16205
117,5764
137,18751
62,6832
68,4008
47,5044
148,11536
50,2784
122,7018
89,6846
71,4684
31,4952
52,8292
62,9525
22,9976
16,1459
57,3748
70,1356
75,4358
57,6990
56,23235
148,15995
90,2863
32,3860
75,8040
63,3101
92,2050
70,4763
84,10948
37,1914
157,16234
25,1917
134,9013
85,5650
113,2371
94,8175
33,2329
37,2581
146,7580
59,9406
33,1901
58,2971
45,2102
110,5566
43,6244
37,1743
53,875
32,2668
77,5957
24,3408
75,3431
57,3461
27,3307
92,4808
56,11915
59,1906
91,3905
155,13410
79,10868
95,3797
93,3813
107,4102
69,1404
47,10349
92,5704
175,3357
64,10142
42,15111
61,3056
53,13705
52,6920
114,11276
43,3459
89,9595
47,3770
80,9004
19,2046
47,13752
33,1937
110,10914
135,8257
25,8852
65,5132
45,1365
75,4781
34,2764
70,3993
44,9995
70,4301
43,1967
31,1385
47,11072
30,1869
86,4282
96,5806
82,11101
87,11956
112,17034
72,15624
16,4797
66,3322
43,1660
68,3157
101,2543
55,2058
90,8202
24,12390
83,4176
59,8732
33,2590
62,4478
71,2081
27,2153
22,4998
49,4352
41,7011
196,6423
97,1871
65,3983
116,15036
103,10660
97,2270
69,4851
83,12634
57,6092
28,1681
42,6699
27,7138
45,5219
52,13472
281,3184
70,20081
122,10717
71,4466
111,10822
70,6463
59,4124
93,5246
64,4109
51,13914
58,6815
57,19529
48,16042
69,9937
17,2073
50,14863
98,8916
95,6469
31,2639
47,2372
45,4604
37,5680
86,1031
73,1313
140,16830
94,9481
78,8531
193,4394
92,11115
108,6724
117,5950
39,2325
142,2183
40,2019
70,2350
65,3066
39,14115
103,2314
115,1707
32,4284
39,1983
96,11770
19,2424
71,11571
59,10564
99,5392
29,4111
122,10551
82,15400
327,11650
54,3350
190,7724
104,11728
39,2199
114,9802
115,4536
58,6155
60,1972
50,1520
68,2706
47,1854
50,4892
34,2578
107,9664
82,1868
81,1157
45,4080
137,4360
31,1284
65,1402
113,5906
134,11189
66,2135
106,2523
52,8733
41,1942
76,6816
61,15004
99,2461
69,18905
72,3016
48,4050
41,4629
49,1533
86,4710
105,17017
89,12910
30,3601
219,5831
84,2403
39,3420
22,3870
38,4524
63,5366
81,3371
31,2420
332,15338
55,4720
96,17975
57,11261
30,2200
176,1422
77,9606
39,2676
133,17986
56,5928
105,2546
63,9265
18,2030
240,1220
71,1659
421,10890
63,22197
47,2792
41,5934
54,15476
369,10933
82,7497
49,2022
173,5378
49,4203
69,3232
41,5889
62,1751
41,14899
55,2734
105,13609
77,7380
56,3126
271,2414
55,4132
79,2995
78,5782
72,3047
117,15039
75,2789
115,16394
133,8237
43,6663
77,8520
69,5768
60,12387
255,3626
96,852
227,4667
106,2948
21,1767
65,2747
43,1564
149,10481
81,6943
52,1681
75,9647
162,10171
85,8065
62,2785
37,3170
139,11159
53,8555
351,4790
32,3505
59,3130
108,17166
47,3947
71,8496
111,2885
83,1578
143,4230
166,10418
255,6095
34,3970
56,14579
51,3448
110,4075
201,16354
100,9838
54,1863
34,1593
87,1842
40,12762
102,8663
54,16495
104,7451
80,1202
91,4944
97,7540
98,3614
65,3541
187,3173
32,14505
46,5455
76,8822
159,5365
107,2170
76,8514
47,1268
114,6356
39,5961
94,1698
108,14874
27,11764
62,6961
109,5358
15,3411
58,15766
81,9411
106,20239
26,17200
62,2746
165,7653
114,1111
45,3824
57,2929
58,14994
139,5330
80,6248
30,4301
62,5976
64,6674
92,2050
51,20881
92,9624
55,4854
74,11531
64,6423
94,3264
88,2275
104,4107
81,1826
38,2807
92,14626
66,2610
44,2637
56,2631
260,14620
50,2527
76,14018
104,7460
38,2320
125,8427
98,13667
100,7086
26,3752
89,6479
43,4738
75,27409
50,12753
134,3671
41,3559
44,9787
52,1556
91,4240
109,7253
42,5856
72,6698
182,13006
240,6277
36,3010
35,3578
105,9104
84,12762
36,7193
31,3087
117,1372
86,3986
32,1930
124,3920
68,7279
59,11210
31,3097
172,4675
71,6416
24,10807
114,14172
75,2794
101,5229
62,7160
37,4087
67,10332
104,6116
42,10496
79,6798
47,12969
35,1591
66,4144
197,10822
45,2044
28,813
42,6504
58,2843
73,10765
60,5644
37,12521
68,5581
39,2708
79,6258
174,18781
100,6403
106,13087
63,2774
112,7602
106,11254
52,4803
93,9457
124,9059
97,1397
111,14515
71,4446
46,4972
90,14563
73,6959
93,5526
92,2415
77,4866
85,8092
75,4889
50,5511
75,4202
259,5827
66,6518
62,3357
21,3478
54,2379
40,6743
84,2085
130,14803
69,5316
183,3499
68,5092
85,10849
58,3803
119,11117
113,13704
53,4587
90,16291
72,6045
48,5737
234,7913
87,5030
162,13599
38,1117
65,5967
133,3440
46,1571
31,6873
95,16311
18,1759
70,4543
84,12190
68,5337
107,17479
54,5311
93,5468
103,8421
244,13789
49,1615
29,2129
125,2895
83,6999
35,1413
100,3891
78,8970
85,2864
86,4950
73,5631
42,3408
91,3242
63,5398
72,2640
73,12530
78,7204
41,21465
68,3370
29,1422
113,5991
62,4265
97,5250
108,4155
76,7114
43,7731
121,13031
73,1760
76,903
59,9742
62,14970
173,10640
131,3911
32,3754
88,7635
44,13000
154,4112
38,6676
88,6819
50,2814
77,1361
64,11794
131,8763
53,1864
80,23262
182,15170
32,2177
126,7158
86,9514
66,1883
76,9117
76,3040
60,3468
53,12874
133,7263
119,13068
113,13245
121,7339
62,4333
66,5676
127,6875
47,12119
45,4496
78,2308
86,5114
61,6993
46,8929
71,3075
70,17347
49,2896
129,1577
60,5900
99,1932
39,2699
54,1484
79,7271
57,13584
23,4662
65,17695
53,11197
115,13332
50,2821
52,4109
41,2388
93,9693
73,7449
156,18794
29,2793
289,3316
48,1262
57,12518
79,15048
77,2221
108,17579
42,2243
72,4088
49,4328
55,9320
43,3277
46,4012
108,1682
57,8911
152,18178
74,4819
82,9783
100,2530
124,2639
53,8996
45,5623
94,9703
36,5390
119,9024
72,3321
94,2287
41,4216
116,10785
36,5929
126,12006
92,7490
62,3715
80,3571
42,7501
76,18353
47,1646
112,11238
165,4063
64,7233
50,2976
58,3001
79,2890
257,9651
167,5583
297,3303
46,10173
63,3386
52,6028
126,5344
16,1615
147,16420
183,10568
69,4079
292,3723
25,5103
66,4278
68,3477
65,7304
62,2428
56,3032
111,16267
78,2583
37,3867
51,7791
107,4720
86,2721
90,2936
29,2984
62,9318
39,3671
62,5530
62,2449
126,2558
106,6147
102,11958
59,1493
134,7943
77,26830
81,9700
174,3245
82,2588
68,17393
47,2123
84,17152
60,4120
60,7606
81,4403
40,8914
139,11930
90,11525
73,15746
66,17527
42,10159
66,6771
187,14248
36,12113
46,4407
73,885
65,3414
102,5457
49,11159
137,7621
53,4337
96,7286
35,3196
43,3711
32,5754
39,7122
79,12159
101,16721
77,7427
88,5309
79,5111
50,989
55,2018
84,1714
53,3021
72,4623
47,5000
55,3435
66,3910
94,1535
44,8349
76,13092
84,1948
74,5997
43,1706
52,2961
49,2683
74,9385
84,2461
107,15708
59,3320
37,7355
76,4665
158,6791
46,5152
54,11552
38,4204
113,16979
134,3124
17,2371
41,2627
31,2068
66,15381
58,3325
59,5579
49,17559
78,3102
34,760
25,4070
28,3565
495,4271
88,4212
26,1604
42,3615
36,6352
32,2216
96,6339
56,3753
95,15086
81,4170
64,22715
120,13754
60,4608
21,1890
158,9432
52,8026
44,5694
55,2596
46,7022
58,3426
169,17061
108,3182
71,2334
73,7537
32,13488
35,10697
170,5496
30,1661
39,2132
36,10746
25,7712
35,1541
42,19459
87,2480
85,10123
51,18161
43,1389
141,9326
112,6317
33,4669
71,10644
86,7734
80,10974
116,5275
157,13952
88,6469
71,6056
80,5672
77,8004
66,9186
79,13281
87,7457
64,8872
104,3869
156,7236
45,6230
85,6705
88,2820
25,2053
84,15694
40,2036
49,4475
108,5768
127,18930
101,9254
88,2272
54,2532
64,10194
57,13979
78,3134
52,5994
66,2070
79,1912
94,5480
29,4153
166,3788
31,1003
27,10085
157,17903
38,4112
53,4102
57,3966
68,11276
40,4713
100,3751
50,5262
56,5450
95,5345
41,2115
20,907
44,2613
65,7196
218,12521
49,8096
64,2595
30,3906
54,3069
63,1729
35,3430
213,2117
63,4579
48,8205
58,9610
146,5331
48,1766
96,5141
160,3794
68,8639
126,7056
79,6216
45,9968
53,4998
125,5382
50,6540
65,12543
37,2403
117,3736
130,10154
68,8373
35,2372
55,2522
28,2502
53,1103
33,2757
211,10056
44,5202
45,15664
119,3116
387,9719
104,7871
83,1964
105,1570
132,7572
89,10970
66,1743
91,5805
37,2055
45,6668
68,15553
37,4033
82,15248
106,12942
36,12880
400,4064
100,2628
67,11872
55,2509
80,4599
59,7072
124,16952
58,9606
58,2117
64,13272
42,2976
117,14864
74,5595
20,3698
74,5463
140,14798
56,8687
115,3170
84,5368
89,1452
66,1902
49,3893
102,14827
148,3615
77,2636
213,7528
52,2077
29,1625
120,11494
74,17481
77,8848
51,3305
83,21884
75,5130
30,1806
27,3716
89,18781
60,3438
75,13206
59,5404
25,2400
124,8572
71,13741
59,7162
34,2459
72,12697
55,5153
56,2625
108,4862
92,3802
76,7511
39,2817
40,5437
29,13044
76,5862
49,6077
39,10178
79,4071
92,4875
71,5989
32,3430
48,3609
99,3444
35,3027
83,10424
54,1162
70,12416
59,2390
105,4639
30,1279
91,13377
60,6501
211,3614
28,3750
151,10262
57,6820
148,13009
132,2703
70,12746
53,2698
70,9305
63,2761
62,9911
79,7889
187,17807
70,7375
68,13262
23,2337
113,2606
31,1590
79,5321
55,11314
44,3770
61,3458
67,3115
61,2625
41,1400
24,1246
43,2864
42,7751
99,13605
76,2945
72,5926
76,2551
65,2591
72,1729
99,7316
65,8860
36,15035
68,2612
201,9710
58,3823
198,2454
42,6982
100,5642
135,4476
80,2543
76,1689
48,2814
41,2026
60,1304
111,10605
104,1594
127,7403
144,16134
232,7440
98,18496
50,20074
64,2994
40,16218
104,6542
168,6547
65,1308
46,17035
73,16171
28,2132
94,2980
30,4448
61,2180
116,1882
73,14517
58,2402
36,8122
181,5921
44,3221
36,3580
106,6358
54,7940
93,14291
38,6856
103,8767
109,6379
153,8463
61,7499
228,15358
79,6893
52,10176
104,5628
65,2773
24,6782
69,4370
42,10329
55,2456
102,4995
130,4777
147,2904
27,4344
110,2984
104,2983
46,1604
53,3043
59,4825
48,1396
331,11668
94,4291
29,2135
32,2049
100,15494
52,9130
34,2365
48,1922
118,12237
75,15403
58,3715
56,4178
48,4059
39,2626
52,1603
40,3070
46,9325
102,20859
162,17765
58,4154
215,4986
60,8599
176,17381
84,5762
89,13714
44,2222
80,6428
61,5605
78,8715
43,3689
98,8528
86,5415
68,15622
35,1043
26,3056
79,3852
61,13521
76,16158
47,4058
32,1914
56,2523
92,14279
66,3596
134,13484
105,10216
109,6166
69,10453
138,8303
103,3359
52,7416
88,2000
18,3337
64,2286
81,1577
144,4655
42,2609
76,8198
40,8047
90,7717
22,8757
48,14702
66,3292
54,4285
35,1203
49,9022
63,3658
52,2393
80,8082
67,9407
99,10120
26,5450
89,2989
84,1107
27,4175
124,1680
98,19717
73,8711
60,7683
31,3838
41,2330
43,3173
42,6958
35,11644
97,4721
80,5102
78,4863
58,5888
28,2129
118,2965
46,5968
103,18183
98,1531
116,18222
111,2906
209,8603
80,4939
51,3099
31,1881
28,3073
1163,4995
54,14769
164,13974
67,3468
63,6799
53,9028
108,9050
26,2767
60,3429
81,8580
90,4829
69,4015
70,8438
93,2212
45,7718
133,19818
71,16364
44,6550
83,3396
60,1812
88,5404
40,2885
33,1437
71,3068
78,12454
66,5539
93,3843
78,1715
24,2309
55,3572
171,6129
26,10334
114,5423
113,15789
114,4638
108,7632
178,13512
58,1384
45,3687
70,11232
41,2196
43,2283
162,8084
50,3484
46,778
68,4606
40,11662
52,5757
93,2287
81,1693
35,18017
211,3820
28,2483
120,5300
97,12850
108,2503
56,1220
86,2177
138,22895
105,16122
38,1728
56,6847
87,2975
90,4701
45,1860
110,17650
58,4468
151,13397
43,2740
154,9927
37,4423
108,8379
110,7937
132,3772
89,5449
85,9870
19,2160
34,6370
54,7938
44,9157
147,6097
94,3487
127,15735
112,5363
92,3464
37,5303
145,4498
36,3076
50,5425
94,9982
106,8153
38,1720
63,8415
61,10633
81,3611
41,15832
83,1528
90,15856
133,2137
95,1924
83,3742
26,17531
109,4118
52,8602
97,10160
84,4767
14,840
110,7681
110,2110
115,5981
55,2846
102,2901
75,3228
60,1017
58,5783
94,2386
67,6508
115,2526
76,4418
77,10037
83,2854
67,5951
58,14884
193,4445
62,6693
55,7509
47,1757
52,3996
76,5744
87,15211
58,8592
55,4754
155,5181
112,10846
88,1499
109,8370
135,17993
56,2903
110,4951
123,2100
86,12622
134,3227
137,1752
58,13601
76,20286
63,8688
98,11787
32,5110
91,22836
43,1254
65,7676
116,15539
105,18518
107,5736
45,2091
51,1500
87,7809
82,7166
55,13541
153,8566
106,5153
65,3816
88,1315
58,5437
94,9550
33,1658
100,9153
83,2528
29,930
119,1599
40,9592
27,4622
76,10072
124,9671
26,5436
87,22508
62,1013
72,1198
32,4384
65,7889
99,9597
94,5244
134,3678
108,5683
69,4348
50,5357
93,9403
115,11261
41,2093
59,5663
189,1380
33,2995
96,14213
80,4231
81,8916
29,1624
63,4171
84,4133
74,3724
52,6005
21,1764
60,5765
74,3145
175,10713
57,2391
40,3185
82,11454
39,4890
72,7213
49,5967
57,3079
107,6761
67,10769
101,2513
80,5266
62,4339
51,2609
133,6812
69,1632
87,1822
35,2656
77,6824
226,12346
128,4364
69,1575
117,20473
34,4035
40,3676
96,5817
167,6578
40,2821
74,5384
103,9120
26,8650
38,5006
52,3460
69,2258
66,5337
87,7323
137,4920
58,2375
33,2437
35,2755
66,1978
130,6909
53,2738
89,1436
92,8430
39,1480
102,1641
120,16955
109,10218
57,6352
79,4276
128,8272
23,1628
66,16182
131,5085
81,3063
34,1366
24,2167
33,13250
48,5315
26,9602
69,927
62,8834
69,6699
155,8340
61,6164
27,4074
82,9374
214,1604
110,10196
32,4364
61,2328
42,8885
66,18236
18,3028
50,1497
23,11266
65,9046
57,2814
60,5349
62,18005
63,11615
33,3555
107,19128
72,5084
60,1991
66,4167
69,3977
64,3456
148,3408
86,18511
85,5664
83,4297
147,1930
13,2628
75,11455
136,14179
114,3882
92,4081
96,13418
56,7113
63,12083
82,3831
121,9810
104,17373
60,3703
76,4202
62,984
57,1744
63,10205
59,3898
85,2383
131,1363
118,4472
152,8287
41,3497
84,6518
63,6199
85,1733
105,8656
76,5093
65,3905
348,7171
41,8758
134,13243
103,10261
83,1444
72,7252
57,9904
87,1871
61,11970
54,11081
38,1030
123,4939
55,13272
127,6715
54,3191
82,21456
102,1218
31,3335
99,14018
29,1518
34,3199
60,1997
74,1441
292,6816
103,5494
104,3368
121,2807
87,12461
70,1675
159,7683
41,953
87,5566
52,6629
64,6351
98,10202
155,14868
68,10158
132,5147
59,2761
96,3529
56,5398
91,3516
40,6823
63,6759
43,10089
91,12291
43,3737
44,5583
68,17659
138,5059
108,3326
82,4221
122,1914
73,4547
51,17250
87,3518
138,10481
128,7784
32,5750
158,18518
85,19095
108,7696
24,1626
40,2960
77,8819
52,4541
32,5876
71,4530
98,9589
31,2197
67,5731
89,11098
45,8515
51,1261
98,10718
40,3382
41,9301
69,16433
85,21014
76,10000
35,5590
56,4530
142,3495
25,4988
61,4396
70,3104
118,3638
67,7174
157,10636
59,4097
60,11445
179,3953
114,4981
130,5642
55,1638
122,8861
171,3519
100,1326
113,4741
133,17405
180,13747
73,4854
38,8431
85,2502
47,4339
72,6935
23,4237
55,2462
33,2127
56,7098
84,10083
87,9017
84,1684
101,11131
83,1614
102,4229
46,2449
93,5482
96,3432
73,8135
37,7024
63,5389
39,5515
219,7259
43,10774
30,9386
55,4968
116,4604
46,2807
93,12121
41,1814
65,1585
42,4658
94,5720
53,24765
49,3511
45,4504
114,6670
126,1298
247,7348
90,18518
123,13797
117,2876
56,7098
51,3545
86,8973
78,14859
26,3464
29,853
52,2644
76,15002
38,2031
59,3144
102,16093
133,1873
53,1081
35,5285
81,6018
38,10235
112,2168
16,3263
34,1207
45,8266
60,13404
61,3287
79,1758
109,5163
61,1574
65,22068
88,1977
37,1218
243,12916
55,3753
148,13740
106,13035
51,3162
95,6811
68,6858
47,4683
85,3924
76,6312
52,6846
54,2492
59,5792
92,4641
217,6929
138,4687
86,5595
68,12796
103,20988
29,3843
45,4505
76,5996
66,4005
61,5667
86,11450
75,8570
100,5282
79,5120
25,2170
92,14591
131,7397
124,14040
63,7082
85,9275
57,1754
94,17547
79,4947
49,8638
94,1797
62,4758
90,8773
56,2467
57,3729
81,7006
66,2330
72,3278
84,10068
88,2366
16,4058
113,2938
136,6224
22,4104
79,8798
37,2954
38,1351
79,7096
122,7062
65,6722
36,14194
119,4629
112,12203
63,2383
51,6713
45,8888
52,2682
53,10986
22,1066
107,2668
74,2519
55,3388
81,1160
92,14159
77,2406
52,2083
111,8297
147,6730
70,18562
117,7450
65,1989
43,5400
50,2560
24,1232
69,2248
55,5462
81,13198
54,3563
42,3526
175,7750
75,5612
179,1604
31,6394
43,4501
58,11068
37,8372
44,2345
65,2622
72,4583
41,3815
53,9632
73,12877
70,5013
79,4079
129,6438
99,12727
68,2951
52,4237
51,5104
84,4264
147,14956
114,11000
25,6633
57,1324
109,11464
54,6647
79,3861
62,2259
74,1790
134,4990
35,5662
30,2596
52,2849
74,4639
86,6407
62,7491
125,15688
48,5730
68,12023
49,4251
69,3147
100,7273
92,1403
101,1250
123,15123
64,9563
65,3093
52,4623
47,6235
24,14567
50,9463
108,2257
29,4215
49,2270
73,11831
34,5425
87,17455
66,8247
69,9581
74,2682
71,12144
180,2559
83,3463
32,9346
45,6641
28,8499
19,1657
177,13285
100,7114
49,6856
47,3095
83,7494
99,5705
92,7221
71,12524
89,7554
72,8486
81,20581
108,3405
45,4431
65,6499
102,5426
465,8186
48,10279
49,7901
64,14813
33,2018
66,2856
116,4690
109,5954
69,5702
66,1854
109,22193
84,9374
79,3423
40,3821
74,20989
85,5087
54,8676
100,9738
57,2435
30,3788
34,10112
53,7271
71,8075
59,18406
42,11960
30,9092
59,6966
48,3118
110,7534
254,14422
150,6329
61,2313
62,9555
79,7738
77,8724
54,3779
40,8210
118,12690
58,3026
123,9120
45,2660
118,6290
49,1886
105,1488
57,2949
70,9551
91,10686
44,5631
42,7237
26,13136
59,2825
87,3016
83,3495
23,5259
63,12716
98,17379
179,18274
101,4440
175,9330
74,5488
123,5949
106,4753
50,1870
34,3029
90,4295
36,4036
74,2275
51,1024
112,2793
131,3451
109,8035
106,6187
260,2644
50,9004
103,14961
93,3177
100,7250
23,2065
69,10709
61,5300
35,2192
49,1518
72,6015
77,2550
47,13150
75,3832
36,1743
58,1668
55,5301
112,2554
66,12093
85,10692
96,4939
44,2357
88,14271
44,9504
66,19037
73,7152
66,4017
64,3982
125,7522
105,2883
75,1702
119,3479
82,1622
63,6281
76,3714
53,10431
33,2106
104,7832
86,6890
74,19864
134,11873
45,3619
75,1644
40,8988
114,3231
124,13968
52,4480
74,20347
28,3371
112,15342
92,8633
49,1213
71,4625
48,12534
22,6790
160,6748
134,6669
213,11880
84,2851
266,4387
100,1900
51,8380
87,16110
100,2833
130,24784
62,4908
56,7501
37,2741
52,3514
48,10247
53,5172
244,4480
134,4564
109,15057
47,2202
56,7329
42,4076
85,4075
41,7527
104,2065
97,6438
89,10394
61,4221
136,14237
69,11345
24,4959
185,14556
102,3738
108,1621
64,6705
63,14294
20,7149
75,7015
39,2365
59,1096
19,1313
41,1683
46,5772
29,15501
34,3414
32,3627
110,7322
86,7150
61,3171
32,8661
100,8631
107,2662
112,3520
55,3361
54,1618
66,2141
101,1922
162,16085
152,2067
145,2614
121,13200
56,12118
134,4637
92,6220
65,2143
24,11244
130,4462
83,12410
36,10675
35,6677
25,1729
36,5577
96,2567
75,10657
147,4748
52,5112
327,7417
55,6056
43,4891
116,4485
94,8044
179,7574
80,2868
48,3439
50,2323
106,12724
72,7029
87,6059
65,4158
48,1963
71,6700
73,15597
101,7134
31,3127
29,4267
44,1536
28,2047
73,4990
66,3217
23,6119
46,10435
186,13922
100,10081
65,3163
29,4305
49,5799
84,1920
45,3230
67,2146
30,3975
57,14123
33,2586
83,2457
44,2247
121,2138
56,1572
137,5858
67,13217
21,1846
111,3930
119,15845
124,7346
99,2016
94,3134
74,4397
31,3527
25,8437
77,15496
38,11474
116,2904
112,12473
80,1844
41,2161
71,5342
35,1048
33,4274
45,7838
54,7705
74,22740
86,9888
45,2564
88,9102
31,1911
123,14668
140,3024
92,5780
59,2417
39,3351
94,7550
56,4980
56,8594
73,2275
59,3330
31,4690
22,2197
64,17985
38,6026
108,9726
90,1819
69,3666
95,20191
21,3501
112,5668
40,1493
62,2832
141,9711
190,15009
70,10229
75,3867
49,1062
55,7301
60,2293
78,6668
127,14940
92,3661
99,3824
41,12297
79,11227
62,6359
49,10523
63,6592
59,7219
26,1850
75,7099
37,9100
77,12394
80,3728
160,2189
55,4503
88,5674
81,9100
62,5744
79,6939
32,1644
117,11120
69,11328
78,2952
57,2760
205,5062
84,2312
121,14030
100,19515
60,14751
79,7036
118,10725
62,4384
67,1586
49,2238
29,3588
95,3930
121,12407
61,1461
48,10680
115,2172
66,4779
111,7648
68,1816
48,5024
121,15050
12,4915
43,2322
61,18080
121,12617
202,11281
27,1650
29,7466
23,1046
98,7901
68,11736
25,3718
368,10797
124,3750
90,3128
171,6398
149,16712
34,4325
39,1352
44,9158
26,1837
89,11131
94,5273
175,7653
93,7788
111,3150
93,5434
93,2071
60,2757
78,1002
114,2342
162,14285
79,2973
84,3439
58,16947
80,10677
96,10211
78,5564
72,11809
74,6219
40,12250
80,2901
42,1529
115,8907
61,1673
77,11055
61,2594
21,3172
137,1803
67,7776
30,6912
80,4062
51,2105
51,6506
144,4788
111,3264
57,1418
27,2941
55,2215
172,14608
64,15229
110,10517
17,1193
87,3217
31,2119
64,5187
50,1423
115,9021
69,1480
59,9682
90,5068
114,3948
70,1546
35,2091
30,5503
64,5783
60,13553
63,2020
96,11668
43,6260
69,13545
79,3207
26,6194
53,4886
75,12449
47,3203
68,1318
114,4561
81,5015
60,7582
162,4039
197,15839
122,5257
32,2512
135,11662
35,5009
108,2888
52,5681
64,1695
243,9603
23,22233
97,27507
67,6863
72,2754
65,15156
64,9952
89,5983
57,1826
106,13103
59,2681
85,1879
62,6073
27,1385
67,2942
34,4448
66,1390
72,6149
74,2050
53,6964
116,14998
40,2685
104,4568
88,5522
62,1271
38,10141
243,4291
100,18859
46,7022
52,3291
85,4316
79,3221
60,7877
58,5863
63,11980
421,5587
244,9540
114,3988
91,8598
69,12273
27,5860
69,1913
69,3430
54,7097
136,10395
138,14868
69,3713
63,16097
36,3342
144,3253
115,8137
24,1190
130,6325
61,20639
19,2296
69,11526
113,21131
145,2887
49,2062
42,3168
41,12016
99,3615
60,2095
83,10029
81,6951
61,9251
25,7538
43,7878
48,3829
47,6743
94,5213
77,2347
94,16064
117,13302
59,3138
60,1830
127,16690
37,3519
192,9144
84,16697
54,1494
57,19092
80,6916
76,5386
54,2535
123,3417
62,1603
83,3910
32,1218
84,1272
289,3323
60,4174
90,4341
68,8721
59,4145
82,15534
111,11284
41,13911
47,6409
86,8246
42,1718
32,1642
58,6222
49,2688
134,1819
97,5432
126,7195
172,2146
66,9862
76,6938
92,1891
68,4247
42,1102
86,1367
30,2689
38,4068
181,10685
207,16810
99,5114
50,12921
38,1890
49,5299
38,3928
30,1577
97,14381
29,609
59,6029
58,8186
26,2517
47,7818
169,6571
78,3108
111,4462
43,1435
68,2412
27,2094
57,3965
72,5853
45,3036
75,3239
78,6961
52,1845
48,2571
104,4649
57,4402
45,6235
14,3045
229,10356
71,5504
67,3929
42,2520
24,4376
75,2253
69,14462
155,2367
86,3867
90,9178
40,2401
30,4020
64,20558
80,3236
155,6787
77,9373
78,5691
52,4431
94,11373
38,5738
95,1651
61,8075
56,2002
206,11042
38,5886
115,11470
42,5111
35,11980
74,17323
46,10837
99,5116
70,3535
92,20452
34,7986
99,21009
36,6370
77,2886
181,4928
32,4480
101,6992
54,3498
75,8062
52,4659
63,12693
58,2831
43,7069
51,3348
78,6004
60,5191
94,8062
289,7994
101,11793
167,8432
85,6745
115,15139
85,12040
110,3952
90,14065
47,2031
54,13249
62,8111
56,3355
71,8247
63,1094
56,9061
112,4840
96,1660
187,2765
42,2729
74,2606
136,3856
74,5767
78,9775
105,9404
69,5979
137,15536
28,6404
98,3051
70,6983
102,10129
52,7203
50,4336
42,10841
69,6207
73,3263
269,10562
55,6325
62,7405
77,1218
78,7194
110,5670
128,31256
42,8212
109,1687
67,788
89,5573
84,14220
38,2279
126,7065
42,3459
21,4582
97,15090
185,7203
92,9777
36,3449
68,9041
55,2913
109,4034
30,1775
49,2481
102,6094
63,1944
110,6998
28,2810
41,1270
64,1974
50,2797
22,3502
34,3697
85,1745
103,8233
55,13860
116,8699
45,2295
65,3096
33,7080
123,18267
56,4155
14,908
71,3362
25,3712
67,3315
81,4249
74,6126
97,9145
51,2599
133,6558
45,4265
59,3129
188,5996
75,6151
87,14387
137,5356
201,25557
57,1851
51,2422
91,14150
42,2292
41,14774
105,10350
97,3381
53,3357
69,1853
25,10403
90,4302
36,1851
73,9114
133,5059
44,5801
70,14083
97,3920
42,2985
89,4075
28,8859
139,3318
63,1272
68,5585
67,3047
97,5429
55,9213
67,2285
44,5108
78,3027
78,5483
21,2142
43,6889
45,12719
52,1158
66,2362
51,3609
71,3072
98,5558
35,2545
40,1403
83,5394
74,7823
104,5052
127,7544
166,12258
115,6391
76,7440
44,4167
34,9972
105,11416
29,2230
82,2123
73,8141
33,1643
189,2148
51,2805
75,4386
123,19941
39,3980
78,6822
56,4896
101,8048
135,3375
115,4651
80,5745
76,2331
87,3516
39,8447
35,1971
98,12784
23,2185
103,2171
310,7160
91,7468
64,1996
75,7294
35,2848
56,1969
83,13022
72,5887
147,5355
42,6612
67,4340
29,1456
87,5017
68,6761
88,2697
63,12076
50,4430
14,7286
37,892
62,4250
83,2196
136,7506
41,1294
112,5977
159,6016
57,6537
33,2911
114,5470
174,3682
77,1737
55,3831
77,2131
100,5145
41,12481
116,8012
53,4764
92,1496
33,3260
67,1199
20,2519
18,2141
99,2040
44,1137
142,4852
61,7771
71,4818
82,5458
32,9017
56,7606
78,1927
167,5845
123,16123
26,3801
70,23950
93,843
111,3356
147,3247
75,2312
46,3370
75,2740
46,2057
82,1991
94,3533
63,6553
101,2031
95,1036
123,6186
56,4194
71,20033
53,17566
125,4300
16,6017
111,2564
41,3731
23,6557
77,12755
54,857
68,14661
38,10107
89,2867
60,2026
82,2632
34,4331
119,3958
95,18761
76,1042
250,8166
67,4713
99,3120
68,4978
57,4753
32,3685
213,6853
33,4709
56,1353
60,4327
40,7259
58,13065
46,7574
82,2072
40,2741
91,3936
79,8420
85,6056
53,4586
55,9338
201,5886
58,2934
104,4834
172,4281
174,3455
86,12689
76,2280
56,6002
116,5395
51,4428
114,14156
94,1923
73,17415
108,4355
108,5056
31,3636
29,2441
83,4505
60,4297
20,2025
43,4117
112,3198
90,5150
110,5711
35,1786
91,6995
40,3536
133,15431
103,5302
53,3129
99,5037
141,19309
45,6095
123,5203
122,3757
65,14646
267,18386
91,9171
251,5449
28,17527
58,3663
47,2725
42,4000
29,1658
115,2207
79,5799
89,1564
53,3584
64,5324
32,1819
75,5057
102,2652
43,9860
55,1193
48,2272
78,1075
67,4153
128,14652
117,7756
47,3824
13,1607
198,11384
111,11346
31,6150
31,13468
54,7360
80,3956
52,3433
93,6657
214,3226
64,3673
75,5128
80,21083
114,11301
37,1422
68,8421
57,3882
91,3170
85,3124
46,5624
97,7249
69,5114
57,14098
109,3235
74,5916
75,16592
56,6494
75,5682
81,22275
150,9267
33,2256
145,11258
61,6324
159,7057
98,2394
36,3509
32,1735
33,1422
81,1239
100,1820
108,6520
54,1797
39,1110
78,9138
77,2009
40,10837
76,6238
85,7203
37,3805
53,1210
37,4209
125,16220
108,5887
301,14082
64,11016
72,21976
111,4099
66,8165
77,3427
93,9471
92,3150
35,3748
88,5449
35,10170
50,5650
128,11916
159,10805
48,5928
177,7450
39,7859
84,7588
114,8513
59,7166
117,1811
66,8062
126,8453
31,2398
53,10074
80,4612
37,7568
53,5662
32,3329
115,6861
62,3894
86,4861
37,6304
78,14341
141,7416
65,5615
205,6122
57,17370
70,4006
45,4697
103,14064
66,6658
52,2977
73,4938
147,15251
98,10695
42,2040
82,7340
70,3563
47,2684
77,9248
115,16441
132,5342
140,8776
178,4762
41,2668
130,5415
106,3316
49,5177
41,4703
52,8381
210,12453
96,9907
50,3708
91,4650
93,1850
49,9271
78,901
91,2006
73,1584
51,1895
44,13182
63,6377
72,2847
105,3038
99,7301
75,4462
60,7004
32,6432
56,5389
49,2625
35,4505
85,3770
155,4177
64,2912
98,10788
51,2226
22,7320
99,33710
82,17639
59,1601
64,2054
84,2326
102,5920
177,9416
125,2741
160,20689
38,2357
106,6742
57,5644
68,3031
50,3595
25,2424
47,3859
112,1500
176,5693
114,6548
76,4422
63,1916
83,3520
90,17128
41,7256
110,4649
25,849
49,11285
66,2985
66,16444
42,3108
68,6842
76,3252
63,4683
51,8481
33,2170
72,2936
74,9650
121,17929
105,14139
43,4649
125,10446
32,5611
38,3622
79,18120
49,7039
59,2329
81,2003
119,14093
57,3990
146,2344
90,12810
106,3423
47,1987
110,3410
147,7551
60,4546
46,3508
76,11555
51,8101
30,3266
100,7458
37,2003
76,8964
58,4594
153,17647
71,5481
66,17046
82,1445
144,3691
31,2387
91,6953
63,11235
67,10222
60,1644
49,2911
121,3908
56,2765
120,4590
58,7604
68,16301
90,4197
103,1098
73,10446
60,3734
70,16067
134,6527
61,6967
41,1049
475,2794
58,3740
105,2088
61,7396
32,4682
60,5592
108,5950
42,3636
64,2772
52,11342
56,1997
62,13304
159,4098
46,5654
70,3595
97,7348
90,12330
54,4338
43,3303
59,1461
50,1789
129,14083
75,7310
83,4064
38,10772
69,4502
149,2427
68,6572
105,2855
65,6043
46,13766
98,23997
129,13459
81,6931
64,3800
46,20312
144,10312
107,10243
43,11139
132,2644
89,6695
34,3992
81,2678
41,6854
75,1333
24,1726
64,1470
48,7276
120,15037
56,4179
114,12434
94,990
98,10927
59,18725
101,14273
150,7945
146,5786
40,6610
78,5358
63,1023
103,9807
28,1853
68,2655
121,1255
47,5388
59,5911
95,3738
64,10658
44,4416
132,4583
147,1799
120,14357
67,4324
66,7460
73,8678
59,6151
115,4627
75,14353
53,5646
46,3683
44,14759
141,12190
90,1440
62,17530
105,15968
30,2641
131,3133
54,1934
101,9062
49,4892
45,2271
105,11099
26,6658
142,13058
59,3057
51,3805
61,2811
15,2100
70,1316
55,2684
67,4500
81,7206
31,2788
68,9057
61,11069
63,7641
59,4091
157,15027
155,22335
75,16972
174,3547
82,9200
70,2622
35,2448
77,4737
45,1164
52,3817
83,903
46,5179
73,11755
81,4796
61,3376
40,2917
121,6827
60,2390
85,16072
97,3405
63,8227
46,16982
84,1451
73,3516
51,7579
58,3285
100,6208
58,3249
85,2290
152,17322
62,13968
82,3581
39,3479
73,3385
82,9896
17,2712
53,5458
59,15137
19,5144
75,6438
122,5573
59,2370
91,4880
52,2974
54,2963
40,3938
138,11937
53,6748
107,6352
30,3184
70,4652
85,1775
45,798
112,2780
83,3655
69,2150
110,1916
34,6244
92,5279
45,2398
50,5054
150,7236
48,8288
54,4378
97,1934
140,7979
90,3917
60,6361
144,11054
52,6567
45,3302
39,13681
102,15393
41,10065
37,2127
62,2392
75,15800
49,12008
141,6252
79,3211
74,8253
74,1608
103,11311
118,7454
66,2425
65,1149
40,3324
68,4757
146,3779
64,3728
98,7737
102,5136
51,4621
81,12892
108,2393
55,1423
37,947
53,4308
38,3298
32,10614
113,2091
109,5560
70,2453
47,1474
65,2875
454,2019
53,6814
100,5309
75,3530
50,10955
93,1392
39,2741
27,1594
59,1860
83,1448
43,3140
53,4067
70,16140
126,11412
22,1828
34,4909
97,8426
75,6221
15,5485
76,12569
79,14874
76,2332
52,4540
65,3737
96,3726
155,5388
78,3134
64,2402
69,3654
107,2128
59,13985
162,5101
163,15702
79,2085
90,12803
71,3456
101,10945
36,15338
50,4899
59,16908
77,3980
66,20265
54,3050
43,1832
70,14382
77,2406
46,3175
50,17786
31,1773
57,2472
120,3574
98,2175
41,4782
49,872
118,6151
116,16435
244,19749
91,5961
55,1398
40,2776
40,8601
65,3897
51,1877
66,2359
91,5075
72,16758
77,4399
69,5716
45,3463
135,16968
87,26545
63,10873
54,2665
54,13134
35,4207
131,6103
124,18752
134,8594
77,3815
102,3613
90,9559
41,12949
172,3216
70,10935
62,3832
79,2089
34,4063
64,3299
81,7697
40,5593
284,12063
218,4677
183,3341
58,11884
57,3837
15,4109
71,2489
133,3129
30,1239
58,1809
68,1146
217,18202
47,7299
41,4606
30,4404
162,6736
85,2674
113,2930
117,14176
82,8818
46,1523
74,2744
88,9676
52,18278
126,7053
34,2772
134,25079
44,862
73,3048
32,1080
69,7346
111,14341
90,5654
56,1802
85,1280
235,6308
86,4826
112,10102
33,5685
181,9443
113,12457
60,4688
102,17255
126,4740
57,8988
56,2318
34,3043
32,7319
66,18490
42,11691
39,2364
111,14351
52,4267
133,2770
72,3714
80,11568
159,12072
150,6953
131,4509
64,10456
27,2446
83,2170
61,18029
52,1301
60,1874
127,11714
39,8012
116,14862
152,8225
38,1467
40,2955
37,12733
63,3533
66,3810
74,11041
100,5473
48,4521
73,3823
44,4111
61,1828
101,2683
67,3300
68,2329
164,16400
120,3181
96,1609
35,12947
92,10396
102,16982
84,1866
85,4154
14,3774
69,2913
39,8436
94,2142
45,3165
183,2322
117,9124
44,1326
55,1603
55,6502
83,4025
119,13301
135,9802
88,11746
83,10391
51,3005
44,1531
45,1922
45,3308
84,6311
62,4870
60,3182
77,6918
168,9113
62,13181
130,1882
81,1336
171,30198
141,10005
70,6309
51,3261
25,2614
105,4856
78,2461
50,1556
88,16180
64,5590
33,2345
101,4682
63,4480
47,1152
43,10998
55,10897
66,8803
111,10032
142,13784
77,1912
30,12473
60,2130
113,17444
42,12636
63,2617
30,9821
185,1520
89,5432
53,8190
131,6934
40,8385
161,7774
66,7085
100,6444
57,12626
49,7449
31,7998
68,2168
50,8244
75,16395
87,4337
46,2861
67,3670
92,2047
106,7467
19,2481
41,2298
88,1599
54,1522
68,5850
64,1537
119,13545
89,1465
55,2786
33,4551
268,11138
131,17477
185,5622
86,4598
73,10875
58,5872
80,1243
50,3337
41,6498
130,2332
66,1496
175,10178
69,2251
62,5324
56,2211
35,4548
60,2557
62,6214
167,9889
142,2967
244,11293
48,2563
49,6406
29,1602
73,6251
129,1614
55,6683
97,6761
62,2252
73,2880
91,3029
113,9623
96,14121
53,13571
60,5069
111,4491
67,16516
171,10580
217,4262
58,2024
63,5751
27,1964
202,4804
45,2869
95,1879
71,3042
117,12576
98,6167
78,5854
85,7074
104,9926
52,1512
88,14596
77,21327
47,3873
96,13905
32,3725
64,7614
98,5717
75,6257
54,5333
51,4590
102,3482
27,3348
61,7309
112,16429
55,2318
88,17419
61,10002
105,13896
46,3451
96,20724
46,1479
45,2687
73,4440
33,9823
128,6794
84,2171
101,11101
24,4714
104,8916
60,885
68,2957
76,2197
41,3426
78,3140
40,3264
63,14321
108,8536
56,1932
29,7815
22,2074
359,3578
292,5029
80,1091
154,4646
139,7779
121,21586
60,2458
78,23485
121,6106
46,4424
29,1502
30,7393
73,8379
94,3995
79,3724
24,3693
95,7808
77,2873
86,13463
70,15482
37,15009
114,14850
99,2112
52,7149
103,3703
103,7831
36,5513
76,4380
66,4589
59,9518
78,3617
55,3425
60,2119
67,9735
34,2390
52,1683
108,5761
136,14100
81,2481
75,9899
113,5228
100,10475
102,12181
58,8841
50,6929
30,9124
102,17957
82,12970
56,9905
83,1075
54,4068
78,14804
80,3306
34,9860
100,4867
60,15777
70,10323
64,15201
121,4033
100,2246
114,7781
48,626
141,3435
64,4491
38,2724
148,22612
57,1812
85,12629
139,10619
48,9191
45,2688
103,4068
85,3911
72,3041
86,5096
43,17095
144,13797
112,12822
48,4836
63,3641
103,4157
162,9985
18,3529
107,7304
54,4774
71,4036
99,17752
137,10152
61,4316
35,1005
99,10331
151,11644
66,10309
86,3674
68,6076
56,4211
60,5480
59,4701
76,1250
38,7294
46,13157
147,12655
127,4673
90,12748
93,8144
54,4458
213,13024
49,5429
104,3369
219,12044
85,3208
70,4694
39,1832
89,8935
56,11218
64,6041
223,15223
62,3630
57,6272
125,18335
115,8293
187,6077
30,2173
85,4103
54,18562
93,14675
88,2108
51,4109
140,21243
61,9298
46,10258
52,3832
59,10394
41,14122
51,5556
83,21019
107,5596
160,5286
111,3503
56,3496
52,5799
32,3521
176,19618
83,6487
34,1656
181,10209
60,4950
145,11039
72,4819
100,12586
107,3789
44,4701
77,2606
96,4297
116,13187
38,2435
77,4842
85,2004
177,3064
65,1748
42,1283
103,7749
72,15821
125,15894
74,7983
60,10408
119,6567
111,2619
110,6091
64,2038
88,4731
141,16257
73,5463
21,6074
46,8038
44,3043
117,18915
92,5825
86,21325
172,14044
102,4311
215,5299
152,3689
81,7390
59,4092
127,5428
58,1576
101,2302
74,7601
42,5216
53,2340
57,10275
116,1557
108,4372
78,9966
62,6630
115,3354
159,4480
32,1588
229,7497
23,1080
71,3397
105,5259
43,11251
32,4629
34,18327
178,5628
43,2437
88,9520
50,958
86,7984
98,17671
106,1075
24,2655
54,6657
91,2220
83,10977
97,1370
177,3550
137,15409
27,2449
68,6094
81,3080
148,2630
34,10224
58,3482
57,2882
50,1582
54,1434
53,2175
36,3072
79,5153
44,2050
56,3648
18,1448
58,950
186,7651
95,1961
135,1705
92,8565
129,10301
54,12544
42,1529
172,4044
66,3736
76,1963
41,5684
60,4279
66,5937
25,1560
44,5827
48,1581
101,22308
94,5161
58,8716
89,4657
93,9065
113,4321
87,7553
103,3849
92,4389
51,5387
74,14693
103,2858
124,4830
56,4060
162,1932
61,1353
125,1397
78,1599
65,7097
50,2784
69,3640
49,1985
40,2978
161,2843
52,4223
79,15137
42,2867
27,1120
54,15734
15,966
146,15759
33,5991
79,11422
68,4640
75,1602
173,8132
77,8578
13,1814
50,7238
59,2059
98,2330
104,2714
57,3612
29,1435
56,8470
59,10108
76,9090
57,10543
89,5299
81,6865
30,3248
121,6224
72,4265
75,3743
28,2475
141,3615
99,4602
73,4959
54,1867
46,6168
66,4244
71,22136
49,3108
61,3062
62,3926
72,9290
76,8086
70,8097
116,6661
59,3392
79,5458
62,3337
85,12390
74,6414
97,1957
86,8070
94,5007
86,13550
68,6460
101,3533
49,4362
50,1894
97,1995
85,4879
61,9549
74,4681
47,6167
66,6426
172,5201
57,13695
58,2420
45,7889
123,21066
78,3654
48,3849
31,2059
204,3655
43,3159
102,2663
43,4419
54,2519
139,2876
57,7507
37,2114
35,2312
62,16493
36,6813
53,4293
56,2088
140,3818
98,7165
30,1953
84,12132
45,2868
67,12300
35,8908
38,2256
101,3699
49,3056
56,1290
66,6586
52,2440
60,6104
84,5518
69,3436
46,7308
80,2280
45,5792
111,8194
88,8657
89,1704
37,12427
64,7140
114,4386
89,2693
47,6581
211,10163
59,1780
27,1604
87,1615
157,13710
71,2544
96,21091
41,2141
78,7318
99,14592
103,4439
65,4569
131,24245
109,5547
41,6089
27,7661
59,1605
87,8103
97,13420
135,6387
57,8732
59,10652
54,742
85,15087
36,1575
71,4623
65,2513
47,16941
50,5570
36,6842
113,4059
64,5351
42,2086
82,1674
79,6225
80,5385
83,6503
135,10347
91,8464
121,6591
90,6177
67,2175
108,6903
45,1558
67,12675
66,4174
83,4857
79,5221
46,10805
82,5740
69,3754
65,1264
23,4059
94,11120
95,2900
50,4919
43,5321
29,3727
55,2380
70,4491
45,6653
25,1873
120,4579
72,8552
37,3334
103,3293
60,4414
23,2478
57,1303
74,14192
30,8756
36,10090
113,5211
81,3103
44,3893
100,4533
59,1625
73,9190
56,14835
48,5289
83,13606
142,20057
45,2095
139,16254
37,1796
76,14336
36,15180
125,5209
64,7571
69,3780
66,1942
26,1963
97,15264
46,5316
57,3873
82,1179
100,9049
139,16184
50,17097
152,4277
50,4277
54,1419
43,1632
33,2507
108,5163
59,7030
62,2534
76,4979
107,7797
28,3705
70,11515
100,5429
73,4036
52,11258
31,1815
63,8371
28,13562
62,14161
41,8560
55,1597
43,1967
54,7145
48,8188
53,2026
123,3245
77,5443
51,2965
100,4732
47,3836
151,2570
45,3536
51,4936
103,3026
103,12722
53,4479
49,7890
55,6438
128,4271
69,9055
61,10525
149,10940
111,14226
108,8274
120,2260
86,10363
135,6775
112,18799
78,1871
100,4320
78,17000
55,4201
109,4506
64,8217
39,2852
30,4501
26,7889
112,6620
122,18180
40,4652
110,5269
150,8418
79,6074
111,9353
45,2091
51,3756
133,3033
64,7150
35,4949
81,8970
180,8609
79,1853
181,10530
143,14838
47,4756
29,2353
111,5470
30,3752
79,5001
135,6990
46,9542
49,5391
48,1327
96,9295
113,24070
119,2877
31,5015
41,8209
64,7198
59,1062
104,11854
72,7876
118,14510
62,5214
108,3900
165,8785
74,4212
121,2766
58,3097
172,17027
115,2371
95,3369
105,9841
56,7891
93,2481
64,8120
51,4587
116,10500
80,5212
70,2641
24,3983
74,10194
55,2039
83,3679
100,1914
41,7768
24,15250
75,9511
51,4422
85,6954
50,1577
63,5606
52,16881
140,2719
48,5169
66,2400
93,9080
53,1723
31,2932
50,5082
38,11942
57,1435
95,10217
54,3868
146,11810
77,853
65,5921
62,8906
38,2347
31,1640
47,11488
66,7706
37,1745
109,9656
58,2091
74,3706
45,5309
115,10606
55,12804
52,5696
103,5556
69,15949
70,7800
83,15331
111,4585
74,4276
65,6374
160,9938
52,1017
98,2486
82,5347
15,4986
32,2749
32,3218
158,7017
196,16802
115,13035
100,7558
76,19750
21,2986
87,11903
84,1398
68,5291
42,10745
45,5080
67,2281
59,5172
70,6115
70,5394
75,2516
30,3000
28,2755
38,5259
119,1493
109,11602
140,9124
106,1262
61,8939
70,1818
17,1723
71,2998
27,1904
68,6574
30,2381
73,2006
46,12838
93,5814
44,16548
97,14924
52,4586
35,1531
42,5329
29,1298
73,3891
53,2845
74,9398
54,13443
194,7765
73,1405
64,3624
40,2998
60,3736
79,8810
82,3740
110,8496
113,2677
50,7173
95,17521
48,4497
66,5595
67,2064
94,21103
76,11877
67,4515
100,12092
90,13948
90,7557
259,15822
49,1855
31,1398
79,8298
96,4651
97,7711
26,6175
146,3281
96,14301
73,5046
103,1689
57,1343
62,2875
166,4107
65,14096
106,3200
69,14823
77,5417
45,8892
57,6783
110,1846
59,10727
141,9133
43,1708
84,17175
79,7547
88,1806
75,2295
230,5696
50,597
66,2884
132,4355
82,2678
133,1961
132,15021
71,7139
83,5452
83,10353
19,997
91,4466
36,2873
56,4643
76,7649
33,11421
58,7637
47,4576
61,2209
123,3994
67,5296
52,7543
20,4705
46,5446
61,4726
31,6170
45,3787
56,2006
93,12621
43,5796
131,7569
29,1938
157,5539
37,1283
24,2952
48,3124
75,1707
55,4211
80,12453
72,5906
80,2075
38,3071
53,5004
59,2053
125,3542
125,19520
80,6713
45,2733
84,10487
90,1413
85,10518
104,3104
79,3164
83,3427
65,3396
105,6426
143,2995
79,12644
60,4328
24,3533
40,5423
93,8294
41,5128
51,11286
27,1485
78,17525
46,1302
43,2699
46,1467
35,3636
66,13020
53,2652
62,7864
37,2131
69,3588
24,2024
222,9110
65,7297
64,2456
41,2246
92,13356
114,2460
189,14191
42,1822
44,6783
108,19013
78,4288
106,5217
59,6674
56,2315
124,9946
84,4031
77,7321
60,5083
47,3818
164,6292
63,2481
138,10715
142,3232
68,7235
53,5437
45,7942
51,1957
88,2655
80,7431
37,4964
61,3867
23,7241
22,5067
62,1192
57,8520
43,15522
37,7422
98,3109
112,13817
81,3683
25,1775
93,17250
57,8058
81,8926
91,11578
46,2450
80,2672
128,7165
21,1023
36,3795
48,927
21,8747
56,7963
52,4042
34,2263
82,3418
60,2292
48,2257
129,19557
53,7591
57,8204
75,3257
36,5267
20,2744
49,3467
166,22223
101,23170
194,4118
134,17368
105,1985
45,6107
66,8047
36,3109
56,4780
38,3261
77,3240
81,5841
87,8934
74,6061
49,8003
92,6859
66,12464
34,8091
85,3204
94,3685
68,11513
31,2207
38,4426
56,6039
83,2396
115,16970
130,8858
152,16053
146,8313
55,2754
159,18793
100,2493
134,4822
62,9883
53,6198
85,9449
98,7302
57,6650
38,1983
115,2057
99,1379
35,11227
71,3149
58,2554
58,6368
36,4248
71,6036
152,2216
57,3168
32,6245
163,18185
37,17251
135,6449
32,4578
37,9480
120,2623
37,6233
152,2798
111,6009
68,1515
28,3541
51,2121
77,14431
43,3286
75,7393
57,7731
25,2854
40,6925
85,5101
89,12588
33,7883
41,4429
257,8778
57,10439
171,9181
40,9112
105,6992
79,4526
70,6451
52,4681
117,8602
42,5715
55,5372
125,8023
95,21594
93,4249
94,18101
227,10417
124,3747
179,5752
118,3792
45,13551
126,3778
107,10154
69,10827
48,3304
58,14519
75,10710
125,8436
70,7769
39,1490
107,3871
63,5555
61,20633
97,4114
55,5954
98,7437
22,1279
52,8530
64,7919
31,5723
72,5529
54,6689
69,15029
24,3151
62,5082
93,14354
54,2997
102,7472
56,4747
64,3348
24,2652
70,10360
76,1139
85,10894
177,4064
55,2701
84,4425
49,3403
37,2047
41,11634
35,5562
66,3004
107,1549
64,11143
73,1917
64,3068
87,5049
227,7207
38,3911
96,13427
90,5546
82,3470
52,2023
132,5445
38,5046
76,4580
21,10053
153,14606
81,2397
161,13367
48,9533
109,2635
91,7387
110,10421
89,2997
50,2391
69,1812
76,5938
43,2162
47,10983
106,15555
109,16932
48,10936
50,6254
76,13026
63,8180
42,5716
159,4792
127,3784
98,3774
25,3545
40,2522
35,2234
89,8842
34,2582
73,3516
76,5594
24,5823
82,1903
52,2334
29,8896
97,16917
41,2213
29,11096
109,3552
67,9763
43,1488
52,2124
150,10398
76,3229
83,2372
105,6283
75,8034
43,5935
63,2085
89,11502
100,2115
86,19175
190,13418
43,16762
64,4760
84,5139
23,1801
68,13391
116,23567
194,2277
48,2612
96,12908
54,2742
119,11433
27,7564
61,8963
114,2462
87,6307
69,3683
53,20503
94,9151
45,4878
82,17010
45,11699
99,16700
68,10743
71,2793
138,13812
75,13121
147,7003
59,10444
72,14104
77,1879
100,4683
59,1458
145,3415
99,8399
70,6205
30,2448
78,4301
70,3369
62,4449
81,13162
80,4637
63,14194
87,1659
59,8593
37,7109
84,6624
70,5404
107,6788
107,6354
113,12575
88,7563
56,5365
31,3796
48,9462
72,2583
53,1353
55,11046
81,5288
85,9838
118,5378
14,1617
55,6830
61,2533
21,1855
35,4719
153,8736
23,990
34,1190
65,6989
68,5187
85,6267
48,5651
57,2017
61,1775
68,1063
99,5120
97,7608
155,6569
34,5096
65,12240
257,4412
39,1927
74,4274
116,3462
72,11619
164,14292
101,3590
34,2798
130,8492
36,928
90,15665
78,11009
146,10046
65,830
47,4624
162,19172
58,5425
72,3217
166,2605
97,3873
63,1118
54,9682
73,9699
140,4186
86,3327
180,6188
52,6508
128,4862
31,5311
249,14547
46,4415
103,9976
61,3385
28,2949
60,2123
80,11278
96,5725
68,3874
35,3042
113,3673
21,1742
72,992
123,10982
127,7383
35,5362
52,3818
25,2534
43,6049
130,4778
57,9894
123,9158
251,19514
69,3100
48,11268
63,2568
91,3289
94,11015
53,3143
76,12588
103,15322
43,3292
22,6507
18,4936
64,3607
62,4572
96,9706
41,4647
125,15224
41,15038
46,13174
53,4018
71,1254
33,2963
143,12184
120,1860
83,9315
62,17161
27,5061
65,7644
94,1965
82,10483
73,1304
20,3246
318,11907
43,12114
52,5006
62,7502
57,3915
46,6009
89,2922
130,6919
54,2734
52,19505
85,14968
34,6705
57,3742
85,3794
156,7397
54,9985
67,3731
135,2091
135,13007
57,2111
89,1165
91,10148
35,2864
51,9549
51,13025
106,2242
211,2656
43,15995
73,9996
77,15207
49,3176
65,1768
100,15407
85,5696
138,4088
71,2197
63,3795
129,5811
186,7805
82,15026
29,3352
45,18027
63,4078
142,31885
142,5761
35,5487
153,9081
49,1527
51,7721
91,7358
52,5344
79,2792
33,3948
80,1722
42,1152
113,2180
27,2499
97,2012
175,3653
49,11511
109,7766
79,1687
50,1744
59,8463
39,9385
85,3959
67,11271
129,8465
66,4495
37,899
39,5163
62,11307
61,2637
111,3868
68,3042
61,1073
60,2417
102,13021
72,13842
111,18136
54,4611
61,11233
58,4496
48,6069
103,17609
133,9297
79,10731
148,14739
70,2451
64,1068
91,4160
65,15515
137,1478
55,627
77,1277
107,6685
74,14775
78,3319
31,1213
68,4239
57,6199
171,7664
34,1836
82,11076
139,11824
38,2604
67,6111
38,3871
65,1517
57,2432
20,1969
73,13124
98,9642
148,12389
72,15704
31,3239
30,3134
158,6459
55,4121
21,5226
87,19414
34,13886
105,3972
101,2527
71,1800
41,1513
83,2941
60,4052
109,12679
31,5081
105,4362
42,11817
51,4465
54,12076
54,7714
230,7623
131,5620
34,11378
63,7123
32,8324
62,2981
119,4296
42,3330
150,10130
118,21414
39,5459
61,17065
142,7001
71,17586
30,5459
43,3242
102,5970
163,16623
124,8845
122,2880
88,5798
143,17880
76,9178
93,3098
29,2850
61,4316
86,5503
66,1461
194,9560
160,3555
54,2829
60,2121
102,3933
162,3008
75,7170
100,17011
123,6082
61,7346
85,4317
62,7402
63,9529
77,2415
31,15520
16,2940
33,5364
73,3123
95,1509
57,5825
36,2984
29,1831
27,5218
102,2558
32,9234
22,2329
35,4049
48,3449
33,4245
79,7651
78,9645
178,4984
54,1806
38,2524
106,8828
98,5709
102,3843
44,3630
73,7837
49,2275
91,4279
128,1998
87,2980
103,5517
73,1654
110,13856
111,5298
69,7000
83,3387
54,13499
19,5467
175,3453
36,3188
99,14538
64,2816
64,15892
49,5490
63,1576
165,4643
92,4328
32,1101
106,14993
64,5674
35,2196
119,4823
59,3665
58,4341
42,970
33,1020
118,15615
35,6265
105,3418
85,2032
57,2077
114,4798
64,6849
79,4863
29,15947
24,2244
95,5686
161,18426
71,1623
28,1047
120,3796
122,4023
38,955
80,2909
190,6788
71,12338
34,5511
43,6490
74,4818
28,5890
66,16333
201,6264
38,6423
67,2556
76,1863
309,7472
61,2720
31,20066
25,1532
102,10545
51,2236
64,6128
100,10735
72,3738
63,3467
39,9586
63,7578
122,3323
73,2011
21,6610
92,4916
93,3154
162,16258
83,13802
46,4179
54,2089
58,2210
65,7608
25,2707
362,5521
238,5473
89,22809
80,4208
94,11627
109,11053
42,6197
81,1605
54,5299
61,11055
43,10650
55,7056
91,13619
64,7613
85,2894
35,1952
94,19212
76,2922
36,6260
76,14184
98,15342
106,3966
41,1070
62,4235
44,8540
88,9291
43,7401
54,3902
20,5366
105,2082
81,5333
226,3677
62,5114
38,4500
53,15752
84,4823
48,3063
48,9830
45,7201
91,6528
51,3779
63,17047
115,23509
39,6087
109,7767
30,1790
98,2742
65,9536
41,16435
109,2534
78,8504
34,3566
72,4540
37,5956
78,9403
65,4852
38,1848
42,2727
93,8301
115,13070
36,1524
35,1868
44,1543
164,6279
29,4617
162,6925
42,1324
60,2984
81,13912
103,15070
47,7317
123,7490
33,2179
129,10001
28,12480
97,3068
54,2211
111,12227
70,4761
69,9008
71,2648
43,5863
45,2389
87,1633
105,3534
33,5070
158,5671
64,4382
97,11964
101,7364
41,4011
84,12158
78,14132
29,2602
151,2771
60,9099
70,9295
30,2044
82,2182
70,997
79,3031
77,14467
75,5856
159,2643
36,4321
189,2579
159,3246
84,3413
24,9539
139,13177
96,16159
90,14196
75,3383
37,10177
85,5437
65,2407
83,1944
43,9479
147,13296
55,5131
125,7914
97,2790
65,10754
138,9260
76,11916
57,5239
119,2394
26,6503
92,2383
69,4354
46,23496
57,3491
50,9510
50,4662
45,8295
90,2919
50,11817
64,2441
65,11678
306,4145
120,4655
125,7381
112,16503
70,5544
77,6357
83,12725
73,4195
32,2999
110,1600
43,3355
89,2871
129,4201
59,2160
39,8330
40,2364
102,21457
32,10579
49,3610
112,3861
65,3289
25,3318
72,9200
90,3633
109,2979
98,10529
142,13503
78,4015
83,5049
134,2836
52,2314
165,12130
56,5770
105,13218
43,9648
99,3059
96,18756
99,3663
38,7633
52,3691
80,3629
80,6470
69,3082
45,4145
88,10864
54,1985
97,6056
76,1761
77,5278
54,4943
256,17903
52,1282
21,6478
47,2516
111,3532
86,1129
32,3596
132,16604
256,13454
180,2085
113,6766
95,6696
70,11949
87,13140
210,6976
43,968
100,7974
62,3298
98,6919
130,8613
75,6114
79,1833
20,1505
54,2094
91,10185
39,2326
97,2118
65,1329
117,16192
53,7206
76,2956
149,3657
72,4681
75,7046
71,1299
95,5354
197,2807
11,10759
101,5003
116,13114
100,12842
48,4796
54,691
44,1044
148,10161
71,3490
105,9718
37,5914
99,13923
103,5198
30,1469
91,16733
34,2239
103,3002
66,8475
159,5912
30,2564
41,3613
138,4359
79,5762
102,14096
101,2420
80,4521
41,4641
89,5790
124,5832
112,1980
61,1910
104,2115
50,1646
40,3010
59,4085
48,7849
82,9439
34,5805
98,9616
109,10871
26,7807
88,7866
53,2218
116,3087
43,5647
51,8349
101,10699
163,3614
71,2907
51,5301
63,11152
27,8542
32,2242
41,3275
140,3632
52,2950
119,6381
106,1595
35,3146
70,7977
85,13289
84,1334
71,4904
131,10511
48,8663
159,16857
98,3777
44,10059
125,6580
106,7321
84,13259
40,689
58,14522
115,4110
113,6380
44,10147
84,898
48,1571
95,13362
27,4450
40,3255
62,11753
56,10999
42,2411
35,2377
235,13990
63,4132
51,1212
77,1413
76,2663
44,3335
74,5119
42,4630
77,2194
22,2526
97,3584
78,4065
77,1669
60,7971
55,2625
39,3801
24,5394
45,3953
41,3550
56,5409
78,15610
126,2774
15,1908
101,1570
64,17373
58,8665
129,1993
125,1784
90,3765
50,9631
53,3251
204,12470
15,8811
58,8977
19,8358
18,2486
61,14994
60,2153
112,6955
75,10804
96,5095
32,2136
93,13042
47,1254
57,5954
46,3269
91,6888
63,8888
40,4138
172,12372
64,1844
126,4971
92,10005
83,7512
79,3070
44,2732
80,3118
70,7193
105,4482
101,4941
120,15176
62,1735
123,7885
52,1387
115,5515
62,2639
35,4810
61,3538
35,4903
79,3351
91,1694
92,6672
92,4969
62,5636
50,6966
154,13118
68,3583
50,8353
104,16312
124,8984
70,4851
122,3429
58,2286
56,8015
57,6053
104,3264
32,3425
75,2523
123,14263
63,4100
88,5674
132,12442
42,2695
59,2396
117,2789
75,8165
91,6398
115,3958
70,7022
122,12218
88,16827
40,693
243,6404
147,17405
134,20202
27,5891
109,4823
93,2336
48,5349
62,12726
53,768
71,8906
50,3785
190,13654
47,1305
83,4001
31,6353
182,14167
61,1510
97,5631
85,5768
98,4842
102,7958
44,6834
52,6684
313,4475
26,6040
95,13743
42,2338
133,3042
59,2564
60,13339
137,18417
64,996
71,4054
94,22796
42,2043
49,12917
38,3268
74,1170
33,9180
45,10818
38,1082
50,3247
146,5086
120,2029
42,1064
67,15047
147,5929
59,1338
79,5679
194,14988
37,2517
107,2258
26,3189
79,1183
32,4029
94,2459
48,6144
55,2210
65,1841
71,2225
172,8855
70,10005
130,1169
73,5549
30,5733
88,1859
92,4920
45,3651
71,3848
42,5092
107,3910
60,4135
126,6188
53,2351
32,4085
92,11676
65,2556
39,6375
92,7395
91,8547
191,1966
33,8483
50,1884
159,3326
609,3367
22,1477
83,2772
148,7430
120,12868
174,2024
40,5102
132,12996
35,7713
95,13771
62,7466
44,5718
63,5842
41,6282
79,3918
124,1440
59,2323
137,2976
86,8743
97,3943
48,16340
90,1420
118,10946
49,3160
25,3601
118,8088
64,4342
58,11079
66,2825
74,4312
131,5004
36,8215
118,7159
98,5122
41,3491
466,13698
134,4837
57,15258
54,5685
76,2040
37,2264
70,3006
94,2183
128,15054
29,4807
78,15396
50,4024
77,6098
38,6199
28,2492
19,5749
92,8820
45,7557
148,11839
72,1233
125,2984
87,10914
55,10043
160,9297
91,4180
65,1810
109,15071
55,13145
21,2444
95,4831
111,2411
74,2443
65,4686
44,1951
36,5360
42,4912
165,7391
130,16525
114,1704
103,1998
54,4470
138,13899
56,3030
114,20237
86,12901
69,2910
80,832
79,2154
68,4106
134,14838
78,10031
103,10363
49,7753
54,9499
55,5624
112,2667
100,15255
65,10321
94,1750
115,5174
50,4000
64,9225
40,2800
39,845
108,14353
65,1749
69,3185
69,1541
15,3670
59,1632
82,12117
52,1819
98,5844
107,2093
47,2057
77,3318
44,2882
88,3974
119,16985
156,3100
110,4739
50,3882
39,5369
43,5880
37,3934
76,3674
45,10943
54,6741
56,3888
35,2655
64,4913
82,4806
41,4180
77,15983
56,10076
32,8507
48,1210
78,8259
72,11766
124,7403
68,1714
21,3850
23,2560
33,2631
60,4242
104,2819
81,11542
40,12191
80,1292
103,5022
30,3813
121,9980
93,1884
82,7411
67,2844
82,15789
68,5542
171,6400
46,2689
138,16936
53,3359
49,4030
107,12486
56,10764
79,8453
32,7581
83,1109
58,9780
176,9100
55,6027
110,12292
45,2105
43,4344
166,6777
198,6502
79,5511
39,6164
86,5290
56,2234
16,3301
66,5066
145,4563
79,963
45,2315
41,3320
63,8069
43,1041
51,9107
57,2704
97,10061
65,5837
76,11407
121,9545
102,9692
89,13346
43,1838
77,16509
96,11255
94,6900
173,8516
36,13836
30,3767
106,4160
36,4562
29,6917
107,3754
168,14830
63,2857
73,18564
24,3139
48,7208
117,4891
79,6333
31,7138
58,4868
64,2878
24,1905
62,3396
61,7039
86,2612
45,1662
92,2290
34,3433
106,1778
39,1901
68,2705
26,3215
72,5986
60,3772
50,3137
105,4566
135,2649
52,5598
116,19778
117,14753
34,2907
71,3085
75,12771
46,2524
89,4929
23,1377
59,5708
34,1904
42,1327
51,7204
49,2948
26,3964
23,4849
70,4206
96,3482
57,4225
106,1967
103,11241
130,9795
140,1644
40,2806
53,1936
63,4194
152,17810
49,6953
85,2898
67,2576
40,3000
57,4674
133,4408
32,4527
53,5939
55,3078
23,2930
65,3846
30,8416
50,5126
27,8156
59,954
105,7228
60,4041
143,19417
91,15851
96,4161
83,3728
166,19005
59,3507
100,4015
133,1224
52,1405
68,8063
76,3298
56,6618
68,1094
149,2738
84,12129
103,5568
102,3099
80,4897
80,6615
73,4826
85,9733
76,7812
45,10130
167,3624
89,1693
115,2432
56,4663
92,8651
58,4107
23,2185
74,11615
105,4209
80,17725
37,2031
65,12779
81,5610
157,3711
58,2455
18,5242
87,11726
44,1736
90,4392
95,2947
68,9848
61,7010
22,5797
64,7218
121,3603
28,2361
105,18688
103,8768
74,6298
51,2241
39,2219
31,2716
64,3829
42,18278
45,3273
65,6361
158,3172
106,1537
53,2502
45,11322
104,19706
168,3147
70,4056
115,3100
111,5578
26,3499
88,2126
146,7508
57,1946
93,6700
67,14252
60,3238
107,9885
157,11044
86,9723
43,4765
41,4186
94,3622
33,17592
69,14088
95,1774
69,1899
188,6181
83,8069
86,11596
32,1869
99,7173
50,6835
50,5669
136,7869
49,2842
54,2052
60,8759
93,3559
30,8937
86,7910
261,6446
29,1662
66,5945
121,10321
68,4124
22,3057
45,4009
103,5214
107,3327
108,2087
73,11039
49,3187
58,2646
58,1579
93,1752
50,2434
76,6768
118,7032
31,1202
24,1715
29,2674
134,12005
62,7561
81,6748
127,15685
43,8759
97,6237
69,5009
117,7445
55,2769
34,3879
126,13816
89,13639
45,4011
78,10185
77,13192
52,2234
94,5060
47,2360
72,1591
77,6720
97,4547
58,1358
99,7010
51,10771
158,14532
34,2880
48,10285
43,7401
49,3641
265,8007
108,9743
31,1375
78,6535
23,7857
61,11152
99,10418
108,11461
40,8389
123,7760
36,4782
64,7699
24,12805
62,2393
57,4667
109,16156
97,4167
86,4014
65,2476
50,3041
66,4488
44,2415
69,2816
19,2272
70,1558
42,3346
87,15867
60,2826
101,6521
32,3653
158,6055
55,1298
29,2695
66,3545
74,3403
201,17457
74,8475
57,4462
36,1967
59,2112
95,4035
58,4331
88,5232
112,10704
53,3890
122,6916
68,3672
22,1570
142,11581
36,937
174,13567
72,3009
62,3700
35,1592
36,4790
63,4724
167,14035
51,2783
78,3374
48,2223
25,8283
40,3412
70,8014
125,11899
49,6293
63,2471
22,931
41,11107
33,7956
85,17570
115,5968
68,1574
40,10346
89,7614
24,2451
90,4050
124,12319
116,1247
82,7731
68,5755
170,7593
32,5572
37,2986
76,10450
32,10526
52,5908
37,2946
193,6103
75,7116
143,10608
45,3125
116,4450
177,9287
83,6953
56,1974
15,1944
47,1441
50,1301
86,8242
111,4164
58,6916
87,2675
42,1205
78,4735
74,2760
91,883
76,3996
39,8900
116,8820
20,1023
33,4558
81,3733
158,20209
86,1718
30,1824
126,4300
101,13118
34,8256
52,9743
46,3762
48,2962
39,1226
54,2469
116,11806
68,4144
155,1559
110,4818
33,7420
25,1559
126,8798
49,5230
122,8062
44,13197
22,4683
38,3855
59,3648
66,2421
36,1739
35,2142
39,5056
107,2983
172,3026
70,9608
56,5020
139,14675
137,20019
57,8824
85,5569
78,3517
79,9033
84,8494
107,17167
76,4332
24,3073
102,8997
146,11954
168,2781
113,2648
79,10373
60,17055
36,2444
41,6628
172,6479
38,3442
32,2736
73,14796
164,9274
28,1360
83,3219
145,8461
36,4542
23,7369
46,5355
121,11061
155,3705
26,1728
60,13217
83,1731
46,2699
95,3145
55,12055
38,1431
62,6061
42,4088
68,3574
47,15406
83,6341
140,2940
42,2189
67,9446
37,10259
30,1790
34,2474
77,6980
105,3104
77,3058
37,2177
97,4279
40,5112
90,2446
56,3175
56,1999
134,17772
91,3484
68,6397
99,4546
26,9121
131,12639
53,4075
40,6473
113,5612
148,11254
48,2703
83,18881
73,5706
35,1837
34,3732
24,2040
28,6921
109,12296
67,8364
132,17026
69,4039
49,2056
101,5260
37,4571
79,1082
57,10287
62,4343
98,4823
63,3078
48,3544
30,18030
33,7285
50,24572
73,2063
103,3634
35,5051
87,17710
31,3260
41,2833
174,14471
90,16991
25,2884
130,6229
62,4622
45,1901
50,9340
25,8899
24,5784
34,2188
81,2955
28,16745
65,10286
82,8761
70,1024
36,2298
23,14483
72,10828
78,5301
30,3785
118,17287
205,16358
93,5269
103,7336
29,4404
56,8834
74,3435
47,1154
199,1713
81,4460
53,11070
85,5537
116,3329
48,6758
53,9685
38,2369
100,3574
82,5395
39,7660
136,6689
70,2213
17,1431
63,6436
65,6070
84,19613
49,15986
92,4846
73,2601
138,4243
97,4232
110,2131
78,10316
45,4011
47,5596
39,4135
83,4459
14,4307
131,13760
116,2995
70,2280
76,2944
42,4886
42,1328
85,5913
36,2048
76,2161
92,1787
87,3791
93,17087
65,4194
124,6112
53,11572
59,3919
48,2276
66,11488
59,2005
88,1689
38,4533
98,4184
54,4911
94,4832
58,3844
61,8010
51,3901
138,16554
20,2275
97,10971
95,15902
46,20398
69,1524
79,3820
67,9706
74,5443
33,2130
20,2537
97,1203
49,3596
96,1244
25,1869
199,17530
41,2172
62,6300
103,12300
79,8259
63,5286
45,9962
57,3919
110,4033
58,2782
61,4850
123,2899
95,1400
49,5824
38,6160
187,7224
37,7205
133,8885
16,988
107,2828
56,3500
92,4841
107,5081
97,3274
97,5760
135,13931
58,7894
74,2994
52,1778
77,7005
45,10320
257,5636
107,2315
35,4230
56,7880
69,2822
70,5807
92,12300
74,8517
54,3863
65,3476
53,5983
25,7205
80,2849
89,15933
178,8109
95,7632
59,10162
40,5116
22,2504
62,8063
33,2667
64,13221
27,10918
133,5917
90,3404
199,5703
66,3704
54,9390
120,11032
37,4228
18,2294
57,8906
35,7003
55,5246
89,5111
100,15266
95,5381
55,12328
81,6997
64,13453
112,10384
25,6347
168,7522
46,9610
58,8952
72,6966
85,6916
47,2503
84,9512
85,9571
68,5928
127,10612
62,2308
76,2465
28,6044
59,2708
69,4552
77,3223
52,5833
73,5561
52,1298
42,2258
29,3371
80,2533
58,5474
92,3165
174,16030
95,3911
60,1254
47,4040
90,13638
38,1498
10,3379
59,8726
115,4366
67,15921
52,1356
31,8313
151,16393
103,3282
148,2678
37,6775
38,2726
164,5490
62,2004
65,5194
62,18268
41,1324
91,1505
105,10932
74,1742
128,11459
67,17206
102,11967
57,6716
50,2401
38,2187
120,16804
84,2934
35,1789
24,1688
119,14074
53,4235
65,4652
97,3816
129,4755
81,1783
166,6341
91,11368
54,2898
179,3772
62,3598
126,4378
65,2635
86,4630
133,17325
75,3273
68,1099
73,3161
30,4910
133,12460
93,8649
50,1928
53,4377
58,1473
101,2648
91,10170
37,2646
59,3031
154,13599
156,10180
23,2299
74,1005
46,811
43,4440
32,17330
65,16930
80,2398
80,8576
54,1061
36,2003
80,2810
69,1701
43,7255
47,9097
76,13588
48,3026
59,3682
91,2854
146,10121
32,3710
96,3029
30,3255
133,3153
123,5777
88,15795
57,846
57,5135
55,4168
79,6004
51,8936
128,2908
74,2449
133,5116
82,7665
117,1044
65,12141
83,1410
65,1888
135,21441
121,3155
86,4926
36,12838
24,11390
113,12158
87,1099
87,12400
67,7760
212,11767
73,5240
105,14893
65,2447
134,14247
101,3062
67,3781
116,9227
59,5391
80,4260
74,5197
133,4357
96,4019
46,9208
69,3723
221,6606
63,1311
81,3019
83,13306
30,9784
26,14972
43,1550
51,2502
85,4169
77,2572
50,4347
102,8237
43,3786
21,1937
113,5502
48,1836
91,2522
39,1677
65,3382
51,2295
156,3010
53,3104
149,3568
28,1742
47,4333
75,2502
31,3038
87,2573
61,5051
100,9643
100,9093
220,1185
116,9701
77,1307
74,5453
38,10037
28,2816
62,3201
140,12754
96,6807
70,5387
43,1499
21,1813
191,20762
50,4701
83,5378
72,7186
65,2038
91,10472
133,2172
46,3710
86,4727
99,2522
91,8751
102,3320
56,4209
63,2375
36,9260
60,2336
128,2457
66,9981
115,10264
41,1945
78,2299
77,6476
28,7740
151,9959
73,4167
80,11011
120,6588
54,16467
100,9382
42,5378
97,13146
121,9133
86,7069
92,12771
36,2208
77,1183
68,4225
404,5232
75,1476
151,9424
38,2776
78,2363
116,1875
153,5068
76,2936
75,15042
148,13496
70,8015
77,6020
72,6664
33,12777
67,4378
83,1807
61,4161
66,18712
63,2650
112,3887
51,4126
49,1816
40,4449
99,5760
110,1786
88,6281
30,1643
61,3767
72,2246
74,3125
57,6301
97,6092
81,4688
132,3525
90,11325
92,16038
106,1291
44,5324
55,1670
60,8681
110,2669
29,1459
183,13423
41,1176
63,7423
39,1497
54,3074
109,6760
58,11698
74,17486
70,2263
61,8916
90,6539
101,6887
26,9932
88,18845
57,2008
43,1508
64,1998
95,5806
113,5079
65,6196
56,3381
57,15724
55,1429
115,2392
69,14108
43,1605
146,2707
39,3591
242,12142
80,6310
54,6625
44,5299
109,846
77,2232
75,3058
85,15368
105,2169
48,3705
123,12662
114,11897
45,8398
19,1052
87,6578
88,13710
63,2933
162,3923
83,5250
94,5324
32,2884
168,12263
47,19136
57,9642
79,7480
50,1447
34,2065
25,3896
133,7654
32,8573
104,2472
92,7451
77,12982
69,4028
74,4691
73,1190
43,6921
36,1154
39,4591
70,3162
151,3784
21,3864
70,1797
109,23279
60,2919
72,9615
97,18431
55,7233
46,1951
78,3559
39,1793
60,8794
61,4966
55,6468
126,4937
60,4450
168,9512
69,4384
92,6982
83,2971
34,3998
94,3629
64,2813
78,2194
137,5887
36,4044
67,6447
91,2085
45,5746
63,3636
276,7624
51,4931
28,3104
51,6118
71,15111
136,2563
97,3640
29,8436
83,2224
52,5189
97,4308
44,3497
119,4636
30,2373
65,6960
52,5199
103,5193
121,14204
48,2814
50,2183
144,9104
72,4343
44,3192
30,8382
109,17311
79,3798
66,5822
60,3144
74,4467
37,6554
53,4474
117,10097
20,5447
194,2465
133,17361
63,2056
32,1860
91,4832
51,5399
63,2624
174,6493
73,2294
47,2676
58,2300
51,7756
36,7720
118,9521
85,10291
196,4375
130,9227
91,5133
26,1832
104,6222
111,5529
49,9550
74,13392
268,13297
88,6729
137,11557
124,12550
170,18121
42,4361
114,4369
60,3381
59,8374
39,3354
183,9033
81,4111
65,4158
115,6112
119,6104
83,5390
86,11847
65,33436
95,4351
54,5641
62,810
95,13168
28,3191
77,9812
49,16802
83,2181
95,4657
41,3753
171,5961
67,2623
130,7076
58,7172
51,3909
71,2399
19,4487
92,20642
58,4300
79,8676
58,3468
22,1721
51,16000
21,6205
24,6815
94,8600
154,7370
77,3219
40,852
74,2351
115,3062
58,6148
31,2271
100,25185
54,1564
32,3569
114,10234
84,16735
132,11065
130,10618
79,5084
143,17572
93,1970
89,21061
65,1967
103,2745
44,21969
62,9001
73,8171
27,3738
51,1982
39,6541
38,7371
29,15282
81,8664
120,16572
74,2769
37,7577
58,15988
31,9069
67,16075
58,6235
50,2653
76,3983
47,4909
37,5928
161,5383
94,6461
48,4631
127,6012
90,12148
55,5353
77,5490
77,3032
71,4536
66,5085
23,3496
62,4768
151,17068
98,11159
39,15425
89,5732
100,5325
60,9579
99,3376
71,3728
95,1341
123,7685
39,4875
110,13200
52,17336
77,2204
147,6462
78,1795
133,948
66,4956
292,4182
97,17178
111,8227
30,3218
78,3499
143,5640
49,2546
50,6004
78,8748
36,9321
100,6138
26,9777
49,8497
67,3261
48,943
91,9314
43,6076
63,2277
34,1883
27,8593
127,3275
61,1523
112,3791
75,4770
73,6596
32,1241
36,1300
33,2901
62,7321
43,3267
83,5246
39,5612
104,2871
62,5261
140,2991
86,4328
30,2954
103,13520
189,7841
71,15065
80,5291
67,9364
95,8292
65,4583
74,4987
35,3350
55,2549
127,22114
32,4164
89,8912
121,1726
36,4562
80,9437
36,15499
114,4255
26,2555
110,8949
42,5141
38,14557
61,6777
26,1022
72,14006
39,1686
46,4411
58,2782
126,10850
108,3307
57,2372
53,6069
89,10180
79,2042
79,4122
78,3832
118,8366
39,2264
129,3912
94,9699
77,3144
56,2148
58,2578
85,2094
79,10976
68,3995
78,2463
106,2517
146,3062
94,14005
85,8212
195,4449
125,7019
34,12755
113,3560
82,12895
86,3847
78,1932
148,9680
59,5222
94,5151
103,2511
58,4604
138,4247
69,8734
36,2206
113,9192
57,10820
87,785
70,4439
77,7663
81,2064
32,3024
55,1052
127,9099
145,8825
52,7424
57,3183
95,2916
55,8328
75,10136
121,7218
93,4528
113,5896
102,6949
89,16709
46,13145
53,11356
42,3957
115,10612
42,4169
92,8465
73,14071
44,1251
104,16128
91,4448
97,4827
95,6905
31,1302
129,1395
54,6382
171,8179
73,941
43,6869
44,1962
22,5907
81,3586
43,10321
101,3100
110,5541
52,1050
59,2116
129,17285
63,10072
113,3081
25,5742
93,6468
99,4642
101,18692
188,5741
125,1789
68,2139
92,2921
95,2367
81,3398
99,11309
111,1326
55,2277
63,5062
93,6329
49,1233
85,8711
66,2096
80,3864
61,3458
30,5690
44,8558
68,3423
92,14670
70,6287
52,2697
125,21262
24,2439
111,3195
128,14312
42,8442
82,8284
42,13842
85,4466
89,4619
75,9864
113,2867
54,2304
45,1210
121,19343
44,6275
61,2383
113,6818
112,2834
48,4367
55,854
40,7082
92,1890
82,3494
36,7284
41,11022
31,1123
59,25631
52,2080
139,12357
269,17006
91,4822
65,14142
105,8362
36,9758
37,2136
57,13398
48,4012
96,2299
53,1731
82,15688
117,4832
47,8734
94,6618
45,1401
89,1058
92,3563
85,4061
30,2860
278,3506
58,8311
103,3868
32,12581
72,19483
148,14123
69,1243
61,1467
74,1906
72,4792
67,1936
43,4341
75,2637
67,2780
132,15120
52,7928
66,3380
47,4869
57,4133
48,5530
41,11282
113,14575
84,14037
69,3854
65,4268
167,18608
59,9685
55,2513
152,17896
44,4517
30,14712
60,1717
88,13416
46,11151
75,7777
106,1535
41,9254
111,11440
57,3497
101,8940
61,8312
138,12248
17,8378
46,3773
40,2944
112,14798
73,6349
47,4035
45,1784
43,4629
44,7816
54,1265
32,2563
76,10734
369,3809
72,8106
40,4357
52,4032
78,11404
66,5143
132,9727
36,3535
13,1599
63,1699
85,3178
64,3324
105,4739
51,999
34,3516
105,8077
40,6850
33,5416
109,5023
70,4351
102,8070
64,3579
181,6636
36,1778
405,5043
67,5745
127,13582
31,11757
24,1284
27,2527
48,7331
76,5838
126,6187
39,4082
27,2990
49,1177
55,5441
73,12519
68,10767
42,8507
37,3492
77,18466
85,17232
52,2226
84,4554
37,8515
134,16569
141,5310
74,2155
101,2867
173,7486
15,7354
107,3042
108,11231
117,1522
99,12581
121,3191
42,3908
108,1846
64,2793
491,5110
246,11087
60,4935
55,6497
91,10361
40,1610
87,10393
97,5298
117,1543
64,7521
83,14892
79,1516
86,8487
243,5453
90,8416
51,3261
93,5866
101,21827
83,9282
106,15998
56,12127
95,4087
62,2906
110,2815
129,8654
167,4587
68,11568
106,8021
60,3197
51,5669
45,959
93,13211
91,1628
67,1955
152,4521
122,9755
21,5185
57,7253
65,4559
81,14502
190,14304
60,5346
98,18726
40,1149
31,1331
61,2811
44,4923
132,3933
60,4985
60,7598
34,3601
94,7506
79,18107
58,2964
64,7182
65,3941
54,11235
40,637
185,4069
77,2602
97,10880
80,4859
120,15988
180,4855
18,1305
165,5513
61,4074
56,4053
212,5406
56,1109
38,836
68,5601
93,23979
35,9708
54,5552
83,5300
48,8116
156,3303
49,1561
183,11192
57,11475
73,2692
132,1469
282,2455
140,9066
86,10177
23,1672
39,6432
34,6764
155,17058
79,1091
42,10982
48,4741
74,3876
171,7914
90,9099
40,12280
74,8711
35,4360
46,4087
69,18499
20,7459
30,3364
62,3755
61,1034
76,1839
61,2084
55,1760
69,2678
60,2068
243,15957
68,3051
89,1957
110,7303
103,6748
78,10262
51,5175
121,15258
63,4499
28,5401
49,981
36,7226
37,17470
67,4904
74,12470
50,4829
64,4530
59,4117
73,6169
38,2248
138,7826
165,15988
50,17661
68,3735
108,15269
42,1220
49,5635
110,4783
98,4195
88,5375
21,5917
36,1972
80,4562
51,13694
58,5646
82,11443
52,3376
19,14750
62,1800
36,14325
37,3015
71,11112
76,8301
63,4218
201,16021
212,4964
101,891
78,4587
131,13236
115,9245
144,12252
34,4139
144,4953
64,4680
57,3802
41,10633
34,7952
27,3081
189,15438
74,5834
107,6471
59,2351
79,5724
33,3501
48,10769
53,7181
130,4589
29,9313
61,4035
49,3076
80,15870
24,2025
95,10531
87,4887
113,15565
16,743
133,22069
39,7253
64,5098
134,5113
24,15509
93,2652
61,6113
55,5709
79,1649
47,12957
48,3975
75,2105
30,3387
140,7704
123,2416
119,3765
19,3639
122,3473
67,1538
86,5531
213,10344
112,6389
60,14691
116,4588
133,4306
89,6826
129,15179
81,3086
62,9001
62,3218
25,9651
23,2940
35,3962
166,2144
89,1533
62,2022
91,11012
47,1940
86,5525
19,3237
95,12704
61,9711
59,7883
45,6448
76,2663
99,5670
51,13473
98,6100
130,6634
44,12867
90,4726
174,11228
102,5348
46,3813
105,7399
68,18121
74,3168
91,7531
93,2095
138,3615
43,4813
92,8265
51,2955
43,4395
33,6368
71,3868
59,12066
33,5890
496,1806
80,6492
46,5212
68,5570
66,3154
196,6535
89,3242
79,3361
47,3444
87,9038
65,4155
61,2511
77,7069
18,9036
100,22839
57,33718
57,4949
104,8558
89,5103
136,9202
174,18239
35,2910
53,5311
47,2845
17,1770
76,8847
67,4179
67,8734
19,1800
225,13888
44,14580
88,2104
55,3890
45,2342
121,22521
51,4956
39,5089
118,11498
60,2622
102,10008
86,5358
18,11702
120,16936
72,15459
41,3304
47,3828
56,7484
79,3733
106,14774
98,7811
141,5549
53,1902
49,16222
165,10804
68,1252
49,9456
100,5683
49,2545
104,1978
80,2019
82,2322
50,6743
37,3882
38,3376
135,5072
133,6025
50,5760
72,4543
106,14935
78,3414
55,10056
73,2989
65,5554
76,5155
141,2688
73,3607
129,11735
75,5824
42,2170
52,2836
27,960
63,5795
72,16138
44,2794
31,3588
96,4915
51,1440
22,9757
41,3962
18,1069
148,5226
73,9195
73,21248
70,3111
51,1117
38,6867
111,12895
149,15728
61,4281
116,9739
28,17012
50,4875
116,7276
99,7497
75,702
44,3731
63,2077
28,4290
111,6655
23,2161
75,7454
34,2920
98,5748
126,3203
56,5526
134,4358
103,7665
87,14631
83,2402
71,1173
93,13873
53,4678
29,2138
55,8966
64,3779
19,2121
62,3887
70,10068
84,11675
43,3506
156,4020
44,3092
114,3207
61,1505
35,2542
145,10966
54,10427
281,16859
165,15922
63,15069
37,6088
66,10594
34,2166
150,4486
70,1932
70,16186
75,13581
116,4761
81,6840
131,8191
146,6428
71,13435
98,10791
158,3810
65,6812
137,1774
124,11097
56,8268
149,8280
35,1804
97,3273
62,2176
43,1343
100,7539
44,1686
67,3094
115,3698
62,15392
64,1518
37,2105
156,11347
52,1470
72,4830
121,4097
45,2803
57,14868
272,7735
56,20500
53,2918
109,13742
110,2818
88,10674
45,4820
48,13645
20,1345
38,5614
77,15985
34,1351
64,5281
91,4668
49,10686
75,5465
124,3485
21,2657
39,10527
147,6551
84,2859
45,7280
53,12200
115,17776
51,1488
59,9415
200,3436
137,7997
57,10057
59,1215
70,7776
63,6969
46,6261
112,5830
47,5495
101,2719
99,3264
89,2969
129,2001
42,5422
30,5933
92,7436
67,10200
20,2132
50,13194
154,4641
110,20851
40,3624
47,1533
89,5428
50,13969
80,1407
71,4650
42,2515
53,6128
53,2565
142,16057
74,14030
55,6358
54,4334
139,5119
80,5552
112,9187
47,4456
48,7271
58,1829
176,16931
98,5502
50,14043
54,5145
29,10656
46,7870
46,6819
83,13095
31,1891
136,4919
125,6219
126,8503
46,2040
66,1897
86,1564
88,2436
115,13285
36,2031
126,16347
41,11412
63,2039
32,1636
83,1267
56,23860
76,1446
103,4389
125,3116
82,5854
85,10231
36,11979
71,4106
85,12448
93,10529
195,7292
31,2846
41,6253
79,848
83,15098
45,10178
80,5120
136,8642
95,1514
40,5906
85,11023
16,2597
115,5808
69,3734
109,18636
48,5720
149,9036
87,4098
66,4696
71,5392
108,3190
31,1137
615,8149
60,4774
53,6267
85,1509
80,6195
100,2372
152,4445
115,5763
31,3484
146,6187
74,6173
57,2264
66,4137
67,16259
140,17765
43,7215
45,5724
77,9177
28,1408
55,6771
54,1319
47,4894
52,1152
57,9660
124,14579
62,3716
31,1983
94,7043
47,3299
61,3960
71,4769
99,4661
135,13187
84,1308
48,3191
111,4594
242,5087
46,3152
76,4908
63,9604
53,4780
89,16596
38,6141
71,13891
65,9968
74,6197
66,2325
144,18276
48,7455
23,1662
32,2292
32,1769
71,2511
54,3034
112,16787
73,5380
76,4612
44,3100
59,2626
145,6781
104,8388
103,2300
137,14617
37,12768
99,7581
47,1557
45,3530
110,12388
108,3398
62,6600
75,4644
129,6368
70,12905
56,2591
56,1448
67,2320
105,9405
89,3437
44,1109
103,14509
102,2865
107,6146
78,14717
58,10049
32,6972
38,605
59,19272
74,3341
90,6063
39,14398
103,3195
67,3663
159,5950
92,20778
78,16020
135,8002
104,16343
95,3187
53,7196
161,5141
43,6210
89,13634
57,10067
101,4518
63,10312
45,8590
77,1276
78,6540
34,3904
97,6671
123,12834
23,5032
105,11313
38,4497
101,1956
109,7878
74,2269
28,2381
53,2793
94,4709
49,6751
87,5632
69,4329
575,4022
49,3219
121,16354
76,1309
81,2698
42,8769
43,6623
62,2642
70,2130
70,13363
57,1826
53,1816
92,12473
124,7610
118,4794
29,2752
41,5434
57,4040
91,16299
59,3200
80,6619
14,6568
166,3134
207,2541
91,7481
66,4836
92,4574
66,11550
57,6639
124,6451
76,6020
119,7625
70,9734
49,2860
92,3210
39,5904
53,1560
54,13745
42,15762
91,3290
113,11469
29,3994
75,12759
66,797
34,3192
75,4195
49,7319
56,2055
50,13967
84,1188
86,5916
55,3595
78,5479
67,3658
41,7817
46,7990
137,988
97,4188
110,26043
110,19043
67,1012
159,4859
73,9911
66,11167
91,5876
92,16996
108,4872
39,9652
52,4103
56,1901
56,2987
145,9553
38,2749
33,3166
81,2357
85,13118
209,7871
79,9229
54,6026
60,6055
53,6313
32,4993
543,1969
24,4472
54,4042
65,4711
52,6805
34,5980
115,4328
90,10860
57,2946
36,2239
57,6155
55,7412
85,5170
66,6171
199,6177
77,9169
70,10503
39,2051
40,2205
61,6566
102,5682
160,4697
56,7248
72,6915
171,16557
86,5064
45,2916
128,8153
154,2613
91,4366
22,5507
117,12196
64,7650
98,2254
140,7165
57,4758
120,11118
56,3958
40,8458
78,8690
103,7288
128,2278
69,2249
78,5621
75,12864
65,7796
43,2041
100,6253
109,4217
25,1647
74,4596
63,1061
72,6140
119,3163
136,16574
55,3565
39,4448
59,3017
190,7518
59,6038
70,2275
125,12384
97,3542
26,1322
90,14192
96,4347
40,9887
54,6883
117,12282
35,5277
105,8555
43,3290
72,2145
64,9427
49,3118
47,2878
63,4696
54,8168
123,5746
44,3263
35,3484
115,4459
20,2235
42,14956
18,1939
152,13231
62,7659
192,7047
135,3467
261,4507
57,2312
52,5107
127,15545
60,7927
69,2270
82,4153
112,5226
14,3403
65,4073
55,4133
262,9684
129,3225
95,2503
36,2166
65,24043
112,3312
61,7332
52,4487
229,2422
61,10358
43,11186
81,3673
113,1173
76,11291
129,12088
32,4980
47,6407
138,5578
106,15675
103,12635
110,6339
308,10244
22,3660
15,2655
86,17722
118,17126
21,3712
13,2664
59,12575
132,2156
43,1202
163,4546
63,3938
55,2034
81,4932
51,2983
115,16864
57,5488
59,1597
30,6273
34,9962
52,3049
86,10343
42,1414
34,13628
49,3670
45,1092
58,18977
135,5401
48,4350
224,7372
61,13492
108,10523
62,2405
21,1960
86,4693
73,4239
91,15327
83,3725
35,1698
65,2388
56,3668
27,9309
76,2738
36,4170
24,6670
230,20296
107,17296
40,8130
38,7755
93,7907
58,1299
107,1723
72,4314
155,13024
46,2220
151,3784
77,3069
73,14668
24,7109
60,15624
118,7207
60,4274
131,2103
34,2951
123,2677
126,2299
98,10698
68,10876
92,10646
72,16206
49,2314
75,13972
68,12521
113,6793
115,7730
31,2389
54,8029
82,16285
60,14619
82,9013
49,3268
128,3983
72,5268
51,2224
173,20618
38,4871
81,2384
118,7524
50,2122
36,6676
150,3616
60,1553
106,3096
67,4975
106,12702
52,3534
82,11475
75,3184
78,15847
117,5937
130,8686
54,5464
54,2709
59,3704
224,19405
112,3498
59,6380
42,11300
53,2970
91,7032
36,4200
48,7079
55,9446
59,2952
39,3254
129,1215
212,15412
19,1002
59,3309
203,13170
81,4843
95,9013
55,9146
133,4509
26,1224
55,7880
60,14490
56,3544
41,2398
73,4117
56,6835
32,2436
46,7015
127,4047
125,5474
135,3650
59,1436
104,3513
44,6258
66,9733
17,1435
72,3554
45,22371
97,11534
71,10350
116,9942
36,7335
62,2023
145,19601
60,5481
157,19959
86,19156
35,14073
93,5172
66,1357
96,2745
87,2493
138,13475
41,1483
115,16178
71,1079
69,11272
17,1382
167,1675
149,6697
87,1814
92,7011
72,13182
48,14766
96,2336
102,2796
29,2492
37,3980
162,7522
217,16745
41,1003
112,8032
36,3578
67,11789
85,4763
67,5338
58,5439
147,20294
40,1782
119,2313
86,3181
114,9251
33,3110
68,7132
154,4046
118,6332
90,10247
101,17456
33,11725
50,4625
85,2823
227,2908
82,4461
58,1890
93,2714
147,11113
25,1578
26,1610
83,2914
39,2067
78,2962
34,3306
80,9045
48,9766
58,1997
143,3925
130,6283
127,7311
32,4746
27,3555
43,2347
57,2468
95,3616
33,7785
114,12161
113,1785
41,13269
88,10752
150,4711
53,6754
179,15189
34,1570
98,3101
74,11322
75,11933
34,2638
96,10427
19,6777
155,5112
73,13053
51,10732
88,2446
43,9608
80,10970
101,9361
46,1942
128,2526
92,10330
71,2781
106,11487
114,28329
208,5354
80,17205
124,6054
57,3491
52,6981
92,8839
163,9753
31,2324
74,17741
105,12946
54,1645
149,19971
63,20229
124,7186
138,15696
45,3489
97,7355
61,2549
18,8718
65,2708
113,10617
160,12879
44,19611
69,7284
70,7618
59,4966
63,2110
122,13148
64,13351
60,8283
104,5658
42,2936
56,3546
56,5518
39,9617
101,10473
73,1940
38,3040
35,5993
63,1584
115,5154
34,4008
53,2568
99,7028
41,11983
191,1942
67,4486
74,3249
59,1715
63,3648
97,5156
62,4171
94,6280
42,3721
176,13314
105,16153
231,5133
89,7137
66,14296
54,3823
100,5543
78,9673
57,1589
56,4054
136,10139
102,9743
90,26150
35,2512
180,2360
39,10362
28,1689
33,3203
83,2897
112,1744
305,11637
36,2212
46,8785
244,15636
72,5137
61,3802
45,1398
41,7500
90,1852
78,1523
92,10595
156,2877
85,803
96,5410
93,8053
27,9229
19,4351
104,5089
60,6681
40,3539
33,5390
82,4989
41,4054
57,1986
244,1639
97,5922
169,18539
21,6962
106,6984
47,924
58,4363
121,11707
23,12143
116,3025
139,3533
74,4433
64,13993
35,9245
28,4763
15,5027
123,17179
70,4656
65,4526
148,12570
59,2682
67,12985
79,4253
134,11078
50,5839
80,6354
45,4660
94,8061
48,3090
124,21973
110,7948
99,8095
59,2390
84,15863
94,9005
105,3852
13,1056
48,28662
35,5472
65,5288
108,4806
112,5770
70,5921
57,3044
71,10733
32,7213
118,2120
94,11525
144,2933
30,3933
81,2102
49,8550
148,7893
107,7401
151,3717
171,7053
48,11536
32,2427
48,7960
176,6142
61,2424
72,3627
66,5844
47,11504
159,3814
37,5672
46,5159
57,4228
47,1683
63,14511
42,12015
61,4889
28,2608
68,2696
75,2647
73,4592
72,3112
59,5997
53,4969
108,3966
54,651
78,8423
61,2228
69,4392
49,1465
126,12582
106,2739
51,3327
91,5420
44,8098
37,5511
78,17288
91,11901
20,4055
71,2882
116,5298
114,11625
31,6500
70,1181
41,8610
188,11389
34,4951
56,2097
80,4834
45,6298
102,9302
58,3000
124,5497
95,11975
78,12171
62,6581
124,5964
58,3400
145,18922
151,16347
110,6698
119,6473
74,4654
57,7463
84,6802
110,9154
52,6696
75,1229
99,3585
56,15004
38,9852
45,7279
72,15383
71,2686
43,1758
74,4235
42,2678
84,10174
24,1883
100,1970
147,10710
142,4570
43,5229
155,22679
46,5601
54,3116
124,2142
64,10680
77,7411
58,2170
30,3391
68,7505
90,7026
118,11592
33,5492
40,13040
59,20292
52,2728
160,18006
41,9313
94,9249
87,4407
63,21814
64,11475
65,6908
46,3498
48,5002
49,3372
24,5941
79,5092
141,10043
77,9088
47,3681
42,11149
140,2493
35,9533
56,5277
160,9250
70,16122
47,2152
150,2230
125,17620
170,6956
117,5696
34,8739
65,12051
21,4132
95,12552
96,10531
69,2929
163,9471
90,4949
125,8043
92,7660
63,8781
96,17779
67,2961
94,3324
109,20451
61,4949
54,4420
67,3043
60,9614
62,1698
45,3319
132,9979
84,3945
37,5865
127,5030
53,2229
54,1583
53,5033
45,11118
75,4512
84,8418
33,3839
89,6573
86,3141
56,5988
77,4492
25,5559
62,6850
85,10322
161,2977
48,2443
63,3510
43,14724
46,13834
91,5602
101,2691
62,1481
133,20219
60,4525
46,2318
51,7422
57,4181
58,10638
169,4090
214,7683
88,7590
49,2152
105,3696
76,5113
91,6101
50,11543
52,2367
82,10467
64,12643
48,6436
69,23998
99,6132
98,4323
154,13668
107,9882
175,12141
63,3691
72,2006
49,2968
48,4876
44,6393
51,8401
112,4108
72,2477
90,8294
72,4600
77,17762
241,16891
47,3711
84,4453
76,13630
128,3246
19,4231
75,2656
57,3513
64,4304
106,4520
88,5112
46,2823
39,5049
62,5497
58,4004
32,5099
77,3085
53,4491
119,3303
127,3594
124,10095
37,1265
87,5280
24,3127
75,10324
52,5285
41,10604
25,3234
38,9682
110,2590
98,16493
115,3287
114,4271
87,10787
46,4839
93,7735
59,8864
98,14484
64,10126
89,5007
52,1371
45,3655
58,7457
104,16238
114,4022
139,7044
102,17509
100,3989
38,5432
206,8613
68,4757
108,2442
79,2349
57,1379
88,3110
35,3896
33,4742
62,11431
38,7154
58,3575
90,7497
69,9593
18,11268
47,8665
71,12373
80,3763
35,12186
96,6343
40,8035
80,5837
71,6337
56,10093
29,4249
69,4113
96,3250
67,2609
117,1238
37,9217
91,19140
161,8600
73,5186
39,3474
50,1664
46,719
111,2713
60,6024
88,2458
84,14791
79,13812
65,8468
148,14856
187,3920
106,2134
50,18031
24,2571
70,5980
57,8125
85,3268
45,3470
66,8879
80,15744
45,12480
66,5586
77,2303
25,5581
65,2232
65,1997
54,5407
57,3175
36,7716
72,4324
102,3065
43,2489
54,1921
52,6378
100,16048
83,6196
148,8710
48,1508
158,8654
63,7505
54,6038
73,2762
55,3847
89,5098
129,17626
86,3784
113,3182
69,14188
101,8981
30,4909
94,15615
46,2043
70,2273
27,2215
40,7074
93,3836
283,10164
68,3438
71,6775
102,17077
80,2556
28,7544
42,9716
141,11006
122,1764
35,5828
24,1905
90,3197
45,13393
168,17691
80,12605
57,5646
249,3025
92,13500
38,2807
43,1472
95,2838
30,1239
79,6005
81,5283
76,6736
106,6185
63,5962
120,3422
137,13739
70,4123
70,5087
104,6476
33,3839
140,2889
71,3771
77,8107
73,2462
114,4175
190,12098
72,2765
80,2319
75,1589
114,4444
136,14189
189,4779
82,2589
114,7445
79,3546
118,5846
44,6571
41,3872
54,1635
100,11023
31,6402
60,12650
102,3038
81,17763
59,6265
97,10972
63,3382
15,5720
42,8531
73,6144
65,5571
40,8424
258,2289
90,861
18,2108
61,4968
97,2837
45,11829
67,11152
68,7065
89,12348
89,5966
47,15824
36,1958
42,2578
45,2741
23,6530
102,7840
51,5864
32,6292
54,2206
49,11878
58,1087
44,19296
36,9433
74,15842
98,5598
147,18812
69,8233
101,1985
75,8807
62,9065
82,5578
122,16368
32,4116
79,4728
54,7217
117,16203
98,1950
81,15888
78,3500
51,1920
50,2663
73,2824
27,3173
87,2815
94,10504
42,10006
66,5499
34,7633
102,6572
96,7028
51,3796
87,11192
126,14910
72,8834
179,2544
106,17291
37,3710
116,6160
39,3384
46,3455
90,10108
71,11062
44,5666
34,6155
72,6838
68,6131
58,2369
95,5309
59,11251
108,11522
47,1333
28,3622
76,10495
72,6059
117,3276
80,2751
123,5344
70,3408
196,4296
65,743
126,12553
105,16979
123,6530
89,4728
48,3258
77,943
79,4858
47,11015
52,6816
91,3191
34,1256
31,2415
199,3582
70,3038
49,3842
196,6819
103,4486
33,1484
43,1978
90,8500
103,17666
74,9263
67,1334
17,3036
89,2032
38,3531
160,11258
81,2096
73,6620
63,11579
48,15267
53,20249
63,5376
126,11711
68,3697
51,19483
116,12827
120,12490
250,6898
214,6490
245,14775
19,12234
51,2527
115,3622
198,12079
89,8208
66,2538
181,13262
24,4748
102,13892
53,2142
92,3988
22,7862
65,3918
28,4900
55,4371
33,1118
54,1038
55,3950
63,2214
59,3336
160,8611
76,7118
52,2848
82,3356
56,3058
100,11413
38,9054
55,2330
33,6386
106,1495
63,5777
364,4456
118,15410
79,4912
115,16936
124,7072
65,4175
64,4116
40,1890
37,4777
158,9392
46,7012
29,6093
62,7452
34,6487
95,7547
58,5822
47,11560
119,1894
46,6770
74,5344
47,7970
58,2439
50,9498
45,8672
38,4039
53,3471
54,8829
74,2958
89,13204
83,9635
115,10707
43,4758
55,17578
86,1515
105,4282
66,14520
69,4532
78,14860
112,10634
113,17152
268,7524
74,5054
28,5967
30,3414
60,9571
61,2633
28,2461
79,16685
167,7196
84,14583
118,9525
25,3189
67,3997
181,8205
76,12930
67,4900
108,2352
97,2965
37,5683
27,3896
100,16145
31,8989
123,6199
55,6418
57,7466
42,2690
111,9268
96,9252
38,1562
49,15016
139,3617
83,9516
81,9994
43,1875
44,5104
92,2862
53,3732
76,10137
81,4380
102,3933
82,3496
108,20962
48,7266
28,12632
38,1968
52,9000
56,5398
63,11400
75,5108
31,6556
122,4555
74,6259
56,9786
17,2761
47,2015
63,6976
36,3225
56,3457
47,2203
47,17476
83,16991
130,23265
40,2593
67,10665
51,9399
59,3114
88,11954
119,16208
63,1308
44,1396
13,2855
101,1815
31,2475
129,14060
74,2130
43,8109
90,1800
52,4716
13,2929
66,6979
75,2984
57,8343
35,2213
35,3560
70,19790
52,3290
143,11713
33,3934
70,9105
61,9634
85,5186
134,2856
124,2522
56,759
36,2194
64,2127
30,3289
45,5151
42,14837
35,1677
52,1002
43,15700
332,7129
107,12068
51,16344
36,2505
53,5328
43,8349
54,9436
85,2361
48,2130
155,4988
66,3792
157,14233
35,4836
101,6210
104,23155
52,2827
73,3102
97,1963
55,637
108,12457
57,2121
31,2836
118,5343
81,3481
38,1458
53,1892
103,3733
81,13801
122,6088
66,3587
128,3438
47,8036
39,6438
65,2043
90,9523
138,6282
69,4587
59,10835
62,5129
53,13963
40,2696
123,4518
114,5642
76,7769
49,3970
63,16110
100,8500
42,5220
101,13615
45,3287
64,6225
62,6804
21,2209
81,2681
75,6882
90,9060
33,1097
82,3584
37,4419
79,6825
114,4614
73,1527
96,4067
58,5230
69,19573
27,2988
40,10256
79,15460
35,2033
50,11626
35,5570
103,6322
128,7802
54,5234
177,5107
55,4219
178,3239
56,4635
94,4869
43,3267
146,2090
82,7933
97,12747
45,16526
26,8408
94,6745
22,3838
41,6821
37,5586
231,3382
79,1946
38,3078
87,10605
35,4638
52,1751
101,4823
54,8476
133,17924
167,15483
156,12068
41,5391
110,4074
151,12802
108,10375
144,6917
58,2247
170,3201
98,3610
23,2994
71,14076
30,1159
37,2910
42,5105
54,3258
31,3426
101,3066
67,3173
96,1609
179,23792
97,15003
76,7419
79,2987
38,5473
23,3199
28,1998
92,3533
47,6746
45,4313
94,5327
136,9028
86,1453
73,17119
48,2537
55,3255
115,3253
101,2501
130,18431
80,8450
30,4658
80,4491
124,8434
31,2245
69,5953
54,2998
90,5070
34,5289
78,1366
52,7258
44,3994
18,2923
67,1464
99,5085
30,1755
86,17368
40,1452
39,6253
132,15019
56,4521
69,5977
76,3687
42,10045
46,18283
53,3293
63,2350
39,3415
88,8188
126,6650
73,1987
49,3832
65,10138
139,4931
91,5004
22,1162
61,8829
72,1750
70,495
48,4867
117,8226
88,4438
48,3612
51,9478
96,6314
52,4053
119,3043
73,3827
57,4129
129,8591
109,3883
42,4674
73,2788
64,2509
51,2101
84,11488
83,4165
47,4523
70,8954
68,7340
77,6741
112,5039
137,4821
43,2080
84,7621
62,4391
82,1233
47,1759
36,6672
35,8198
67,7642
97,2733
140,10121
79,3389
60,10438
157,3010
227,3951
102,1842
81,4449
101,6274
27,1619
103,6465
86,7840
72,2417
78,4726
185,4604
130,3311
196,13035
46,3953
40,1574
130,10042
53,17996
59,11748
37,9763
45,6482
100,5981
52,3529
70,2284
101,4540
122,10278
180,4884
26,7490
112,12287
49,7848
100,3736
143,12233
112,13804
59,2056
72,6914
59,1714
62,3173
107,14254
107,2436
48,7332
73,12386
52,2875
41,3174
78,2793
101,17285
50,1289
47,3969
33,9649
144,4268
53,2919
111,3575
77,8810
58,4696
50,6296
102,16456
90,14417
48,4477
65,6231
90,2974
104,8391
26,1770
154,10521
105,6285
167,3809
35,1674
55,2619
52,7546
94,18617
215,1706
48,8870
85,12266
40,5923
112,5994
102,7060
89,11740
76,1232
72,5966
65,4510
34,1562
64,10897
46,13261
82,2678
57,11863
147,1899
56,10453
93,2558
113,23906
72,11854
99,14759
46,12456
81,5395
45,4681
76,11514
124,4325
127,7163
56,1207
59,5150
103,8517
62,7636
78,3041
50,3147
46,5451
174,11144
76,7605
567,6954
38,2462
91,5321
51,3809
75,1436
113,20272
93,6969
33,13972
180,3343
50,2385
86,5735
51,4773
22,10515
27,15164
85,9290
29,11716
69,12920
77,11361
46,4119
48,4091
115,5709
50,6761
164,11350
48,490
111,3885
71,9818
163,6811
120,12998
30,14565
119,9111
83,7347
71,5396
108,4284
91,13320
44,9467
104,9113
130,6178
60,8663
35,9794
153,6451
125,9161
65,9727
36,3853
35,2128
191,5865
89,5810
63,1420
130,1442
127,21437
14,1547
64,9583
131,3343
49,2099
127,2865
70,4578
87,13699
69,12128
181,12028
29,9626
100,12611
55,6135
76,9430
54,2731
32,6824
64,5231
76,3889
87,2895
103,7749
156,15827
191,1498
84,1817
127,4781
69,3524
48,2391
48,5595
33,2746
86,7470
88,1693
45,3399
82,6593
117,3824
93,15785
196,15521
102,12298
70,4831
74,16763
27,2743
60,1051
44,2815
88,8167
91,1873
57,4565
126,2205
72,6881
43,4349
51,5460
120,4734
242,4184
89,6015
78,3515
91,3566
47,4550
158,4744
25,2957
193,12981
93,3576
64,14333
82,3361
37,1238
90,4879
202,12662
86,4490
42,2430
44,7734
64,4416
59,3052
166,8793
66,3567
86,10707
45,3524
168,10436
98,3358
80,3959
88,8022
48,11067
49,1102
122,19244
91,11474
67,3040
66,2829
147,6273
59,3429
71,6280
59,21776
49,3369
173,4839
102,2135
101,5758
80,1539
64,2557
29,3383
87,5203
40,8739
183,3758
24,4139
27,6982
188,5876
31,10451
37,6582
67,14514
50,2452
122,17697
39,3854
151,9532
48,3726
55,1939
52,8789
72,5681
43,6153
105,2932
59,3318
74,5709
44,2996
42,7847
59,2185
43,2126
93,6124
35,2188
58,918
14,834
94,16701
145,6796
67,4658
58,2686
86,6012
80,13900
82,12195
117,16253
37,5793
60,2293
105,6064
51,4205
63,7147
99,1289
55,4405
60,8286
34,3934
42,3406
38,2124
125,12562
40,1357
123,2958
62,8032
29,1264
66,2080
137,3585
16,3521
58,4795
63,6992
64,19824
62,9226
27,11747
107,8595
429,3267
217,6066
61,13866
56,6974
78,3351
86,10100
84,6046
95,5269
94,5566
98,5138
66,11134
30,1533
29,6168
104,14930
56,1116
206,4893
71,17139
122,9316
67,8420
24,1077
53,4595
88,6632
65,9764
37,12669
91,7691
91,4561
87,6169
178,13316
101,9957
87,9680
53,10224
125,14317
59,5737
175,11278
27,14368
33,5941
60,4609
138,6231
83,12214
35,2110
69,4884
96,5319
31,1505
40,3844
71,15884
62,3671
48,7038
76,19163
40,1842
44,1801
65,3620
69,11240
70,1852
68,3928
101,9761
61,11178
86,2125
80,3177
102,22247
34,1257
115,2838
186,12105
60,7546
28,2081
48,6210
133,4108
119,21863
122,6623
86,12200
93,6171
73,3402
62,1777
56,4660
36,5186
78,11365
82,2335
51,6056
32,1961
332,7673
84,1491
97,18864
32,6448
27,15949
81,7964
47,3067
49,6148
35,2036
102,16236
50,6088
108,2852
65,17674
167,11159
290,2722
45,7185
19,8787
81,8919
40,1708
72,2493
57,9521
56,2449
80,3060
50,2096
52,2644
69,5287
123,23811
49,2097
46,11191
40,1790
50,8804
110,4467
93,3909
53,1594
74,7551
69,3841
63,6318
69,1627
50,10713
50,7866
29,6365
56,5637
33,2124
46,6234
102,2073
75,12542
64,2438
60,6290
23,1243
137,8097
113,5284
48,7030
61,5863
121,14634
92,3064
56,17801
79,4029
44,10401
11,1605
57,6591
79,1840
39,2138
104,4389
89,5009
90,4235
64,16734
158,6168
65,2294
47,6628
55,7560
50,2493
44,4135
122,7156
97,3092
144,3565
53,1159
33,2181
59,8829
47,1802
55,1731
64,6112
51,4276
104,10544
135,10591
57,3894
103,3947
64,1207
114,6189
28,4287
52,2099
191,16617
165,4513
116,8022
19,3553
103,5822
60,4483
57,4073
63,6598
47,11073
51,2412
140,3865
129,3047
53,4816
42,2590
146,3810
54,2142
33,2714
116,3410
57,9521
78,1776
56,4001
49,4232
69,2270
38,3495
99,3384
52,12773
43,7968
107,5807
134,6246
117,4754
70,6189
158,14891
48,3991
51,9837
53,4883
117,3553
77,2572
18,2674
97,4635
20,1351
102,9959
62,9280
80,11478
77,4020
60,6564
94,1519
28,1823
57,4160
76,1574
126,1975
46,3834
82,11102
123,5102
106,10222
132,3908
107,2003
118,2485
107,20249
76,4292
93,3173
42,4403
134,13986
158,14886
44,3116
54,13285
101,15899
134,3350
84,18022
84,6017
121,9091
151,4827
49,2351
53,10608
61,7421
119,3390
139,6417
72,3019
43,16767
82,6674
98,4272
81,28210
105,10059
38,5172
50,11054
72,1468
57,1715
51,13594
86,8151
49,3348
70,6263
128,6617
46,5279
88,12451
79,5526
45,3155
119,4010
92,5012
51,3321
49,9404
101,16274
115,17867
109,3573
418,4929
23,6078
121,13530
131,16694
72,4547
69,2818
60,3669
21,1562
68,1397
55,953
85,7086
37,1217
79,1321
76,28932
94,12718
132,6880
67,1299
139,2022
115,3092
62,9710
97,20445
70,13101
58,6128
67,2347
53,2903
65,3349
59,2206
86,2079
48,4722
62,12167
108,17809
62,2929
204,3314
57,8585
39,3727
43,2861
34,9422
44,2610
80,5138
46,9955
23,1941
32,3731
42,5930
72,11862
106,18306
44,7876
122,6110
87,9921
89,3017
24,12835
61,3558
63,4030
84,3485
51,3262
49,9937
48,2593
54,9076
68,994
61,13248
122,22507
99,10721
64,3414
159,2738
104,7718
65,4136
100,4721
55,12727
102,4677
116,4717
76,2262
53,8144
43,14037
103,13600
70,7943
24,5305
50,4567
36,6412
29,4879
57,1545
111,8868
129,9519
58,10874
30,7721
26,3181
62,3272
73,1370
90,2093
51,5691
25,4997
42,4779
43,5351
67,9765
47,8132
45,8500
63,1617
27,3701
68,3519
158,16765
149,1736
38,3201
121,6672
34,2320
55,16224
157,3290
96,2786
36,4866
79,4471
93,3686
51,2322
42,3634
67,1556
140,15306
107,20489
94,900
77,5925
69,9367
54,15049
41,4444
36,2077
80,3237
60,3364
83,2416
71,4418
35,2988
60,6474
59,2670
86,20751
64,1885
69,5920
204,11804
140,11776
56,6572
57,2944
88,2021
209,7641
70,4343
41,6913
76,8206
65,8111
59,5388
84,20482
30,4281
38,4303
70,8770
225,11029
56,3174
46,1816
44,5632
83,8169
77,14239
44,3815
107,3373
55,4937
68,7765
62,6274
80,9174
68,4131
42,5130
50,7098
180,5891
46,3378
85,12400
35,4594
47,17236
62,1341
77,8835
44,5740
68,5467
58,5524
90,2459
79,6547
39,5330
68,3640
30,1542
127,5506
194,3558
41,7686
54,2633
113,14410
131,15434
81,5931
72,4564
111,2836
118,8777
105,20085
96,4033
103,11260
64,7089
91,4936
96,2947
97,3446
125,3858
39,3071
29,1946
58,2430
59,2693
22,1600
53,9411
70,3419
43,793
116,5425
49,3668
35,6256
119,3037
50,2603
35,6127
100,14205
128,21728
73,2956
38,601
92,3256
78,1365
109,5876
59,14940
140,7443
45,11887
116,5677
118,10053
57,6461
55,2501
107,11883
64,2439
132,1710
33,6763
38,7227
84,3751
52,6094
69,6443
43,5281
65,9465
41,3578
53,3935
86,17711
62,1576
62,17745
65,1464
65,4911
45,10424
45,8313
22,4983
62,4178
112,4401
126,11858
50,4640
126,4063
46,7894
47,10435
53,7772
63,11345
57,2708
48,2260
61,2628
93,3855
74,13877
75,8446
90,8697
29,4959
86,9010
120,2378
61,9343
67,5389
44,2840
23,5568
58,11794
51,8548
88,2084
33,1434
34,2294
25,3366
86,5759
106,16257
41,2047
74,3938
75,11217
41,9555
144,2851
50,7376
37,1675
63,921
152,11285
11,891
66,8821
97,25697
64,18656
19,4961
86,11344
87,15168
49,6871
106,11001
27,4720
30,2496
102,875
153,2416
82,12677
189,3759
75,3138
77,1779
76,5532
44,1586
55,9614
137,5544
113,7330
120,7693
80,1430
97,8745
54,1534
100,4127
84,2691
63,4017
38,4088
138,7493
104,11045
133,11013
99,2380
122,5117
66,8960
67,15751
118,3390
43,9907
46,7627
127,9554
55,1068
92,10959
96,5490
72,3115
51,4586
62,1784
99,3794
165,4392
54,5481
67,6369
62,6088
62,3646
60,1233
66,2342
81,4936
126,5661
55,10084
38,2872
195,16704
99,5426
117,1939
75,5762
95,16216
84,3138
59,3697
59,6291
77,1251
104,4441
80,9561
76,6294
129,7069
64,1953
30,1905
88,13885
166,18745
69,2498
118,4148
58,6497
37,1592
49,1234
161,10677
59,7143
75,8233
35,8629
71,4579
87,5074
86,9447
51,5443
114,5955
94,2013
32,9789
62,2215
36,2745
76,8397
118,3844
57,6314
64,6118
136,7159
43,1334
86,5758
42,3137
52,2785
87,17061
64,1242
34,12146
86,9748
121,4600
59,8205
64,2979
54,5588
63,2917
43,4225
129,4174
74,3638
82,10400
44,6138
44,3130
112,7791
34,5011
30,1897
26,7143
200,11239
29,1101
53,12508
34,587
96,2144
105,6038
52,8626
142,6913
31,3913
97,9775
82,6363
92,3873
27,14435
79,2529
59,3466
60,10645
66,22029
59,6463
47,10446
71,1435
90,4161
23,2297
56,6891
78,4580
31,1257
74,13736
123,15773
155,4378
80,7344
99,1901
140,3091
20,7269
44,1547
51,3217
17,4148
45,2086
60,5903
29,1305
115,6171
126,8156
69,5712
82,5146
39,9298
140,3673
130,7418
124,2818
165,1523
46,1969
112,3768
67,4299
46,1450
61,9460
55,9920
31,3319
69,3542
178,11304
77,11991
162,6285
78,21396
64,11590
68,1499
61,4192
66,17011
89,7999
77,8833
85,3613
31,5386
75,12276
61,12653
58,9124
59,9897
67,10930
45,18178
131,8055
63,1771
48,10526
165,10114
69,7266
51,3867
160,11971
92,7621
45,8251
20,1950
39,5706
103,2734
66,7253
147,6060
59,5619
65,1279
105,3254
36,1378
52,2788
41,1115
93,4059
125,2982
41,2836
34,1258
94,2727
156,3196
46,3135
94,779
39,10954
78,3630
161,2435
92,11874
97,1216
42,2243
33,2285
119,6000
60,9648
106,7302
52,4789
28,14171
83,3561
119,4518
42,7228
56,4231
52,3894
51,2983
80,3542
47,3520
52,2063
53,3277
67,6384
49,4382
51,1396
98,16986
69,3225
37,1891
114,3468
112,16471
62,8310
75,11590
62,3554
42,12164
63,3555
59,5319
55,4840
89,1910
139,6067
87,4900
47,886
115,6812
79,8585
31,4992
98,3352
60,7626
90,3930
87,6283
132,9500
92,2571
36,3054
43,6824
38,6095
42,6815
126,14733
66,11215
36,6054
72,1720
82,3254
100,3650
33,7178
26,1403
130,31172
91,8725
127,1604
27,9660
67,8097
202,16967
35,3390
113,9569
38,4954
34,1590
49,5208
131,8603
40,4178
70,9367
73,3712
40,12637
175,7027
47,1658
67,2871
112,11406
19,3423
68,3043
69,1834
84,9489
95,4705
107,5771
56,13114
81,3322
76,4540
55,2427
130,10881
122,8842
77,6342
22,4854
100,4936
124,24205
48,1384
110,3729
56,3328
32,11574
87,4558
60,4764
63,9638
109,1173
61,2390
70,5832
115,18414
73,11677
117,4638
155,13405
220,5540
31,1920
92,3459
60,2529
67,11252
53,6328
115,2052
56,2304
99,8210
68,2375
79,4938
51,2669
30,3267
108,8224
65,10659
56,4890
64,2080
146,23883
88,5858
125,20351
51,2133
52,11411
132,1971
38,6494
64,7802
137,13306
148,4097
122,7021
53,3261
21,3639
32,11276
49,20988
73,4695
22,5489
65,3257
81,2086
30,14520
74,9392
66,5228
39,3774
72,2928
72,1125
29,2590
60,12244
76,933
46,2264
52,2110
56,725
113,3697
120,2899
55,2551
76,10482
52,12194
65,21623
52,2330
47,16164
29,2684
114,10514
61,2291
87,5389
190,16032
78,2162
100,5845
74,10904
21,1198
71,9317
63,8658
38,5810
125,17317
120,7857
48,17649
54,4846
63,1286
70,5551
54,6580
91,11380
63,2946
104,8459
16,3793
16,2048
38,1453
54,7621
51,18894
34,1191
99,4610
36,5999
113,6255
96,4069
91,12912
49,3466
106,8981
88,5223
100,1777
60,10093
86,4252
34,1402
89,1557
27,1550
117,2577
88,4542
44,1631
50,10369
38,2699
117,1753
112,3932
49,3705
130,11242
78,4285
59,11553
104,11372
179,3573
38,10358
49,3902
44,1620
140,4827
45,4062
43,2386
45,5859
26,1218
114,11191
24,4080
69,6035
98,3057
57,7925
100,16452
201,7443
45,1752
52,4629
84,5391
40,3032
76,12420
29,11148
90,1484
40,2344
85,3398
40,4878
100,2421
56,1815
49,1877
102,2436
52,3394
153,7827
74,6569
61,8650
115,6474
55,1807
148,3070
106,7426
65,2988
46,4645
137,6687
137,1714
88,1775
81,5060
95,3641
92,13435
44,11581
70,3763
47,5542
104,7258
30,4975
38,5776
48,7324
40,4352
212,4005
74,9694
68,6310
41,4218
25,4778
62,15358
60,13064
42,3874
215,5782
73,6656
95,3062
44,6779
83,18295
90,8375
51,3456
53,2065
43,3604
97,7785
45,2963
62,2417
50,8235
50,6416
85,5694
67,2129
29,2556
46,5548
76,6894
81,19474
57,1523
73,9862
53,4483
42,1455
75,3328
39,9802
118,2867
103,10633
44,3051
58,751
110,18604
150,6842
72,3107
54,4507
55,7335
59,3633
74,11569
35,3148
21,3904
24,2018
68,15529
51,2387
80,4661
65,3211
89,3062
87,4376
58,4281
97,3998
41,11977
163,7918
241,3252
51,2310
44,4831
69,1107
55,3942
49,14021
87,1452
29,8170
92,3627
76,9039
61,2584
40,2965
52,1411
150,12368
182,11718
72,7075
59,3508
116,4285
46,14841
122,17317
61,2270
66,3075
117,9632
174,8942
69,2622
86,13163
85,1683
47,1919
105,4415
77,3467
77,8503
49,2510
90,7748
52,5598
37,12762
134,16168
65,6536
80,17995
154,7376
89,3187
113,3837
57,6242
72,3483
109,2813
36,3539
93,2376
78,12675
12,3030
139,2213
32,7530
91,6796
127,3552
78,3268
122,4946
26,2672
63,2410
56,9259
143,16514
95,1871
55,5940
26,7674
93,10191
54,4442
81,5620
72,1706
98,4665
96,4014
102,21427
97,5524
130,3812
114,13746
101,6800
36,7965
85,9556
61,10184
38,9422
87,3549
49,4708
38,8970
49,1500
43,2580
80,10784
78,1941
210,8117
59,9921
63,12604
49,17451
58,9960
72,8397
28,12712
50,3642
51,3339
59,6288
36,10700
52,6145
33,11131
161,4071
86,5907
83,7189
91,8827
62,9545
47,3791
31,4095
27,2024
110,10511
67,2078
116,12069
37,3854
92,18402
62,9071
24,3525
180,2362
348,3709
71,17695
66,9823
77,989
119,7489
67,8151
34,7743
27,2632
109,15080
67,13981
90,11996
77,9378
158,16627
45,2193
124,8085
98,2854
47,2366
90,3220
82,13945
121,6360
74,7965
41,7379
38,7771
34,2981
81,11455
59,4156
69,15070
75,12682
70,14186
102,3951
56,1319
87,3085
66,11700
75,10687
64,3007
59,3117
84,4857
114,15951
117,8479
103,14668
67,3968
126,3380
61,1878
163,2891
104,6860
66,1480
32,2063
56,2489
90,17548
88,2225
73,5642
64,1577
57,4443
77,6343
66,7024
216,3512
62,3491
71,2899
65,13055
100,4131
111,6657
177,5291
33,1379
80,6581
117,4629
40,7772
77,2662
36,3227
69,6301
105,1852
61,1449
95,7507
90,3136
158,10327
94,22381
66,13010
89,7284
31,2010
114,9927
80,4563
74,18257
33,2492
89,3386
118,2199
55,3522
32,2135
64,8796
100,15456
55,8099
73,14388
87,13205
71,14666
98,3646
95,12611
56,7902
42,8472
107,7442
83,11802
103,4280
123,2035
61,5325
70,9675
152,3232
91,3746
40,3588
99,10000
47,8156
36,11191
67,5151
154,2554
114,7336
65,901
135,5879
21,2362
48,4558
86,16728
138,3014
63,3045
68,4473
35,5346
46,2634
52,2723
54,5928
59,8617
52,17029
101,8098
40,4192
269,8445
48,9211
42,3085
72,14010
20,2255
61,3462
142,10799
61,2247
132,10463
79,10465
61,8905
37,7012
54,6063
104,8893
36,2697
135,5447
37,5184
97,6713
86,4606
92,5038
75,3698
42,3591
453,6469
96,8509
60,2217
96,3760
48,4085
49,2742
59,12508
56,3365
119,16068
71,23595
63,8977
58,7059
73,1419
40,5298
48,20534
87,1577
52,17454
133,5601
37,16479
76,8038
98,11254
63,11840
80,5517
45,17298
37,4995
110,6594
85,6657
81,2181
89,5316
51,19310
94,1957
68,5563
39,8231
175,2834
26,8372
73,13622
54,3284
95,6408
202,2770
233,18981
71,5666
171,4495
90,4138
100,4276
81,8829
21,1564
97,4107
43,3249
55,4912
101,1246
225,3437
68,1672
69,11230
58,4163
85,7970
97,15245
38,5987
31,2145
88,16961
70,1411
78,1944
43,993
74,9853
102,6237
39,1666
109,9403
82,7464
72,6769
62,4382
51,8942
78,14227
74,10255
34,10890
70,4071
40,2562
90,4644
46,2148
46,1635
83,6125
81,2887
45,2638
42,12190
58,17049
32,13398
87,5790
122,9795
151,3168
54,2267
88,9263
89,3174
91,7857
31,5995
65,4403
69,8528
104,5256
23,1612
96,8676
37,1882
88,8358
60,3775
49,2923
36,2608
76,672
28,13192
105,15761
66,21448
67,2063
100,2366
24,4134
78,6290
115,3740
45,12470
304,1567
99,2617
196,15501
40,8759
96,8979
106,4453
153,6254
62,6274
127,19759
55,4952
154,4854
90,4803
98,7852
88,5769
99,7879
47,7073
28,5134
155,4268
45,4293
18,2472
76,11752
51,2277
100,15082
53,2056
39,2704
54,1540
52,3416
62,2100
41,9666
89,1675
81,1125
106,16758
118,14617
83,5081
70,922
95,2837
135,5475
179,5911
58,5238
59,11145
59,5670
70,1662
45,3034
83,1271
44,3051
32,2091
52,4411
64,3171
41,5523
71,6642
124,3716
130,5302
28,1819
90,2382
40,1851
87,3766
64,6941
66,3359
107,2045
98,6957
61,3469
84,5738
73,3571
121,14569
49,3076
47,2439
187,7509
88,2869
59,3724
40,10102
25,1895
116,4901
62,3249
68,2876
84,2719
142,21830
102,4167
79,2155
62,4837
135,8153
36,1407
115,2241
37,3825
84,2972
45,4840
36,5893
40,3120
110,7834
43,1906
51,3973
63,8799
78,5094
36,4330
59,3833
82,5387
47,2611
68,2816
38,6755
64,3523
123,3420
66,1518
61,5948
119,14058
90,15640
62,11660
78,15908
169,4516
77,8558
92,8453
85,10357
97,3165
110,6512
88,2072
113,10352
71,5204
61,4007
54,14415
96,2019
63,7143
44,2008
42,5773
177,12464
165,6203
89,6089
66,4321
110,5820
35,12590
309,17194
50,4024
35,5045
45,1363
90,3750
82,7261
27,4552
152,7430
62,3097
63,5092
51,2337
170,4952
46,6596
60,4429
55,2056
34,3446
111,10429
18,4843
47,2627
57,9407
40,4954
51,7690
62,6321
88,4846
133,8904
30,6623
20,2609
81,2858
93,8025
43,2766
57,2947
27,9465
24,4328
39,2702
76,5127
39,1543
37,1671
50,6924
81,3217
99,8758
44,17406
78,3308
35,5412
87,2451
53,2545
74,5135
59,4287
55,1339
126,14158
181,4152
77,1225
23,2477
80,2405
57,10203
23,5326
87,2559
70,7660
115,9598
53,1145
123,13196
140,14339
85,11052
59,2257
63,14237
187,7781
140,8763
90,3431
49,10286
392,17884
192,4344
86,6583
50,10156
153,10455
25,1551
93,4281
58,16884
78,5082
63,4939
32,5146
68,5554
27,3175
107,13116
114,5018
38,9326
40,3194
189,3355
56,3179
125,3114
86,1818
85,2964
45,9557
116,2757
22,5347
109,1585
175,2671
50,2013
60,3838
143,4057
87,1476
77,1849
38,10300
134,7659
45,6127
84,6786
83,6626
42,2614
77,18112
56,17398
71,1369
53,1922
64,16540
45,6779
151,12632
81,2110
62,1473
151,4037
29,3184
77,5956
32,2131
67,8656
39,2832
79,9761
42,6326
90,4411
126,5789
135,11014
30,1880
53,6026
44,1807
77,17902
235,6200
108,2250
123,11373
121,21622
85,8286
17,2977
75,8540
79,3135
54,7414
72,6347
152,17467
96,4879
102,2854
77,5037
181,15195
142,2257
81,3345
110,2597
38,5621
85,14039
110,1714
96,4549
132,2387
65,6916
135,2282
56,5393
72,1791
49,7458
106,1811
122,14544
23,3551
53,2076
79,4231
61,2119
20,2661
104,15315
53,7966
89,1927
53,9897
24,9357
113,10082
135,3576
45,9657
103,17182
55,4634
47,6857
51,2624
73,1926
44,4344
58,8081
108,15387
52,11500
83,2110
71,5055
73,1939
68,1725
55,3823
23,4332
43,5287
137,2046
76,4436
20,3024
105,15296
124,15673
85,7393
14,1349
70,13285
57,3328
72,10400
47,1520
36,10213
99,7588
27,4309
35,6891
86,5207
55,9022
42,2092
43,2539
153,2094
29,4963
43,2982
40,7411
53,6443
59,11780
82,6275
116,5622
54,3697
121,18468
97,5704
80,4307
138,12976
101,17940
55,2420
45,1557
38,4340
100,1117
87,8185
61,8782
82,8858
108,15839
140,7656
238,21680
96,6419
120,9240
88,6310
52,9324
83,3007
28,4371
87,3394
86,1828
53,13074
41,3282
24,3178
85,13321
79,3095
112,1825
45,7091
60,986
47,6798
57,3123
94,12539
54,6347
92,8653
96,2606
111,5638
73,1836
96,3774
62,2800
98,1807
91,4246
105,18481
64,5457
117,9007
102,4309
98,4576
64,3446
83,4636
77,4095
168,12916
44,2703
65,7152
80,9619
32,1951
79,3377
92,2548
57,5822
82,11133
57,6435
63,2110
41,4209
94,7195
105,1621
59,15360
119,8735
41,1780
55,3393
41,2118
134,6071
65,8583
38,2243
27,2016
49,4587
42,2364
67,5962
218,5954
138,6868
81,8890
105,11074
102,3706
37,2289
77,5458
89,2329
128,4388
63,2465
152,6769
68,10527
51,6134
84,7163
222,11889
122,14801
48,21690
30,10139
78,10981
68,2896
78,6784
77,5760
149,15185
44,1702
94,3942
85,14370
41,7816
121,4265
104,2509
36,6987
72,8000
120,7742
43,705
115,8945
94,6331
58,12692
52,7346
64,8105
132,8613
79,2667
84,3833
84,8642
164,2851
126,8813
59,3938
54,4809
75,4982
42,11584
81,6019
67,1869
451,14719
97,9419
84,16353
112,3577
118,5723
83,2236
29,9314
39,2680
324,7942
123,2861
27,3666
84,7448
18,1844
78,3115
180,3566
137,2275
131,18417
72,6843
99,10086
51,2696
25,2773
31,1805
88,7521
29,7300
44,8710
65,6872
46,4914
84,5290
71,5645
47,1449
44,8379
68,7030
87,6732
53,4342
127,11688
90,3694
79,12444
27,5234
31,11018
148,10234
17,3612
81,4139
91,9026
38,3663
60,11402
32,4372
46,3209
61,924
60,13311
35,3186
97,5127
73,3753
122,15930
261,16659
57,2375
54,2576
68,1972
67,3642
20,839
77,1802
44,3411
38,1981
70,1862
85,2841
46,2776
206,14384
144,9060
84,5639
136,4515
88,18354
48,4202
102,15780
100,1028
62,10586
75,20535
149,14983
68,4091
42,5617
96,10451
140,11442
61,6969
75,4230
63,14735
131,13488
76,15361
111,3539
90,16067
77,4437
111,7862
42,4918
45,8236
66,5381
55,928
51,13422
55,5852
74,1582
42,9837
48,1795
75,7120
41,1651
45,2441
46,4510
80,4757
74,5444
37,2210
48,9226
57,2474
43,3776
49,1793
97,7282
66,2853
139,4353
63,2085
67,7409
60,8966
53,4060
97,8709
82,2000
87,4721
61,1627
20,1434
50,5436
42,960
73,2497
81,8642
54,9889
62,9020
76,2241
31,10224
49,1654
85,2639
146,19126
176,15435
29,5686
85,2770
791,5800
40,11965
179,13543
96,6119
68,11870
39,4584
82,11178
97,8812
102,7482
135,9808
93,12050
91,3768
68,7605
77,5605
53,3436
63,1446
147,2877
101,4182
31,2808
142,20953
139,15280
44,7574
156,3031
77,9964
54,953
50,3819
38,8551
44,15366
53,2429
78,3161
61,7354
59,10180
48,15086
74,1857
33,4470
130,4427
68,12238
109,16891
34,2067
58,4869
81,13310
43,7315
71,3304
29,2839
57,11855
46,4992
71,6645
137,10405
37,5189
86,2371
59,3799
178,8787
35,1546
30,7347
83,3421
51,3195
52,2958
45,2206
37,6025
53,9067
23,6953
100,5135
80,3929
28,10195
80,2699
64,3229
101,6126
90,2133
64,2971
60,1707
81,7451
84,15482
51,1205
94,4147
72,8028
134,3511
106,3377
39,14923
46,3164
71,7453
93,7553
75,4301
28,4019
77,8334
62,7722
52,2208
127,20641
63,10974
37,5636
82,4746
65,9180
84,9603
105,7454
20,5371
83,3376
102,3170
118,3571
61,16600
27,5785
47,6223
113,14634
73,8271
61,2182
79,7321
20,5978
48,3636
117,4201
61,3782
36,485
55,6663
76,2906
73,2011
55,9119
83,14590
63,5182
143,21131
31,10658
109,7466
41,3512
76,3366
111,2852
72,11125
25,2045
67,5170
113,5160
125,17831
80,7352
50,1330
53,20713
63,3923
233,9069
33,5466
75,2221
97,6001
92,13216
54,2229
25,3195
57,4309
57,6505
38,8398
45,8213
102,13577
60,6996
30,2441
91,14999
61,4929
57,13195
112,14998
68,4930
121,5121
34,12699
205,3292
30,5125
98,7374
292,4582
137,15230
129,20536
134,6777
63,7569
22,11236
62,2205
114,12587
46,8585
55,5265
36,1882
38,5172
47,4186
55,6284
76,12770
52,7150
56,5110
45,2386
30,2299
48,8401
25,3959
60,2879
176,5474
119,5811
118,15805
61,16051
47,12627
82,10339
54,5002
129,6655
62,1741
48,1136
103,9445
121,14358
122,9647
91,6822
39,3786
103,12696
79,6614
43,1429
80,19622
40,5120
49,7188
50,2658
59,2016
128,25342
63,8674
58,6446
73,11131
96,1184
47,1379
28,2750
137,3489
49,1573
82,4153
59,4723
23,6314
40,980
61,1801
57,6810
126,3922
103,12941
100,15649
72,15611
28,1350
134,15286
84,9923
74,1591
105,1661
43,18841
29,10184
130,5144
34,1684
53,4239
48,1497
71,11974
35,5235
35,5419
99,8140
118,7682
48,3172
136,12480
63,1837
44,2022
24,1669
71,5783
87,2767
37,1715
77,3538
63,7107
95,8048
129,5058
31,16544
98,11127
69,3938
38,2938
48,2852
71,3836
157,1507
181,6821
64,2167
87,25981
61,12619
110,4342
58,852
38,5072
18,15271
111,19541
161,14638
23,921
11,2041
28,6289
127,10325
44,9458
82,3654
41,3138
81,21646
93,18903
52,3183
58,820
124,2523
55,984
56,4330
33,2470
101,2778
33,5040
70,4468
73,5166
129,4358
154,7279
320,5373
92,1102
114,23081
14,1036
62,12184
43,2873
54,13483
76,3055
81,1742
111,4220
57,2246
35,4888
88,12780
46,6792
69,3614
80,5683
39,7264
258,7461
49,3884
245,10837
104,2423
60,1870
59,1996
112,6390
98,4060
50,3471
43,5141
32,1507
108,5486
64,9681
46,5095
54,11663
115,11472
79,4509
39,5551
55,5738
103,4043
152,6342
38,2353
132,11888
76,3244
55,2347
70,2653
94,3417
68,6781
56,8311
53,2353
49,11561
118,3500
105,10917
214,3068
40,896
72,1870
61,12470
50,14113
146,4420
99,10578
55,10384
97,3622
144,14541
53,7644
41,3336
67,12930
180,4443
52,14216
106,11817
27,2307
78,9500
78,4824
34,4383
43,7021
59,2386
47,15634
46,1644
97,7725
75,10632
72,5068
52,1470
61,1253
68,6596
136,3446
60,7055
125,14272
31,1572
86,14677
66,760
63,1176
86,4588
62,9514
40,4652
116,2575
127,1845
78,7395
136,22632
98,8838
112,4600
112,8048
24,1766
58,9445
70,5697
108,5751
27,6255
55,4082
72,1636
174,11888
45,12308
95,3827
92,3294
60,5522
110,5190
252,5639
116,1430
44,5421
55,2001
32,3047
51,6235
47,6504
62,16384
51,7049
87,4089
51,6189
100,3273
31,2429
85,2666
56,2493
58,16666
75,7888
103,16425
48,3082
125,5877
52,10649
103,4050
119,18454
113,15106
34,3644
122,10345
100,2075
32,2830
72,14507
155,7578
124,12197
89,5005
123,8240
50,3576
38,5950
28,7247
56,2303
48,10691
45,3657
79,3832
123,14913
185,6904
59,3040
81,3153
102,5254
118,8701
68,3661
97,15718
49,6640
98,8424
70,3259
82,5926
39,8599
73,3721
49,7438
37,1923
35,3841
54,4445
127,4180
150,22838
120,3742
52,8645
59,1532
51,1902
65,1839
48,9043
67,2244
95,10009
118,2407
49,4507
74,4563
59,1594
89,1363
50,7917
161,8221
30,2390
22,1605
41,6626
112,10454
176,2319
44,986
94,3432
48,2847
118,2799
117,8253
124,14848
35,1714
39,1915
104,3956
125,2502
38,2394
48,10192
148,5255
56,2840
72,2119
61,3815
64,10020
62,8173
136,3762
70,15167
108,7526
76,9640
106,17171
72,7862
55,15920
78,2699
25,5175
33,3545
63,1413
72,9583
104,1913
91,9855
105,13797
91,3837
76,9903
40,4743
84,1603
27,10575
60,7863
115,3856
110,3764
45,13065
115,9102
53,6914
54,2571
48,8073
64,6580
44,12000
71,2177
45,16936
132,25083
50,11667
48,6480
78,3470
130,5836
81,5824
38,1225
50,5010
46,4229
152,5623
72,8588
46,16251
48,3832
58,3254
50,1060
96,14364
80,3443
86,6083
106,13593
74,7664
144,7725
81,2995
112,7948
32,10867
106,11134
54,3149
166,4497
143,8488
87,13014
64,5892
68,8715
75,8830
59,4442
118,7793
88,8087
86,7772
53,1902
41,2806
33,4165
190,16555
47,7548
58,8278
23,1604
55,4517
30,4692
65,1933
81,4738
159,5960
85,1328
83,4112
163,14870
23,2189
60,2365
67,3040
89,8843
72,4984
63,2103
62,11576
94,3991
54,4905
75,2030
53,1137
28,2859
96,6171
102,8689
84,11890
126,2674
53,19902
110,8921
167,1759
127,3338
120,14390
72,6253
48,4964
153,16832
39,7664
52,9844
160,15288
48,6669
36,5947
95,5125
56,2494
194,2831
52,17412
26,1472
203,8187
119,15815
64,7177
45,5765
79,2675
102,7348
121,6719
31,1401
45,6902
60,8641
128,18712
83,9061
95,1035
101,6549
84,8653
86,2994
162,10812
87,13123
40,9163
102,10067
89,4896
38,1142
87,2032
91,3870
59,7164
49,2674
80,3875
24,9491
94,17659
49,7640
35,4181
56,7302
75,8162
131,3033
47,5252
83,12035
22,2507
92,11225
99,12894
59,4359
76,8800
36,8788
82,1309
142,10733
140,9961
73,10203
64,1585
123,3910
263,7562
65,3674
16,1930
73,2809
40,5677
48,4059
52,5269
80,2588
125,15376
30,5207
72,12820
51,3462
203,6926
53,9675
202,11884
55,13300
27,3873
36,2431
74,2081
210,20307
68,3813
75,2276
36,11563
127,6220
106,5715
48,11089
28,3360
179,2454
116,8682
60,8330
25,2411
41,7577
99,10825
56,6240
49,10418
91,9834
37,1536
18,6554
69,4562
56,9327
138,10925
91,9738
183,4551
93,11098
37,9024
92,4897
27,4077
56,5669
41,2500
94,1834
100,26372
73,7612
109,16472
38,2118
59,1887
146,6502
82,3092
87,3315
116,9563
18,2249
69,7544
72,8647
41,4470
43,4767
40,3645
267,13276
77,20296
107,12487
93,11489
180,3894
83,3983
117,14438
77,1803
89,7330
44,6911
60,2659
73,1412
32,1911
56,4079
80,2796
71,1867
101,6162
97,1412
42,2555
43,6412
93,5701
45,3048
38,3538
39,2360
41,1576
48,4759
146,16080
51,1893
39,7567
114,10246
36,1317
54,3887
89,6166
55,7869
96,5459
35,1461
99,8260
69,13995
49,7787
96,15434
72,1365
503,6854
63,4102
130,7739
62,11069
79,15214
82,7102
36,5756
80,2066
41,5872
119,13528
71,2440
53,8978
90,8405
19,10047
31,3651
69,7021
50,2888
23,2517
82,2083
69,3227
168,2878
128,10586
36,1507
128,11854
132,7193
35,6823
79,6265
87,2740
80,14074
39,9207
74,12878
41,4684
107,12086
77,4605
118,2078
110,6088
75,13021
71,2058
67,3553
40,1531
53,2605
61,3336
46,2084
81,4750
103,3329
58,1755
60,4746
71,5499
104,3612
56,8812
29,6705
84,5142
119,21347
78,5318
62,5506
62,5650
80,3040
80,5789
65,15555
53,1409
61,6377
72,4942
36,3426
69,10276
120,10458
65,9899
78,5806
99,11006
97,15417
65,6257
84,4191
50,6867
101,7876
65,4517
44,4288
79,8179
74,10516
44,7937
72,9191
100,6369
38,3394
62,1546
34,5531
24,7257
55,7713
78,3087
53,4323
47,5082
34,4677
97,16281
73,2158
123,11821
53,3624
83,3458
28,5737
34,6925
66,3275
98,3257
74,2520
223,10260
59,3167
90,17598
59,9444
97,10216
66,4243
82,8473
45,2501
37,2083
21,2725
61,18187
175,4689
61,2003
23,2811
44,9679
143,12137
87,10410
27,9916
62,4694
45,5186
103,5264
101,5690
23,3205
43,7150
96,1857
64,12992
44,11106
66,1765
72,11366
31,12935
61,7983
69,13746
40,3236
217,3408
45,3829
48,5145
41,21202
67,16252
76,5508
99,11033
83,8266
72,7786
60,3121
29,2517
91,4771
44,5600
175,2837
46,10807
33,1070
66,13145
30,4544
39,2185
34,5403
81,6419
38,8235
103,4983
42,7558
50,3125
133,7562
125,3098
102,5337
64,8369
33,12831
50,3024
94,6572
105,5369
80,10947
56,2059
107,2341
76,1423
152,8317
60,5401
43,6334
43,960
78,4241
137,18325
68,6136
64,2894
110,4721
81,4568
95,8478
211,9914
38,2959
73,5404
78,7758
32,4436
56,1056
125,7652
46,7025
46,3002
56,9735
82,2363
19,4831
71,13768
78,10033
60,7018
51,3438
40,1435
35,7206
84,5150
85,4950
36,9552
73,7432
96,6167
71,4984
91,1796
119,14317
122,7234
45,4422
46,4966
77,2101
65,5126
58,3835
132,15193
51,4413
92,6583
81,8481
82,6598
93,12654
87,6234
109,1669
42,4165
82,6027
52,3991
112,3198
67,15206
38,1139
137,4021
21,1396
95,2921
80,12335
50,1508
71,2628
31,12568
45,6489
78,2364
72,3460
72,5264
70,8997
70,8005
66,8322
60,5055
250,8005
112,10707
81,11951
43,3466
74,7923
129,7194
70,2872
60,962
99,18537
94,1799
30,18682
216,1592
23,1550
50,2764
42,6663
78,10106
202,7721
73,5989
79,3369
21,1165
144,10383
83,3793
69,6491
50,4722
33,10747
30,6197
212,7238
89,4493
82,2525
45,6126
28,1443
52,7289
73,6810
125,6778
159,6532
62,1740
35,4631
42,3329
67,10620
105,8856
32,3754
54,5555
80,5504
88,5850
60,4402
116,11286
300,17979
38,1456
56,2324
87,19252
118,3362
69,2881
30,13437
66,2716
81,16387
61,5533
49,7964
82,5868
71,1509
53,2593
71,14893
68,9692
69,9573
120,1723
45,5957
137,3507
57,3992
38,6556
79,2866
38,5597
63,9132
39,5924
81,5620
129,8813
48,1671
112,6769
47,5620
61,1201
69,5196
88,4492
74,3608
72,4340
54,9793
48,2993
54,8057
54,2760
75,11654
27,1086
26,6273
50,3809
82,10309
556,13890
53,5081
24,4906
136,13849
36,2525
364,3841
116,5766
107,6685
71,6169
31,3340
103,4827
82,3233
88,2522
51,3695
43,11461
77,7596
44,942
32,4110
87,3323
50,1523
87,5108
234,1762
116,8905
105,5911
46,5345
82,3474
47,2703
119,5306
109,1463
58,2158
61,4236
107,5249
62,18117
64,4309
73,1532
122,1973
119,6414
53,3223
49,2635
94,11446
100,4762
61,2118
84,2737
38,9422
102,17234
80,4617
104,18337
122,6699
50,1480
32,2424
30,5658
120,17803
100,2896
124,19752
63,5979
103,3710
68,17526
57,3881
21,1820
46,3750
96,2388
50,8577
112,2983
53,10710
90,6148
126,15647
91,7485
206,10921
24,2110
44,1439
25,1907
47,3545
103,2234
46,9850
138,10045
62,6019
42,9103
52,5717
72,1218
44,12233
120,16456
107,7126
37,2922
70,2474
47,5605
99,4299
141,10253
127,4661
66,6436
59,1952
47,6077
78,3662
69,5863
80,8055
65,8043
59,2138
42,1946
39,4309
66,6539
63,5045
85,8754
91,2718
90,5822
57,1809
45,6210
54,5734
68,3708
26,1142
23,2141
71,1460
127,4756
34,8774
40,3939
47,3402
47,2356
51,3116
189,12134
166,5183
99,5953
99,4844
121,9633
92,8575
56,1208
87,6262
60,1905
82,14398
68,3482
48,4876
159,9898
41,3415
35,5305
75,2016
49,5297
26,7922
27,7918
122,5645
76,6355
81,2989
30,2444
83,13825
67,5633
66,2942
145,3907
49,2646
88,8418
76,4907
17,2194
68,3164
264,10682
38,3556
35,11097
111,4719
38,5290
131,5671
31,1482
82,9023
80,3213
186,7831
74,3763
48,4835
93,7341
109,7714
83,2670
32,4575
46,3161
187,8560
80,2163
64,3004
142,5407
83,4881
76,4682
86,12661
43,2550
106,4021
90,2197
51,2388
93,1245
133,15399
80,6825
64,3926
120,7641
78,11541
30,2131
34,5751
82,7447
88,2258
56,5164
202,2979
65,8406
80,16357
63,10609
216,9207
58,7197
86,6684
103,6545
229,5997
109,2936
33,1760
24,8656
32,2525
84,14539
55,2068
92,4966
64,15406
73,7781
54,11812
93,1995
231,3236
81,5022
196,18802
46,3407
132,20357
114,20870
53,4259
144,5805
54,14889
33,4266
86,8773
70,6048
70,8481
41,15204
76,1567
48,19493
237,7058
73,5648
44,2577
117,16949
38,8624
72,16437
70,1575
37,14092
91,10620
40,3365
40,4595
42,5543
130,7602
55,2792
39,6642
57,5648
70,5499
75,7877
87,20646
98,14526
114,15197
36,8714
40,1035
100,8641
154,8185
21,7606
48,3065
86,1140
58,8455
73,5367
90,6113
98,6166
124,5467
151,20068
63,11155
51,8404
81,9912
133,3618
67,3621
125,2451
136,11173
113,8813
104,3931
71,8185
70,5304
107,12304
91,16070
120,5828
136,20206
42,3140
57,2295
65,3143
86,5681
51,6881
67,2252
164,19348
71,9194
48,1174
147,8407
61,12674
47,1783
108,16431
64,3795
70,9519
57,1405
59,1912
61,2224
58,4175
43,2067
32,3016
79,11165
38,4056
113,9001
61,12416
152,4787
32,5612
42,1814
91,2409
43,5223
26,5100
72,11349
108,6863
39,6336
79,16242
98,3849
115,8418
76,2447
175,2401
76,2247
46,8645
123,20892
31,4856
56,7100
15,741
45,3752
25,3770
62,1892
86,7924
31,3056
101,2971
98,3553
56,8487
51,6987
79,9581
83,13930
137,8643
65,8768
80,4105
50,4573
123,5689
132,11335
73,14081
37,2455
49,1491
94,1525
35,5066
83,2721
55,6828
81,5936
57,6329
71,7031
209,20102
100,4830
202,3705
39,3352
62,7228
77,3667
51,4217
141,8314
71,6100
38,1914
53,8044
122,8112
90,8957
61,6095
93,4424
24,4759
54,11166
92,2970
117,1568
68,9444
48,1130
21,2689
168,7945
31,1496
53,7990
56,1534
57,1460
75,7828
44,5623
81,18526
67,4395
97,6569
100,19001
145,6974
76,2140
43,2717
81,4024
130,10680
54,5357
20,7389
62,7350
24,2819
38,4196
73,2648
70,1814
33,1370
83,20858
47,13363
43,14129
100,8241
83,2783
74,13278
159,9688
43,4858
78,5394
62,13455
35,2257
95,2936
93,3098
144,5320
38,3039
160,10693
105,5103
91,3369
55,19437
54,15160
73,8361
94,12321
58,12788
52,10674
90,2216
101,3064
70,4159
197,17165
46,2995
68,2291
48,2148
163,5499
43,4390
62,5039
57,6065
61,5759
46,1477
73,4189
61,1877
72,8119
67,7087
71,3704
79,13546
180,8110
91,3380
88,6320
90,5599
104,8171
155,2703
62,6777
124,15083
74,18233
88,16531
35,4276
118,1162
104,3422
122,8886
48,865
23,4208
115,14667
86,11459
24,1110
48,9153
103,3524
10,617
157,2213
64,2347
138,14223
42,11126
74,15760
31,6268
92,7561
52,7044
116,17613
35,10202
91,3217
65,3288
69,2890
179,23620
40,9969
74,1835
139,18273
86,6613
124,11879
100,14457
64,13999
59,6329
105,6691
72,4500
131,6039
107,3476
119,8940
76,3969
58,1695
52,10118
21,2385
51,2876
97,4472
64,3474
126,6237
78,7448
85,4693
325,3982
42,2107
80,8274
106,8288
91,6226
91,11179
146,11298
69,18248
77,2696
90,7260
76,1606
72,9312
92,2249
59,5893
103,2195
61,3620
63,1720
168,7721
75,10274
53,5532
93,1961
79,5876
41,11823
73,3499
87,3851
71,8954
43,1196
81,1271
41,4449
144,6628
64,1575
39,2537
53,3101
96,5848
47,5510
148,5920
114,2830
98,2347
80,5797
42,11236
87,13831
101,5387
45,3434
164,5062
88,1487
144,13324
122,8774
36,11540
68,1194
77,3506
51,13059
145,9005
68,3793
62,13788
108,4622
105,5586
20,2041
115,18039
94,8885
49,1153
127,3218
133,3429
107,4711
75,5985
148,7725
23,2372
77,3849
26,3472
30,2992
59,8212
73,1969
46,3140
119,19074
172,3044
54,6358
137,9464
35,12275
99,2408
133,1378
60,1526
82,7477
96,4393
84,3015
65,11259
64,7887
128,2619
36,1965
46,4337
60,7000
122,21044
69,8405
63,7800
138,9858
45,2768
38,5580
120,29993
85,15594
70,9799
85,5326
84,8003
116,3072
106,8101
98,17737
52,2295
54,8644
36,3631
41,2523
140,3787
57,2625
96,7605
146,4277
99,3495
88,1918
60,2299
74,4226
93,1595
51,15006
77,2685
128,12263
127,11118
49,5041
97,5065
106,14807
35,6774
48,4128
81,11754
28,9486
34,10918
34,1503
64,7590
20,814
37,5033
87,1433
113,6520
77,8930
118,4475
66,3194
61,5480
121,21081
52,3782
64,13695
133,7138
78,8971
61,2598
39,2083
91,13347
121,20379
23,900
30,5639
99,14948
40,2370
35,8441
57,1505
23,2500
28,2731
84,10130
60,3211
57,1068
44,7402
79,3926
48,4298
68,10375
46,7402
78,12522
24,4085
33,3275
66,12805
31,3441
60,12203
39,3427
79,9791
64,2476
110,3717
29,5104
244,2761
21,3044
73,6576
125,14373
62,4854
75,6770
52,7242
47,1725
61,8711
112,3870
131,16034
43,10931
46,8988
101,813
120,7720
127,6392
52,3366
44,1350
84,5705
30,3354
99,2265
153,3787
70,5021
72,11662
61,3471
45,4204
104,5426
43,3812
68,8585
86,7063
74,2509
96,7389
106,2633
49,6735
59,2325
71,27693
97,13801
133,4148
91,5929
68,1875
35,4527
70,13217
63,8857
130,12901
31,3153
27,3542
159,5204
57,6163
58,7080
49,2995
85,4589
177,3838
103,1643
63,3427
80,7046
72,11256
123,10650
178,16865
186,11530
50,5504
84,12006
171,8573
58,5075
131,10898
55,6446
50,1088
20,1623
42,4281
92,5849
30,4664
102,19520
106,23711
63,3580
74,7285
92,7391
120,2764
100,4068
26,5251
69,5617
79,2357
110,2195
65,1639
101,1981
66,5764
117,2668
175,11512
79,1517
56,10578
50,4400
106,10988
49,1107
55,7448
49,3045
50,2328
96,15690
41,3376
77,6535
46,3317
112,6836
138,2900
125,3201
81,709
63,7686
70,7001
56,3701
83,4063
135,21466
180,15343
101,2775
35,3990
31,938
48,2827
56,4875
65,4002
114,3875
143,8177
88,3471
70,8712
64,3922
63,3496
16,11274
24,2656
50,10278
80,4843
64,1849
108,2328
140,21300
36,5835
63,1614
55,2350
134,8871
75,2136
53,1798
101,5537
104,3797
60,10762
60,2512
71,8710
87,3235
63,9632
66,2072
92,9319
67,2214
55,1505
26,2998
203,4313
128,7138
98,9878
34,1322
44,4795
67,2611
57,6810
33,1030
39,8249
120,13881
27,2200
61,9578
44,5363
104,1515
253,4586
141,7137
53,5857
78,7181
31,2342
97,11895
66,8595
28,1994
75,2592
66,5325
121,3390
25,4471
47,5395
89,2429
29,4494
78,5173
64,3302
21,2215
129,2982
60,9053
81,1937
76,17243
53,3122
51,1272
86,9725
129,18687
42,4610
89,8913
113,7598
68,8364
44,5278
73,2511
76,11514
123,7502
93,3351
40,2831
75,4424
75,16159
88,1885
63,1510
24,1448
117,17204
28,3511
83,11774
124,15973
27,7185
60,8127
49,7796
86,3967
69,8751
85,5553
64,2388
123,3658
66,7570
41,2990
65,10307
74,8125
63,1815
64,2434
179,8410
84,1189
69,7849
64,4255
51,13393
76,8877
32,7775
90,6900
34,6554
121,11541
46,2427
56,2246
143,2723
109,16497
148,17289
49,12023
62,2780
148,2537
79,14375
57,4872
68,4528
69,4799
39,2078
111,15076
50,2331
46,6733
52,11361
43,9229
202,20219
128,9196
48,3250
22,8864
123,12969
82,14687
90,9511
104,2696
111,10935
70,1967
55,7235
63,14121
72,19715
56,6414
79,10142
72,2512
124,11292
66,7154
21,4389
94,22540
148,11412
74,9834
65,2857
39,2342
56,12435
92,4420
66,1661
125,4104
47,6057
92,3920
117,9107
23,5306
73,9680
30,3557
54,1001
92,2592
76,6897
76,4852
81,3395
50,4728
47,3777
86,10559
99,2810
86,12887
55,4183
83,8313
97,2786
56,3932
114,4122
46,5662
56,2198
18,1217
26,2526
247,13537
73,14851
251,7198
92,1021
80,11498
104,3016
42,1583
100,13925
98,3242
61,2036
211,5077
140,4665
48,547
145,14271
70,2851
84,2563
24,1126
43,2874
80,9634
108,10093
157,3322
41,2361
249,6402
22,6206
93,3409
108,2776
100,5004
90,7054
105,3046
160,7701
37,1098
57,5157
91,4818
38,4559
68,10302
97,6341
120,3644
116,2344
26,2858
41,1243
40,1273
45,5298
22,10084
56,2741
88,10172
96,15912
115,8283
67,10549
138,5031
78,2897
92,9868
60,6285
48,1293
56,13496
214,4792
66,1528
106,15471
51,1560
103,4808
127,2435
92,7208
28,8685
82,16331
69,1353
54,9382
71,6311
252,18493
76,14982
78,1609
58,6281
129,14013
56,1672
70,12808
128,12442
62,7585
111,10002
103,9123
180,11336
30,3173
63,1691
43,7895
133,11653
76,2289
27,3194
50,5728
143,7901
46,6772
38,9857
22,1813
54,2715
166,13654
90,1222
184,6940
57,6904
155,4992
98,7173
50,7821
42,8514
189,4693
80,2118
44,2045
131,16846
94,2284
69,15175
166,3946
73,11969
134,2196
116,13296
85,5356
34,1266
51,16300
49,4009
54,7864
65,19125
105,6246
162,6853
51,2014
92,1223
122,20276
26,5736
59,4077
35,948
83,2583
91,3293
84,9628
78,2014
109,2280
36,6140
112,5171
84,2651
97,7007
88,1446
59,1118
48,2384
165,7847
98,1800
43,1792
35,10327
25,2465
50,4598
77,2409
53,9248
63,9484
80,3429
32,5755
51,5595
104,17897
95,9905
116,1820
120,2192
49,12338
55,9147
93,3648
61,10530
115,4970
152,13077
54,3718
112,5678
61,2245
139,11688
70,6591
90,6333
47,7151
158,3689
41,1070
43,15439
104,8587
43,5145
80,2973
85,2494
116,12729
48,13572
42,2852
163,16290
172,7095
110,13607
80,18387
99,3068
76,8335
72,5705
78,2171
36,2746
82,10628
72,7807
45,10094
81,4369
38,7380
71,4840
51,4109
67,4288
54,6934
140,7555
41,5011
88,2801
60,9597
71,1149
47,885
64,5538
66,13103
122,8332
103,8165
68,1327
74,23291
38,2836
69,2914
74,8302
70,8762
72,2932
122,6193
49,6429
63,1944
109,4052
83,2258
100,7063
48,1596
21,9272
59,2130
57,4003
43,1112
43,2739
21,3281
90,2841
46,712
91,5681
102,2457
49,5257
83,12635
134,4597
160,4608
27,8714
100,7430
67,20147
255,5075
49,2547
61,1278
72,6913
111,3381
109,7824
157,9477
68,15516
35,6548
30,3475
52,1114
40,5304
76,3067
112,1691
47,7485
63,1987
85,4224
34,4081
69,5541
97,5930
45,4264
66,10750
87,15305
100,6601
62,1697
67,8221
75,11714
25,969
62,2682
110,16506
29,3972
37,2002
39,9772
61,3343
60,15346
103,2270
24,2975
73,5241
47,11996
102,3205
50,8002
77,7914
46,2180
200,9254
81,10119
136,3691
25,2089
135,11160
102,17818
20,4281
52,20216
62,4540
76,3640
30,2019
80,12775
156,4648
72,7251
66,10397
90,3978
66,4354
38,5407
54,6325
67,6266
103,10050
57,3776
119,15020
97,2951
52,8290
70,2325
91,3510
54,2307
51,7191
172,7149
63,8602
92,2830
85,1582
64,730
86,3035
75,2302
90,6298
98,2653
39,6662
71,6282
78,11706
47,1694
101,18456
51,5050
47,2737
46,3609
66,1721
111,2118
98,8960
54,2796
34,1709
53,1042
85,14759
32,2487
54,5530
19,6930
45,3807
20,7698
56,2802
33,3430
112,17272
50,4204
98,5032
106,3583
184,4211
86,10790
80,1644
117,3966
36,3119
161,9597
116,3829
150,2838
79,3183
48,3446
73,5749
69,7501
81,9292
97,9920
41,6392
85,12471
98,3423
60,4174
69,3733
147,9905
63,9045
43,2999
101,19113
58,4348
63,2026
61,1883
69,3080
36,2260
77,9576
80,6134
55,4661
93,1347
20,4973
57,6892
124,4072
51,1650
61,12887
26,1043
37,868
21,14719
134,19843
93,4614
65,10638
45,2645
69,6106
79,5401
34,4346
44,9299
57,2597
65,19061
65,13170
77,4474
67,2238
78,1574
140,4473
60,1825
79,8079
134,17702
60,3094
41,11567
59,5151
104,2895
68,2963
74,2362
74,5226
53,10968
54,2849
43,3078
62,5016
80,2244
65,3012
82,2443
532,4723
66,12261
33,3335
60,5480
44,6771
51,1599
33,5837
58,3546
35,4660
39,3237
26,2145
26,1906
32,2279
136,12658
179,9044
81,2911
140,9385
57,5206
37,1732
73,7243
57,4656
35,2193
29,3120
53,4380
89,19026
80,2631
59,1282
131,4886
136,12346
124,4670
42,3803
75,7118
37,2666
86,8037
206,8732
42,7054
60,1794
181,5140
45,10003
54,8483
92,6016
109,5244
194,8879
66,2705
165,4302
23,285
82,6914
52,6794
56,2403
54,4960
37,2745
81,15173
119,10808
69,6956
62,4464
239,11507
41,5630
64,3723
63,7253
83,1820
24,1446
86,5351
77,4765
38,5453
58,3079
44,3088
30,1614
93,6847
55,3971
119,11089
29,681
109,14011
43,2381
28,3451
79,13650
70,3734
57,1760
54,1843
56,6577
199,17555
76,5717
226,3519
67,3888
26,5294
45,2598
143,4374
97,7745
47,5491
94,5220
141,17521
42,1347
46,4261
59,3561
51,2873
54,7159
107,5030
47,6025
59,1489
48,2526
63,4609
54,12198
207,10159
82,1898
137,6223
69,5327
80,15398
166,4670
100,4639
27,10321
71,9908
84,3252
99,7087
69,8747
113,18098
40,1623
69,5453
79,11421
58,4825
89,9667
104,2383
57,4979
47,3223
97,2646
83,7728
100,11774
67,1541
97,9986
47,5000
89,2255
131,7918
71,27359
84,5196
59,4712
39,2078
43,2093
134,5039
92,8774
78,13133
42,1579
96,2000
61,7443
70,7301
59,5308
104,13836
140,5384
56,5940
13,2352
96,5134
33,1688
78,8486
56,1840
95,9491
148,1579
58,15167
92,4421
64,17076
75,8344
72,9925
63,8689
119,5236
26,7680
25,3457
59,2403
64,2086
51,11537
43,957
23,5844
66,1642
67,5193
168,6908
112,8721
81,1981
54,2033
67,4514
101,22525
33,11719
78,10858
18,7579
127,4854
68,1230
28,2937
91,6008
64,2276
89,3389
33,2390
29,3066
135,5721
34,8921
122,8213
54,4809
104,4527
83,2349
98,11131
131,5695
112,5463
75,11089
89,5266
34,3207
30,4870
65,5360
67,5247
45,5774
101,7918
52,2053
59,5086
31,2951
55,10101
137,5663
61,2491
321,4646
105,11521
47,3939
59,1865
112,8243
41,5696
59,9067
120,10658
62,5607
30,8162
178,5853
74,9693
32,1690
63,2304
71,5072
67,3792
78,1936
123,4601
26,3905
22,1248
36,1985
96,1844
58,4974
55,9673
108,12712
213,6899
75,10077
53,4741
42,7443
202,14747
94,4164
42,6170
30,13834
67,1336
43,2868
24,1498
107,2366
48,15368
53,2348
57,12674
78,7283
59,5621
67,4113
111,17818
35,2638
66,7525
24,3441
36,1270
53,11641
54,12726
117,9507
103,5779
96,7211
43,7568
82,2544
54,6501
122,7774
97,2283
20,11007
65,2620
187,9070
98,5625
91,6457
266,5380
103,7352
19,789
224,6167
220,7744
47,10918
48,4430
55,4983
96,4149
83,4237
22,2622
141,23744
80,3710
46,3685
120,4494
155,7878
39,1223
68,1394
82,6209
47,4983
29,3890
64,2491
100,1962
93,4320
96,8510
71,1567
119,6664
165,10478
132,6671
180,10381
149,6328
48,1167
63,8995
73,7710
60,3514
31,4673
185,7878
63,5073
49,673
118,1062
110,13763
96,13104
135,4238
59,2922
53,1660
56,5595
90,2304
106,4177
78,4781
69,3141
55,1065
104,13818
53,1021
70,2511
50,9142
36,1578
66,3253
110,3122
64,9922
32,14135
67,6373
71,1785
121,16283
74,1298
195,3355
109,13876
26,8093
81,2882
17,8427
80,4796
108,12305
92,1552
31,2016
103,3787
88,6117
68,19037
45,3320
62,6224
97,3239
61,11417
72,3464
100,13399
51,5770
27,3328
88,6934
56,13593
49,912
47,3752
74,12453
74,4076
49,5154
68,3466
61,3396
94,7220
56,1309
89,13207
42,8426
119,5655
43,2808
26,3303
129,5445
79,18521
149,8472
27,764
64,2155
33,2315
20,2103
102,10811
62,3130
60,6488
92,2999
55,7788
148,5306
35,2382
37,3582
37,4811
100,5821
88,18546
49,6450
127,1424
134,1527
108,20935
56,13276
67,5251
20,1211
95,5073
134,9845
110,3047
97,4606
125,7421
57,1437
72,8310
94,8237
114,13189
38,4222
65,3820
180,12324
36,4397
145,14763
82,4469
32,4880
40,6936
50,8330
62,3913
184,6517
25,2037
76,9033
97,10170
207,15728
91,4560
77,18579
157,14891
49,22692
68,2700
118,2571
48,5109
93,17165
62,3961
110,2398
39,2896
57,2216
47,1537
123,7718
56,1559
34,1517
56,3076
41,10404
47,2730
59,5446
133,14243
54,11970
74,2227
62,10272
86,10391
66,6976
57,5063
118,8815
59,3082
105,5246
140,2160
59,3240
93,6331
49,5033
56,12673
43,2344
60,3900
77,3468
67,3047
114,5056
29,14819
47,4212
174,13927
41,4885
105,2126
41,4260
61,5683
92,8684
59,5613
50,9343
15,6382
135,5949
109,2209
138,4289
28,4937
65,11241
37,6499
31,10985
43,3961
58,3958
44,2089
62,10848
80,3956
60,1981
127,5411
45,3750
75,1732
67,5674
37,9306
106,14500
48,6708
92,5317
83,5163
58,8705
85,12173
65,4832
57,6640
51,3820
41,13302
46,4650
93,7121
55,16847
53,6323
91,3956
66,6240
72,6472
95,3070
76,6499
44,5086
64,9961
35,3758
77,6210
87,5121
116,6798
104,10345
63,6394
132,3314
76,22143
70,2325
51,5258
85,12690
74,11917
58,3036
20,2983
69,3701
46,5055
20,2896
30,3109
40,1898
81,6608
38,3568
56,1481
45,6190
44,8457
59,5688
17,10357
72,3098
156,12373
93,4020
43,10340
167,8891
22,1596
65,3480
50,3938
140,5521
69,7205
46,10678
72,7644
34,4764
50,4486
73,4660
26,5386
90,17021
812,4019
81,5023
77,8317
61,2194
119,6060
67,5748
113,4102
86,12979
116,6176
194,16423
59,5515
39,3644
31,2396
35,3450
79,8056
21,4660
69,3271
105,10107
122,8890
56,5707
60,2612
64,6576
74,12870
92,8784
59,3019
32,3236
83,8717
30,4129
146,9820
117,6831
30,7030
35,3215
54,2225
57,9431
60,9851
56,3038
39,1512
134,9797
64,5817
58,2577
41,7387
55,10526
89,2292
120,2341
57,3611
63,7766
49,3404
69,1168
40,1717
76,2963
50,2805
47,1552
64,2041
106,3192
53,12989
40,10047
90,4461
67,5594
45,2646
87,6704
53,6193
46,11754
321,23593
41,4767
68,4778
67,8630
56,8343
29,8957
70,2090
30,2232
81,3433
34,2107
49,13043
64,10287
84,15519
57,3682
82,2571
39,3777
108,4523
72,6747
68,8843
56,8453
78,14204
45,2353
131,10838
55,10127
199,9387
57,5634
30,11232
64,2221
89,3851
82,15952
117,9165
44,4542
67,2850
129,4321
52,23717
143,5828
94,9218
50,2965
43,5386
82,9721
212,3282
33,1515
48,4978
55,5313
114,7595
43,9017
68,4363
92,5512
35,8097
104,11864
26,2636
100,4944
35,4717
77,3029
91,705
22,2410
91,9969
65,1411
98,13973
89,5571
65,8360
82,24027
167,14528
87,6586
72,4672
154,13871
35,2375
90,6943
18,1971
62,18792
76,5486
104,2702
51,1624
87,1468
84,8288
100,3328
75,5617
132,3677
97,9963
65,3041
66,1946
49,4410
191,8417
44,2180
57,4426
77,4662
91,4661
95,7569
83,5025
105,18468
22,1850
113,3099
40,6188
56,2769
40,6845
95,2034
61,3328
62,3752
123,2511
97,4632
66,9147
50,6927
88,3754
41,8898
44,4691
24,12524
65,7675
189,12878
65,2795
112,14488
37,5694
93,8067
32,3875
55,6196
63,8129
68,7314
150,8025
113,9809
67,12655
32,5172
194,3394
148,1115
131,11085
49,1183
118,10877
72,7274
60,9413
88,780
28,2076
69,12341
73,4190
74,8709
50,8336
120,1760
57,6318
176,12437
61,1437
86,3239
94,2820
65,4800
114,14211
61,1528
48,1267
135,3135
63,1347
42,9809
266,9437
84,5737
93,7613
62,2136
293,4859
83,5812
90,18107
128,12386
75,16158
78,5878
171,6513
49,9873
37,5462
38,1659
56,5969
44,11227
59,22246
103,3174
32,4362
117,2757
83,14726
211,14636
27,3208
80,8516
86,3312
49,1240
55,14597
117,5494
38,5726
41,4027
94,3983
23,9657
43,4371
50,19211
59,5876
25,5323
65,6238
31,6135
91,1169
40,1637
95,3754
92,10166
33,1610
51,2043
71,3273
66,3735
132,17128
128,15279
63,5100
106,20232
57,8314
62,3332
131,17631
115,9270
43,10162
52,2386
163,2643
138,4647
58,11902
118,5867
104,4488
69,5048
41,6099
39,1374
31,2651
157,3533
49,2155
64,3539
50,3323
117,2984
53,1405
113,4802
55,1660
178,11469
82,8224
129,4074
141,2684
16,1439
42,2728
71,5887
102,19232
74,7155
76,1093
87,4899
114,8151
116,4625
98,2801
129,4451
44,10878
85,3435
69,8689
39,3044
57,3615
121,5628
62,1132
116,19061
70,11571
90,8931
68,17725
51,1761
61,1266
58,1601
75,1951
140,5703
116,16412
56,5957
53,8854
100,8461
132,5955
191,10547
77,9050
70,1383
110,5482
94,12601
86,2607
58,14072
77,15939
74,1119
121,10725
59,2955
95,2111
46,1415
71,1179
72,1161
49,3735
79,4058
58,3080
48,9561
79,3009
74,4444
310,4240
164,11365
45,1174
89,8245
49,6186
31,856
78,3933
44,2956
66,1767
116,7180
91,5626
36,2429
82,7492
50,5765
96,14788
58,3203
233,14511
70,1544
92,11792
19,5835
51,7630
90,6616
88,2613
39,2171
24,6300
72,4405
119,13890
59,17040
98,16574
65,4026
56,12862
132,5281
18,3958
23,2780
102,3015
49,3064
63,14900
66,8059
20,3385
103,9744
142,10894
91,3401
61,6600
69,6228
50,8478
55,4578
53,7775
187,13038
90,3729
169,5135
99,2339
29,4371
142,2772
50,1587
54,4151
50,9633
97,9820
142,12240
189,4361
40,2243
151,7998
63,2276
126,2620
25,2062
72,10483
62,20138
27,3263
26,3025
178,2670
95,6113
30,2627
46,3318
87,11494
98,11290
87,2271
43,3826
91,6762
120,13873
70,7718
41,15025
80,2675
155,10632
47,4433
59,10871
77,4852
137,2559
69,19438
39,2430
58,9553
79,17777
77,3246
65,1501
56,6105
142,15228
118,2564
141,9313
60,11499
125,2938
72,14778
80,4738
67,6113
115,16183
130,10668
102,10274
51,4252
87,11607
34,9030
49,2281
80,2522
54,1774
57,4096
141,3366
46,7903
61,9625
83,10205
74,4590
88,11638
52,2506
45,4012
22,13763
70,13917
51,2888
51,4874
130,3562
20,3435
69,6421
125,3565
32,5892
102,3086
48,4742
36,3758
74,1836
52,9934
26,10442
71,11184
166,14268
36,3058
55,3973
29,6826
43,6335
20,1270
80,4214
39,3877
61,7837
130,7018
67,9319
77,2651
109,3369
54,3071
74,18330
77,4260
119,22796
64,8299
71,14006
32,5349
86,8175
44,1388
71,5516
105,2572
63,3979
32,1320
98,1057
101,4436
33,8523
50,931
96,17786
51,6618
56,2362
189,17275
62,3825
128,5867
95,10816
104,5968
49,3453
64,2645
48,14174
72,21258
74,3306
49,8031
50,3711
138,3062
125,16068
51,2752
67,5265
26,4049
56,2180
91,9317
61,11641
89,5552
91,4412
88,3234
90,14656
75,8371
426,1083
22,3437
156,5493
79,2504
51,3361
101,7452
68,3525
165,4345
58,3940
47,2826
40,3237
54,2168
76,6038
61,5197
117,4217
65,13273
107,9301
83,14164
63,2992
147,8541
41,3586
115,6317
30,3792
368,1382
68,1029
108,3033
79,7324
27,7427
91,3556
132,18928
30,6679
72,6826
47,12116
87,1511
29,4367
42,6671
38,2608
51,4960
46,3905
56,9276
105,7751
62,1252
119,5532
103,3087
30,2126
40,4250
104,11372
110,3966
43,2552
50,3190
42,4182
23,2729
54,16580
25,14603
121,9617
33,3209
120,20370
77,7946
50,7761
30,2325
173,10300
48,16600
43,2779
103,15249
66,5155
21,9964
75,2877
36,1676
335,8320
35,1069
58,7466
121,16278
108,2146
70,5371
27,2515
72,1536
78,8313
66,8037
130,14445
64,7589
49,8688
71,9280
154,1587
22,735
82,7598
31,2581
61,10485
68,1562
97,5632
48,2579
41,1499
50,12790
41,4113
63,14736
49,6600
126,22169
47,5534
58,6327
68,6053
42,13052
107,1517
89,5433
52,1156
37,1730
102,12917
32,5125
113,8142
101,5808
76,7823
109,5410
53,11040
59,17815
74,4479
141,16570
49,1569
14,1335
140,7844
71,7347
59,4466
33,5755
84,5379
162,3450
43,4958
97,12347
26,2399
44,9079
100,3155
59,18537
129,5961
30,3675
106,6836
54,3245
165,8749
161,9999
59,3400
71,5680
85,14131
56,8274
40,3418
99,13284
88,5839
83,1287
51,3011
70,3793
54,5650
110,10589
77,7365
36,5628
87,7325
63,2777
60,2098
65,12535
61,3064
104,6480
48,17107
58,4193
30,4404
79,20619
59,4154
83,9394
82,6036
71,6475
144,1860
63,5903
92,4923
20,3554
144,11600
70,1166
23,6584
79,12590
98,3793
14,1042
117,4434
145,5629
49,2853
70,2497
82,14644
55,6029
74,2130
71,9153
61,2105
76,1456
59,3785
55,7150
63,5854
67,1713
49,3899
23,1210
83,2822
85,3198
107,2933
55,5922
121,1988
26,2281
86,4861
90,14271
192,6643
42,4986
41,3252
99,8338
44,3609
31,5752
41,10360
173,12962
120,15099
70,14444
204,5166
43,9450
39,1011
41,1930
72,5929
124,4461
217,1597
12,2311
42,5779
90,9763
48,4975
138,5948
57,1526
64,4007
82,3644
31,1178
92,8860
30,3438
81,9860
51,9354
98,4721
69,1504
33,6771
58,3064
107,4458
157,9451
75,3816
51,3001
66,8670
59,14693
85,11076
41,2489
90,14009
58,2137
72,6363
93,11520
47,6743
281,4803
113,3629
93,14097
47,15697
50,5775
67,2956
31,4829
101,4339
92,5149
78,2506
52,2479
62,8905
93,3194
98,6111
78,3885
42,1856
52,5896
193,2869
21,4247
74,5450
33,7388
98,4283
187,13086
132,5809
88,4583
93,1670
67,7917
131,19146
89,3440
104,12851
62,1604
67,11628
72,5375
28,3465
30,4795
79,4445
81,6391
106,5032
39,2468
91,2883
85,4505
113,3029
95,8546
56,5134
105,2219
21,1263
81,11401
34,4841
89,867
29,8087
104,5946
47,14832
85,2576
29,2576
63,3888
42,4394
106,4849
82,7654
32,2686
95,9580
54,2057
102,10241
68,8767
115,22031
138,4664
62,9493
56,4034
66,6532
90,14832
43,3632
91,19605
88,3077
87,12312
36,3762
76,8487
38,1311
48,3885
114,3971
94,1552
77,7682
32,4505
61,3540
59,4269
77,3330
51,2427
113,7654
36,4941
47,8260
45,8277
68,8567
92,14789
48,3020
103,7598
25,4390
85,8272
54,4271
56,1186
45,5477
105,6743
46,4286
51,5324
125,3260
73,5724
108,6176
175,17593
78,3227
117,1971
110,10773
87,6816
179,14835
101,7633
47,12641
61,2167
73,12706
40,5913
76,2362
36,11467
38,2150
88,8990
87,1955
71,11110
51,5023
69,3963
80,11251
135,4804
183,3060
30,6471
396,18179
55,2921
135,7665
63,5278
166,6080
76,10633
69,6276
77,6387
115,2256
53,1931
40,7447
121,909
52,2008
82,5162
91,4379
63,5189
43,4925
37,1183
50,2664
62,2224
35,1962
39,2646
80,2594
31,8130
128,3234
67,6982
89,3156
81,3269
97,4854
336,10645
35,3466
61,12181
125,2939
134,14395
23,5070
63,6703
49,3280
55,4849
120,5510
38,4870
67,11688
62,15248
53,2746
95,9955
64,5172
68,2344
38,4452
64,3577
60,1842
65,19129
64,8734
116,4084
107,15535
30,4595
145,1495
98,1233
88,6544
41,14928
53,2822
76,1764
91,1947
53,2588
60,5570
60,9574
110,2872
38,1486
23,1412
159,8217
112,2872
20,1263
77,1231
59,1375
30,10007
77,2183
157,9299
100,4110
166,3795
76,1008
68,2262
66,8436
85,7796
102,7080
64,9617
122,4950
44,10055
26,15015
75,4221
71,7139
95,1620
115,15455
249,4005
37,2837
91,12021
63,3890
52,12346
55,9246
141,19857
51,1136
129,3043
52,7448
80,3628
177,8269
100,5287
62,3082
54,1640
125,15228
47,5092
85,5017
28,3531
109,1557
50,5335
106,2439
57,11835
114,3215
76,7635
39,2848
57,3724
51,1737
67,3360
66,5340
53,13724
106,6965
106,7641
109,7257
66,7914
71,5464
25,1830
60,4189
48,3072
105,3028
41,5805
38,2102
115,5050
98,4694
43,3253
80,5642
16,1868
192,3903
78,1214
95,6682
69,2333
31,1719
47,4128
104,1812
62,11689
93,7331
67,15513
82,3410
56,2127
46,3116
24,1468
59,836
34,3032
91,13742
109,5366
68,11799
56,2132
89,19088
79,3092
70,3738
47,1236
32,3226
46,11523
64,1732
65,2599
61,19335
111,11847
81,5391
100,5594
61,9436
80,1756
102,9748
72,8039
51,6153
71,3780
176,4306
29,1863
158,17582
88,9599
68,8503
70,7345
32,1234
144,4965
78,5880
68,7634
40,5674
22,840
233,21599
41,3410
162,7130
34,5399
125,3633
63,2046
176,13725
70,5795
26,5822
183,3022
50,1067
78,5202
94,1056
77,13075
38,20371
40,11040
78,4302
156,3312
109,2409
59,1692
100,4336
95,11311
45,5369
78,6053
51,8273
102,3826
67,16218
45,4713
130,5163
50,7007
96,15820
65,2875
166,4662
78,2652
33,7909
93,2197
62,2645
219,5702
61,8524
53,4803
53,6884
106,3693
80,15026
35,2232
92,9591
108,3639
45,8240
80,5185
38,2167
58,10069
57,7375
61,2350
114,4738
111,9676
65,3437
110,5297
151,10739
74,2163
97,4679
32,2762
68,6109
76,8321
128,1899
87,3644
63,2509
91,1236
148,20949
66,6480
52,6788
55,7523
64,2159
78,3185
60,1666
105,6933
40,8746
81,11541
68,6703
49,3522
60,3364
108,15590
42,18782
93,16846
53,3088
92,2851
13,1206
105,4426
75,2585
64,1725
61,5978
98,6469
35,6536
73,19197
51,9120
77,19917
47,6613
58,3127
83,2246
122,3275
37,2394
56,6588
85,6402
38,6565
59,10691
20,1662
26,1183
25,3257
65,2262
55,3562
43,2538
84,8772
72,2323
34,6807
117,16610
85,2758
97,3166
58,19327
90,1195
38,2294
38,6342
101,13514
34,6382
59,4831
61,2754
20,6472
85,14069
179,16304
68,2141
39,3030
43,656
52,1770
27,5928
33,8508
79,1675
42,3355
69,1539
68,2566
96,3085
39,1546
69,8384
103,4349
63,14530
42,12496
83,14570
57,1445
46,5215
60,5072
93,2584
40,6542
141,6263
59,6237
53,2800
49,9691
87,2485
55,19327
101,4391
71,2177
45,1403
78,1357
55,7137
108,2455
54,9517
66,3552
85,2802
70,10826
161,6904
78,7308
92,2692
62,5696
43,5350
40,4315
55,565
227,3553
82,7280
67,1338
101,1920
27,4203
42,3128
43,1790
155,4116
57,7098
107,2488
85,5711
47,15868
98,16104
89,3963
81,4435
71,2504
72,1382
136,6510
100,5532
51,3892
48,4069
94,3078
67,8428
40,4884
19,1923
176,16918
60,4576
44,7805
44,5031
34,2254
98,5853
29,3594
91,2613
79,13619
60,19385
74,5023
92,3155
39,4419
172,12689
50,3979
167,8835
103,6012
51,3696
80,8034
30,3593
64,6801
91,3835
38,7852
90,5174
100,13367
73,4001
131,3115
38,6814
180,4458
89,6434
63,3729
49,3699
111,2620
97,6316
62,4801
97,8825
60,12699
68,13265
59,4454
168,4253
49,3968
65,5708
59,12799
84,9252
54,3072
44,4073
77,2683
29,9768
77,2062
67,8502
38,2210
67,4216
229,6130
75,4088
121,12774
50,14674
67,4273
57,4110
127,6446
77,10753
208,8939
82,1398
43,4104
60,4284
102,22709
106,12094
47,4393
63,4964
35,5886
191,6109
74,2301
81,11334
26,3980
87,13608
23,2061
141,16161
121,5757
123,3191
84,6864
76,9556
29,6199
32,3742
115,11241
39,9358
54,1994
51,6902
68,9486
184,14489
46,4757
71,3938
64,6483
30,6262
68,6791
40,2503
64,7877
50,5233
54,6180
84,5311
39,6946
89,14111
47,4654
81,2081
124,2597
71,4683
90,6331
130,19137
86,10649
155,18999
42,2938
130,7904
141,14202
53,1300
199,15801
62,5804
22,10890
65,5449
40,10707
184,9495
32,5024
121,8961
78,2949
102,2065
99,13474
36,3410
108,11458
92,4777
162,5077
30,3622
59,12816
34,4307
57,10278
37,8988
59,933
85,8363
84,2503
46,4270
57,5153
38,10249
46,6358
142,4784
67,2623
69,6413
82,10270
87,6430
54,3135
32,7762
29,2284
56,1711
69,5544
29,2897
101,939
61,4521
89,3689
45,2479
45,3248
182,4406
50,7992
76,5527
52,6782
87,17702
60,1282
75,2193
39,8301
70,4309
104,3665
176,15733
49,3066
44,4776
67,5425
71,2522
34,6603
77,16808
50,6588
89,1493
46,12143
132,4806
70,1707
53,16294
65,9443
186,7877
137,7488
85,2378
174,4486
22,1537
44,9880
66,2885
53,1760
68,1236
26,8457
45,2690
150,7133
46,13755
61,7793
55,6627
46,3411
36,4434
45,4726
110,11415
129,5969
105,4182
45,6523
65,6665
74,1807
102,2763
85,16321
70,3177
72,5418
127,17683
76,2585
102,6918
123,12796
127,1909
128,919
116,3616
75,10513
100,13321
25,1627
43,9475
61,6452
70,2509
77,5323
59,4305
37,5090
96,12135
72,7567
34,10475
14,3003
62,2384
67,3274
40,6961
51,6330
44,7854
45,3891
59,1202
488,3783
34,1366
181,5356
32,7041
106,1962
37,4183
60,6991
98,7683
71,2019
52,6290
41,4268
89,2837
53,799
36,2017
75,6601
42,2812
163,11520
31,2881
126,2249
82,8860
65,4773
85,13101
51,8967
109,1522
83,5442
38,2928
131,3417
250,2518
128,15330
104,5877
68,5203
98,2182
54,8506
109,14149
111,5250
39,9963
54,3986
67,3556
48,13278
98,4917
31,13107
39,1903
28,2383
156,10597
112,16602
53,4763
157,1732
86,10881
116,6292
57,3937
64,1984
114,5854
47,1137
63,9453
92,961
103,5204
42,6070
60,2094
96,6899
103,10135
82,860
67,20337
101,16748
57,3113
71,5865
60,12260
113,9632
57,2509
36,2688
43,11347
53,3359
46,2888
55,2094
39,948
114,7353
77,16668
48,10336
35,1077
64,16451
58,4985
29,7394
97,5126
62,3587
182,13247
65,799
93,4937
66,3602
54,6527
45,6039
119,4081
78,11422
66,8424
142,15699
53,8414
51,6028
25,6793
37,1830
76,5806
81,1166
155,3014
101,2613
108,6778
54,6492
92,2553
66,2141
35,1733
86,7072
102,9092
49,12887
50,4304
74,6707
47,8684
96,8484
50,932
65,2179
229,6990
78,4326
50,16323
85,12798
87,2394
33,3505
44,894
88,1723
24,3749
87,4868
44,1860
21,2587
54,3993
47,18992
52,7641
97,2405
53,10100
59,10892
97,3015
257,5790
60,16439
42,5224
37,9476
157,13302
97,12776
157,14161
45,3556
84,16603
63,14561
85,2851
86,13924
82,2576
43,19513
48,5019
71,2576
28,3599
79,1664
67,5908
100,1457
78,2706
55,2774
75,2367
75,6695
184,10610
77,2428
104,9799
158,4194
79,5590
69,1657
36,2863
83,8780
61,4027
80,1296
60,5111
187,8077
130,4444
85,14448
105,4763
67,3073
49,4370
65,4521
120,11683
66,12669
62,1146
65,4335
79,5439
60,1708
126,2414
74,8803
165,12244
39,7384
59,13897
39,3152
90,11806
75,4533
87,5527
39,3916
96,4335
212,12542
81,11461
62,8083
65,7113
64,1446
65,1684
44,9690
97,4176
208,8771
28,2049
115,13281
94,12192
131,19147
83,9757
77,3077
120,6874
29,2596
104,4545
169,15803
100,2155
231,10612
98,3580
38,1741
51,13373
111,2089
86,7447
150,14751
97,22054
70,4757
47,14686
69,11672
145,5537
64,5652
141,12700
36,3422
74,1741
55,4381
49,4102
72,6211
115,12829
70,4992
45,6868
53,6360
52,6512
108,1865
73,4533
116,2537
104,3098
76,13649
74,2655
44,1413
104,6502
76,7248
69,4848
58,3052
59,4172
159,11690
70,17418
123,4763
23,5422
61,15578
36,4597
65,2462
42,1023
75,7814
55,10492
88,17007
130,7847
145,11241
57,1340
56,13632
23,2577
53,4718
140,7011
85,8490
26,3474
63,5889
82,2958
97,7956
35,7903
73,18480
75,13897
40,778
109,3770
99,3238
108,15997
69,752
27,2742
99,10397
42,9007
33,4455
55,6249
230,2324
61,1691
124,3031
23,2416
100,2165
77,1301
130,4013
54,6890
83,8180
129,20484
64,7445
81,3666
55,10774
118,2419
106,11242
92,3338
71,14332
61,9264
79,7036
185,1460
50,4968
211,9049
55,12171
43,5350
121,2646
38,2348
33,3672
49,2606
114,4865
31,6454
39,2657
51,10621
31,17793
68,12374
48,4414
69,3925
63,10096
97,1293
44,13698
29,2800
22,10267
62,6880
147,6511
50,25352
44,11348
67,10241
96,3482
15,981
104,6888
61,1187
149,1454
108,2816
46,2419
41,10608
45,6341
205,7903
40,4037
34,7464
114,10589
37,10269
49,6341
108,19185
132,17540
166,6904
109,19993
77,4734
76,14558
64,4657
109,5608
66,11005
52,7505
56,4231
35,2780
93,1617
80,1835
92,15799
50,2678
39,4603
45,3599
136,5492
56,12769
125,4102
120,15259
52,12134
58,7192
52,9106
86,1690
194,4809
48,5234
68,5235
33,1707
175,3086
191,19586
71,6737
71,7876
82,7128
91,1345
19,4185
281,1864
122,11882
53,2797
77,1903
147,15281
42,796
68,5093
138,4317
96,14640
63,5582
79,2788
71,4574
88,15606
54,1847
133,6246
123,3320
78,3808
70,2265
84,5774
50,3091
53,4839
56,9630
64,9380
70,1708
48,833
77,3487
118,3385
117,10334
127,3309
57,3408
85,14288
83,4839
109,1977
71,11533
24,5499
115,6372
72,2696
47,3242
89,4690
31,12536
88,3451
134,5546
96,10572
108,12684
39,4759
106,2753
35,2547
60,1550
108,17361
61,12636
80,1685
144,2410
28,7261
74,8578
72,2419
54,8364
38,9163
35,1905
61,5860
81,17046
41,9954
92,6510
56,6296
102,19202
116,15549
109,8122
98,9908
80,5420
70,3422
41,14850
75,3711
163,10484
82,9689
62,1603
70,747
143,4097
106,2415
40,4495
70,2114
71,2346
59,13558
110,4021
83,18359
106,3599
75,4103
73,6053
49,2747
72,3647
54,8805
184,17278
41,2137
33,4556
105,8121
66,1792
57,3904
52,4913
53,4329
87,3865
120,7296
38,2896
88,3378
64,2079
110,11439
57,2405
120,5724
42,8527
116,16734
82,3922
76,1447
63,7497
102,5752
60,7350
26,1861
68,4834
196,4293
85,4591
58,5038
121,14668
39,3245
37,5494
40,3098
57,10601
53,2550
117,3465
76,6604
38,5087
103,6245
48,2286
165,6094
111,7593
110,5685
38,3675
70,19690
140,12059
45,10047
100,3442
64,1618
71,8547
35,5793
157,8184
32,1811
87,1782
29,1943
72,8618
31,3398
69,7456
58,9311
86,14717
68,4043
119,5427
40,4434
39,1603
71,12327
43,3386
96,13889
40,7437
57,2342
68,7632
33,4442
42,3122
24,7809
127,5632
80,3136
65,2335
37,2051
37,8715
83,2645
50,6251
73,1531
49,6368
66,4341
71,3468
62,3922
71,9356
53,6568
166,2772
87,1786
38,5027
222,10744
43,2327
61,4373
78,2943
67,1554
104,1177
107,6791
100,4690
41,9615
90,12560
38,5892
62,8717
55,12380
49,14247
14,4076
17,14094
49,8156
251,2277
178,15982
39,1911
58,3617
103,6787
110,3658
24,3385
174,6058
96,6857
63,4134
74,9558
166,17833
108,21171
71,3588
129,2796
62,7123
142,12465
123,3179
36,5065
52,5843
66,4016
45,1385
62,5774
52,2818
95,11116
67,3954
55,11893
87,4844
115,3464
161,9676
59,2290
71,19214
103,6798
527,5368
72,4172
122,1728
76,4931
67,4708
53,14191
89,11530
68,1489
44,10754
101,2162
92,2245
80,4378
80,12364
55,7078
71,4383
219,9999
82,2460
89,1171
75,1391
34,2103
83,10578
42,3719
31,3985
72,4157
77,8364
72,10083
80,3534
96,18926
27,4646
56,2585
59,1497
78,2272
32,11879
39,4110
72,4537
67,1768
44,9911
93,20287
36,3259
52,5535
147,7299
126,5074
62,6548
105,3417
40,2391
55,7797
93,7916
34,1135
60,8010
85,3198
75,5396
55,2859
205,2347
69,4431
63,4819
150,11769
101,10935
88,9261
115,4297
104,4238
103,6479
36,4312
59,4801
70,7149
81,10102
119,6472
161,9450
53,8563
87,2661
127,15227
193,6656
55,1233
103,10883
102,7875
48,1231
129,15376
56,3634
74,7827
59,2690
75,7502
46,1233
122,13048
79,10438
77,4869
127,4546
178,18656
125,4733
139,9423
111,17302
39,1835
37,3373
135,13628
113,12667
37,7984
46,4396
91,4644
100,5013
75,14781
56,3161
15,9103
100,5508
69,3048
87,4367
104,2190
62,14378
109,14623
75,2956
88,3463
68,13276
58,10622
100,8109
43,5249
68,7765
26,4992
53,10505
127,18209
47,12032
95,11746
68,6163
51,9071
21,5440
17,2303
59,12931
89,13102
111,10425
85,3856
162,17022
66,3729
60,3307
114,15122
63,3595
90,18738
98,17741
148,5516
91,9044
35,1034
93,2194
139,5020
97,3171
112,4656
48,10295
87,5097
50,8842
28,2635
91,4646
60,6323
37,2278
36,4011
73,3526
30,2865
54,4980
77,10565
42,2419
42,1371
71,4556
53,5823
113,8699
82,5267
99,4105
79,9570
51,2682
72,5064
73,1340
48,4046
59,7336
84,3394
70,2557
50,8879
179,3283
74,3410
116,13153
90,2055
82,2865
90,1643
112,18186
43,915
61,16898
53,3173
76,11565
81,6225
62,2780
75,8416
113,3400
43,5263
179,9968
39,12806
53,4886
134,2636
32,8948
62,3378
74,6313
55,4594
90,12393
50,9007
47,9271
91,2452
99,6917
29,3132
131,2604
27,9841
67,7460
81,4287
64,4053
58,3316
50,931
93,2737
95,6242
138,12138
65,6825
78,6702
102,19287
54,6256
53,8323
54,20585
43,14964
121,5250
54,10010
130,5996
43,2522
69,6648
59,1905
34,5782
100,14353
67,13107
73,4591
141,2180
105,2701
93,5503
93,3666
97,1626
52,3533
75,4391
31,2690
80,5505
57,2548
84,19941
109,3399
83,1884
102,2731
66,5569
139,11788
25,3417
97,3690
97,8686
79,2760
79,18618
95,10773
171,12863
89,5221
42,6050
70,2708
126,5071
96,4809
53,1928
97,7916
53,2557
77,8173
59,2169
43,2310
59,12566
98,5358
92,5657
35,2567
76,5746
68,4176
37,2821
36,12927
22,4125
60,4172
77,13927
17,2361
265,2870
27,5507
105,3304
53,2014
31,5361
75,21168
46,1512
75,8886
85,15479
90,18693
58,7362
16,1847
42,12879
79,6639
39,4879
74,7992
68,1814
25,1598
99,8219
70,10012
47,5904
67,3310
42,2922
97,4718
103,9156
54,11288
78,8080
95,2124
77,5137
113,8285
79,2915
88,2553
74,7139
75,2024
75,9110
76,19461
34,3705
53,2624
156,6093
21,6327
86,2726
71,9662
120,5517
60,9875
49,2372
76,3524
91,3544
80,6341
37,3115
38,1840
51,3876
96,23335
31,2042
35,1479
62,8445
72,6652
60,12352
38,3857
65,12424
108,3089
50,1953
92,6587
67,3889
78,2605
57,10218
39,1533
74,1519
38,5604
156,2607
97,17002
38,3436
117,20693
66,2724
80,1221
237,3799
23,5809
47,3181
120,11356
53,3201
76,6304
126,13804
106,9017
57,3560
57,2184
88,5149
97,7275
78,20979
65,8600
52,8155
154,4392
77,16814
119,1020
98,6450
67,2895
86,2645
73,5149
80,12996
44,7451
63,5611
65,1601
73,3811
87,7287
44,12887
82,4828
97,5318
62,6370
66,7271
83,3871
60,3899
77,4771
59,12433
69,1716
78,1312
42,8845
105,10221
65,6257
79,15623
76,2217
85,8621
77,1315
89,12633
85,2969
71,3247
61,1113
50,2075
28,2783
41,11467
101,5189
77,10365
105,2368
143,7924
74,9314
65,2830
83,3657
62,9774
77,4802
128,6934
21,1925
43,3889
44,4135
52,6077
27,893
40,1517
61,8402
71,3769
217,6034
77,15284
68,14237
80,9221
40,15645
48,2943
83,2522
82,12931
45,9149
59,5752
49,11578
40,3395
77,1760
29,18006
37,3313
137,3892
56,7029
107,14584
131,10286
145,4205
31,4362
66,8479
105,2830
31,961
92,15819
47,4326
51,11917
108,8343
26,4600
81,4985
57,4477
31,4080
57,8229
220,5841
70,10024
41,6496
73,10149
34,3948
101,7389
47,15188
96,2744
51,8252
257,20388
37,953
76,4463
38,2060
61,2843
24,2775
105,3276
31,5696
65,5525
95,5040
144,10742
67,9263
87,5891
80,2578
94,2940
84,4373
112,7304
98,8990
110,5916
56,7118
194,14600
80,3428
93,5425
126,4851
41,1612
52,3113
46,6658
74,1805
19,2959
98,6440
103,2305
115,7315
82,6001
60,10471
68,10713
41,16112
58,6610
91,1963
211,8791
109,17116
130,12552
68,4242
81,4948
51,3636
130,14851
73,11751
30,7234
88,2077
71,1344
32,3385
45,1104
89,4111
67,1055
83,7929
60,2148
78,8480
76,9952
41,3703
62,1992
40,11310
79,6374
119,4811
110,3700
136,16499
113,11620
41,1916
24,2769
37,1828
75,8261
74,6073
45,1041
92,1132
47,17679
108,15790
122,13360
43,3258
55,3263
92,14255
44,1358
74,7080
83,3827
73,2405
81,13504
82,2528
63,2709
105,3335
62,14617
58,2578
68,3383
72,2767
68,2296
90,11218
38,2506
100,13212
81,4861
82,2041
111,15002
107,8152
87,6250
44,1863
98,14790
103,5922
111,5891
73,3962
40,10681
66,1017
51,8407
61,6057
71,9094
62,14795
102,11377
39,11205
63,6654
108,1968
70,6331
29,2327
71,5862
34,3681
106,2602
57,1078
93,3894
61,10896
68,5660
159,11158
67,4228
93,4111
20,7748
80,9558
59,934
51,3660
72,14260
134,4418
37,2402
70,5891
40,11691
46,3056
165,7458
61,16828
48,2811
63,1985
106,16900
47,2932
31,4338
86,2935
112,8839
45,4778
124,2258
49,8730
40,6275
91,2511
49,2348
54,714
214,4436
142,2799
162,2114
109,9347
99,12078
135,7923
59,8357
177,2268
161,2053
65,9064
63,2690
58,18714
36,2371
122,16277
47,8885
74,5802
42,2929
115,1277
100,10464
105,9872
61,4148
88,19316
29,5821
31,2139
34,5705
99,2649
52,9476
53,10023
33,4619
70,6812
63,9776
54,14238
87,5771
54,6534
46,5813
54,7571
58,3743
51,5153
90,3285
67,7607
144,18067
47,7159
66,24752
51,11151
124,2765
114,5080
35,12707
58,1900
46,1607
93,3103
32,3325
56,2612
94,8460
29,1291
80,19947
21,1622
127,7676
55,24717
68,10494
93,5135
166,10072
96,14938
437,3639
64,3183
132,14105
71,2677
107,8705
61,6230
64,7610
239,11683
157,12050
35,2671
91,10102
42,6851
51,15662
69,5506
71,2346
47,7085
79,11955
36,723
42,3413
49,3246
92,2485
54,1682
39,3680
65,4486
78,11685
28,2244
77,3163
122,8818
58,2717
50,29534
88,18935
49,2506
110,3198
48,2582
93,8306
86,4534
69,5311
144,10096
60,7698
100,3130
41,3248
66,3454
65,976
22,7031
138,4260
61,4152
63,1447
70,8580
64,2276
124,3089
205,10928
51,9479
99,13893
89,2678
54,13179
52,11444
92,3785
104,2992
32,924
68,2482
47,3737
25,3742
54,4031
28,9542
17,2119
82,8164
113,12278
89,5557
36,6804
94,9834
65,12468
61,2888
27,4405
111,2112
126,5460
123,3226
78,3326
157,10795
147,5972
133,12572
91,11435
51,3278
35,3006
49,5963
21,3434
50,10329
106,10204
56,1238
70,1993
73,3638
31,7007
53,3319
120,2904
73,12113
111,2405
49,4606
32,2985
106,6389
74,6284
30,1267
119,2883
77,6122
72,2496
49,7882
60,8723
52,6586
155,19814
102,6089
67,2978
107,9563
46,6074
97,3840
86,2821
53,8489
37,8506
31,3338
41,3321
32,1335
37,3204
133,2570
100,3141
57,17665
109,4017
208,3120
93,4135
72,17074
95,8224
48,4923
129,6062
79,4040
52,12176
39,4274
47,3682
249,10891
80,5584
118,5072
44,3886
108,4406
230,1609
99,8848
80,12202
82,6631
60,3571
85,2666
44,3431
176,5185
110,22382
122,12507
97,5930
110,16985
102,4881
100,23776
31,5169
70,1997
35,12996
25,2647
33,5570
50,2140
141,11301
54,5092
117,4500
28,558
125,3177
63,6821
34,1523
48,7935
42,1559
70,16240
47,3162
53,4374
76,1685
106,12857
129,15838
60,963
54,11542
71,8801
102,11673
60,1681
75,1684
48,5214
196,11725
47,7926
46,8923
46,2681
70,7165
39,7237
33,4680
166,13635
80,1866
66,2528
165,4877
34,4600
29,2417
169,3083
113,3041
93,3224
74,2642
69,2367
52,3099
94,3541
65,13779
139,3839
49,1471
158,18334
22,1516
89,2736
48,1813
83,5729
75,20491
34,3719
66,4089
84,2214
66,1990
237,5836
146,7440
48,8930
188,4859
56,2065
125,3294
106,3167
167,15723
47,1875
54,2147
79,13283
33,3352
86,1863
28,1359
44,1323
60,3911
41,1683
90,3475
100,4384
90,17506
91,3803
27,8232
71,11769
73,11372
60,6182
43,2274
125,7589
261,2871
83,2748
76,7268
48,12477
53,19320
49,5076
230,11423
60,6325
89,6380
66,1406
86,5172
74,4641
43,2394
50,7153
49,1954
27,2119
120,18527
98,5084
19,4475
63,5179
113,14858
33,3097
221,8429
30,5909
49,4136
51,7760
63,1964
81,3908
23,1268
47,9457
89,2178
57,4937
175,3462
75,5714
37,2109
89,4592
44,3697
70,8596
102,7609
140,8516
59,1147
54,6181
114,17141
65,2789
70,21633
56,8151
84,5600
148,7213
83,7779
54,9356
136,15064
17,2117
57,8655
64,10761
118,16919
31,3632
39,1927
72,3743
85,5828
97,17352
47,3768
164,16040
41,5582
101,21401
118,7429
64,7678
94,7774
54,5398
135,18168
31,2066
57,2766
90,2150
62,2955
129,12066
75,4088
82,11231
91,13553
176,7158
60,9686
68,2654
50,2660
71,3227
142,5414
65,13730
102,3010
47,1830
24,7445
54,15718
54,1652
83,22899
60,6575
52,8437
58,11655
107,13331
54,22954
193,5020
210,12106
36,12422
47,2439
83,9239
51,1499
68,4278
122,7644
51,2183
52,2357
65,2129
84,15378
88,9580
60,2579
68,4373
67,6451
147,3993
51,6147
30,3610
92,13452
71,5908
52,5589
53,9511
59,4134
45,9854
37,17065
229,3785
54,4092
47,2089
32,2073
41,1852
73,2115
70,27026
108,22582
187,14081
260,17650
72,2489
50,4379
52,1717
80,8976
104,10593
148,5933
118,9304
90,1688
92,3192
98,3719
58,11020
120,8218
68,7885
77,19190
33,2728
95,11160
54,6604
48,1965
56,3067
46,2276
103,6188
130,3439
147,2605
159,3672
80,2728
137,3746
53,1599
107,8646
67,14887
64,14940
51,8867
61,16690
76,22410
192,3304
202,18072
62,16984
47,1389
98,4391
21,1724
53,3626
28,1972
121,12885
45,6190
75,4213
73,6519
51,1044
68,4343
46,9225
17,1177
24,3294
125,4482
50,5073
40,2888
50,5451
102,6917
19,5693
78,5846
58,3299
26,2846
58,14686
157,20835
70,5511
110,12497
66,2671
51,7099
66,2281
70,19591
44,6909
96,3058
41,6196
140,4827
112,10842
73,3389
50,6737
47,11035
151,3367
46,2410
73,10551
75,7122
60,5632
47,11099
37,1588
68,5589
74,3389
133,24142
48,7567
39,7563
111,10102
157,14831
124,8324
68,6901
131,2638
71,8188
54,1388
57,2083
78,8378
74,2029
98,8818
21,8096
64,9123
52,7548
28,3082
59,6931
63,12351
54,6825
145,27187
149,2098
67,8278
43,2314
80,10910
54,6474
109,3387
25,10683
36,9617
24,6404
39,8200
60,2485
74,11997
26,2450
65,5559
102,3251
125,6274
83,5745
157,14882
163,6095
61,23543
91,3467
56,10067
58,11929
64,5086
110,3481
207,4522
56,2452
49,2481
107,1245
81,4204
42,6543
43,6308
37,2077
102,7590
107,14670
78,12474
45,7278
35,4509
51,9387
58,5846
68,8132
99,7811
68,3686
59,2498
81,4567
80,13087
53,2531
29,3944
100,2094
99,1686
77,4267
41,8177
277,14258
96,2341
43,11734
132,12537
157,4335
36,2785
83,3410
78,4023
387,7265
59,9549
38,1380
46,10931
85,1531
73,7150
33,3234
93,8984
46,16867
95,3369
63,1539
114,8486
23,2014
27,2038
55,2214
80,4183
67,11917
50,4855
93,10160
41,3899
105,11012
85,9021
54,1892
97,9900
99,1889
69,14979
82,13450
90,6141
123,12754
92,7825
136,6632
66,2103
69,4810
134,6085
41,3722
49,4388
67,13889
117,8159
30,862
71,13897
76,2454
55,7168
84,12333
50,1197
216,3804
108,6510
99,4962
56,7124
191,2957
292,9131
86,5496
48,7516
72,5227
57,5350
59,3348
112,3802
85,7777
38,1947
105,13720
30,4809
98,4500
229,11227
69,2108
40,5616
26,3325
50,8308
100,10312
116,5956
132,1866
140,3331
101,1472
50,2438
146,17129
46,4766
44,1434
120,2441
80,4129
104,8928
51,5235
80,12961
164,4321
50,5745
72,1924
94,1853
60,10565
51,4444
52,6468
34,4808
40,4648
166,4398
36,3445
34,3306
76,4053
52,5803
69,2383
59,4465
69,14875
23,1833
64,8507
79,8869
40,3779
65,5077
28,1622
52,2556
82,2544
102,5823
43,8768
123,13901
53,3829
59,5730
61,5652
35,12226
117,2483
90,4209
75,1770
46,6334
78,2659
75,2540
67,5465
53,2491
157,7753
101,10019
99,3487
67,7778
68,2275
85,2012
72,4607
62,1537
108,15113
53,5598
125,2757
269,6424
35,7537
26,12054
83,6294
38,1627
23,12447
139,13687
212,2499
27,6870
44,1315
40,7728
52,22053
53,2009
99,11652
223,7190
108,20770
28,1753
379,5138
85,1832
59,2742
57,2569
38,976
98,11693
44,12898
215,11014
41,1942
49,6622
141,11989
49,1843
71,16476
84,2066
78,1619
132,10911
80,3590
61,23474
145,4318
72,856
46,9588
19,1324
67,5924
32,6021
166,10223
134,8497
178,1456
63,4590
30,2562
92,10462
65,20717
65,5616
97,10746
136,16414
130,18303
236,18151
109,3376
72,16529
65,8616
48,12891
130,6125
49,1880
86,8293
103,4138
22,1462
70,10663
63,7850
62,3756
34,10430
126,4035
29,1549
37,1791
94,1930
41,3885
65,9665
97,1508
35,6559
99,11881
60,9218
39,5523
56,5386
97,9556
86,2249
82,2914
157,2533
103,14390
108,11531
76,8156
60,3896
25,1192
76,5399
92,9409
54,3147
21,3325
50,3548
38,2556
25,3299
68,2410
142,9615
83,13182
26,2349
40,5265
65,13628
68,16937
55,5807
54,1968
47,1363
71,8777
40,3459
115,1886
15,788
109,8113
14,2808
21,3644
161,6319
109,3624
37,1375
34,5830
476,2060
84,7979
40,4910
58,3045
96,1129
58,13413
136,2257
67,6997
78,6270
73,2751
231,7448
88,7706
83,14467
37,2299
27,7384
104,2809
50,2938
50,4876
88,5959
27,2944
64,15148
61,2082
52,2311
66,9173
74,11684
33,1624
49,1446
94,3232
62,14539
81,15611
93,1725
112,3615
24,2844
101,6758
58,12646
64,878
70,6219
82,13306
88,8469
110,5734
41,8159
42,1467
47,13388
42,4225
71,6116
40,2988
58,4211
44,1404
149,5018
42,3078
65,6966
94,18265
111,6515
119,13696
60,6960
31,2823
67,4134
43,2286
114,5511
27,3703
185,2575
63,15604
139,15330
25,3310
75,6157
174,7553
95,4444
82,4182
110,6327
40,7099
61,4171
77,3278
50,4739
91,1648
163,3462
103,2527
135,5454
86,4752
53,1777
66,6631
46,3636
60,2163
59,2361
61,12624
91,22091
121,9150
29,2463
64,12074
53,5245
30,6641
34,4566
120,10478
127,4649
42,11794
91,3984
94,5623
59,1937
63,2706
51,16689
100,14373
84,7684
56,2751
31,15570
134,7461
37,1267
80,4960
66,5835
98,8676
114,7250
229,16035
109,9888
44,2130
29,4057
96,10249
95,10353
21,4237
42,6102
65,2705
117,17509
120,2382
101,2681
61,9580
123,8047
60,4160
58,2777
66,8418
45,8717
154,12614
47,1980
122,2587
94,2128
61,7777
64,1901
45,6138
18,2949
71,7242
47,4482
123,5717
128,22883
100,3802
78,2712
72,3324
52,3472
72,13039
69,2215
47,5781
48,9091
39,4360
65,7326
97,9359
62,1630
17,1372
48,1157
37,3650
59,8580
63,13197
142,5463
275,26126
58,1864
93,10286
47,1606
85,11629
129,4407
170,9206
66,2592
144,9816
215,13694
41,8288
19,9972
114,11906
87,7588
95,4100
130,3572
41,5965
69,6494
54,14485
504,6528
49,6708
62,16834
157,7274
80,2368
59,8251
61,4535
85,5232
45,6120
37,5285
58,2293
132,10182
29,2439
42,9723
64,7180
110,15245
42,2142
64,2122
128,4182
92,1606
103,16131
68,2383
50,9408
81,1460
121,2577
85,3631
100,9273
72,6586
79,3763
103,1444
53,2009
33,10185
121,4727
86,9087
88,8079
49,1894
94,15030
39,4910
73,4987
77,15615
74,3086
125,9383
115,3276
97,8722
55,8769
119,10221
42,3178
50,5467
43,1604
166,6205
70,5501
80,4395
43,7295
71,7314
174,11036
119,4424
47,3481
250,2665
27,1579
40,4828
41,2929
60,6253
129,5544
49,6268
102,9267
135,8138
121,17685
43,5637
117,17109
39,1470
58,1525
54,4507
131,12882
143,4002
104,6963
73,1585
74,18692
29,7260
51,11466
76,1382
103,4394
123,7420
37,1605
74,1070
122,14270
97,11082
96,3372
68,10469
76,6357
27,4376
105,9154
67,8542
47,4490
46,1758
22,1696
42,5213
79,1425
46,3433
140,12619
96,5390
144,17737
121,6787
55,2517
120,30274
481,13476
146,14027
150,18210
57,5269
56,3182
201,6309
75,9160
74,11063
103,4852
42,4830
64,5159
257,6742
92,3283
57,1815
115,6394
69,7059
60,4363
63,12214
51,2426
51,10706
141,6104
231,4853
111,10140
131,4015
43,6367
114,4138
119,2773
166,6231
73,1933
97,14557
67,15217
68,5796
108,4073
42,8930
90,7938
71,1489
56,1565
72,6133
57,1679
65,5354
36,1798
49,3551
47,4262
20,4270
90,3175
50,16191
82,2611
48,1896
78,5360
44,1937
120,7861
29,14919
67,6807
60,5437
63,5919
35,2909
114,1180
46,2076
61,2983
49,2358
173,8489
54,3960
88,4505
60,3836
34,4737
62,3265
87,1795
40,5195
75,1993
36,13634
47,4030
44,8567
266,2517
110,8797
101,9971
115,10555
37,4371
91,3085
67,9756
62,4079
89,2208
112,7347
54,6890
77,3441
46,1705
71,3233
40,8116
145,15916
106,11766
76,6833
129,16552
49,887
36,2581
63,8067
55,2565
135,8084
77,3293
20,5193
92,17778
60,4383
85,3385
95,2370
72,7801
80,9465
120,2351
98,7634
54,11630
58,5944
42,3757
57,1221
62,9319
87,6851
90,3775
55,1875
116,16599
85,5808
38,3017
42,2594
34,6337
39,7646
141,17371
63,5214
46,2499
38,7869
120,11595
66,2679
43,7874
89,11578
65,6176
68,10136
99,2459
43,3100
43,3150
64,3236
40,10536
87,9491
108,12061
119,6240
36,3819
74,8966
193,12564
171,4224
66,3789
135,6639
210,17601
50,12311
117,8261
95,20647
36,3103
70,1334
108,2708
47,2259
56,1298
91,7472
78,2409
67,15764
69,7795
92,1605
64,10440
84,4387
62,9073
78,3326
55,8422
50,1837
144,17309
32,2623
127,6405
66,3853
74,2826
109,2109
129,18897
38,3443
105,11006
35,2514
70,4166
68,1698
43,3013
40,17660
32,5946
68,1590
147,2555
89,6231
63,8184
50,3563
99,6968
52,8503
87,3163
40,9562
74,4966
78,13481
48,6639
54,3859
14,3284
204,10913
63,1316
70,3652
169,5100
46,984
56,10762
397,1985
60,3165
112,2686
97,7754
121,16285
168,6472
129,4380
28,3941
123,15995
117,9857
117,3285
34,2714
118,2318
98,8039
96,3121
77,2670
36,1586
222,4845
227,10479
80,5541
41,2776
100,4171
134,11220
46,7981
28,1231
60,4064
164,6515
78,1807
36,5385
76,7325
48,3444
47,3619
116,12255
50,3656
55,5126
27,2787
127,3332
57,1770
65,15421
70,9692
84,13046
103,17424
67,6864
97,5663
45,3701
106,7599
43,6714
73,8605
89,5860
76,7214
92,1461
31,2437
55,1606
76,4808
54,7993
57,6352
121,4577
91,7699
49,4724
58,3522
58,9383
126,20209
39,11309
97,1335
55,2544
80,3645
72,8863
73,4022
63,4807
66,5994
40,3356
61,11313
90,4576
69,5512
91,8600
88,15053
141,4002
101,3007
55,3563
59,10267
66,9995
146,5131
75,2481
71,6966
110,8219
99,4421
44,10148
39,11269
85,4903
39,2147
26,2756
105,16535
47,4326
39,8290
39,833
119,10949
139,13308
101,1634
50,2642
34,1324
70,2491
104,1838
54,1488
58,3751
122,8007
66,5428
39,8192
92,4893
50,3202
111,3568
35,8054
39,3555
27,2179
99,3280
128,15912
74,3591
60,7282
85,9586
34,12637
60,3475
67,7100
60,4700
34,8213
84,2515
43,3333
33,7819
55,6502
76,10289
156,11149
117,2320
121,13924
105,10854
96,4084
60,4976
44,7322
128,10178
56,2608
85,2864
48,5679
52,5197
213,3495
59,3715
58,4722
44,8341
34,1374
41,3471
131,16676
113,18393
69,8507
83,4798
127,11721
63,2686
39,17937
120,2351
22,1443
50,2188
13,1457
176,15422
47,6308
56,9741
46,9005
50,10864
80,8532
19,6516
65,3547
57,3769
172,6148
86,4566
89,5567
79,1722
137,19955
75,6393
134,15239
76,7159
20,2379
89,4720
64,9241
55,4526
78,2786
55,10364
48,2716
37,5368
119,21222
224,12242
75,7641
39,886
50,1038
22,3480
79,6200
56,5341
154,10743
44,4556
75,5771
51,11491
77,1509
84,2078
119,14567
109,9620
36,8887
46,8067
105,14376
57,5200
122,3567
53,4308
81,2688
58,2241
40,6156
70,2597
119,15101
83,8515
62,14741
56,4793
15,2954
59,5153
102,7560
20,2144
70,3664
18,3702
103,4888
99,7410
30,6104
139,1497
45,9450
30,5534
26,3162
52,5367
97,4629
57,5470
73,3237
49,3715
20,1820
112,11707
158,6195
65,10763
70,6861
55,5335
115,5262
251,5658
38,5479
39,1537
54,14366
57,1592
71,4865
70,7953
42,1665
58,1900
63,971
34,788
66,4040
97,13820
46,14406
98,7699
71,9276
72,6334
32,4033
106,2087
82,4922
75,14530
82,2840
24,11171
131,4410
37,8673
17,5373
41,2871
75,5608
69,4915
55,5541
142,3398
71,7453
84,3990
65,6737
33,12038
29,1565
111,4472
71,4552
76,2264
73,11770
103,5779
418,8399
94,6408
53,4746
102,9000
149,7361
105,3798
121,16929
67,3384
61,10669
139,19106
66,18329
92,13414
45,3818
93,17548
138,4619
106,4031
95,3958
152,1959
47,15944
148,5042
194,4862
127,3451
28,1194
107,5965
46,6529
69,4663
52,8187
91,19899
37,14181
38,3133
88,4404
95,14274
101,10550
83,2569
52,9777
24,2238
83,3132
150,2839
91,9370
133,12229
105,10169
220,15429
101,15194
55,8067
60,5085
78,14997
116,17671
123,1077
87,2629
58,3828
58,2767
38,5824
99,10680
19,6693
63,8034
98,3151
31,2818
72,4402
76,27111
66,2271
28,3751
49,2108
49,7680
167,1028
37,4757
41,3550
44,6640
141,3645
92,10094
91,3551
95,1311
98,4803
120,14508
29,1805
43,4925
60,10956
56,5692
126,11213
71,3521
64,3030
32,1078
36,5201
45,19097
39,1201
138,7765
27,13364
440,3560
27,4525
71,3103
161,18089
177,16695
191,8391
27,3389
63,10205
48,1792
129,2637
76,3674
144,7023
99,8603
53,3242
53,1888
96,2509
89,5275
102,9669
93,6391
140,2523
113,2195
109,11237
54,2640
48,14980
258,13830
54,19946
132,6713
64,11187
31,2382
75,11556
148,7100
95,12103
95,2264
54,2796
189,8560
68,2548
98,10282
33,2348
113,11351
90,2121
62,22100
63,12249
31,2555
50,5056
78,11679
84,16301
105,12088
92,12727
35,9857
123,9405
26,5618
112,4186
85,8295
45,4520
43,5964
83,1215
144,6149
108,18100
33,1721
84,9141
52,4874
81,2742
60,2880
117,4243
79,5469
120,10153
67,4140
29,6076
106,17388
29,5300
189,19529
47,1907
46,10437
34,4556
84,6924
40,2334
62,13287
41,8261
59,1376
88,3333
77,3320
51,3186
57,3504
36,4494
65,3729
111,4153
43,6000
35,3845
61,1498
131,8636
123,17399
97,21575
99,2525
119,2323
39,3031
73,10094
244,3150
90,3372
49,8299
55,2670
128,3222
42,4526
76,7396
77,3119
176,3969
106,3041
74,3977
123,8821
66,5477
81,11375
58,9098
126,16087
24,6033
85,1275
73,8161
62,7294
145,9276
98,13270
98,2933
72,4788
65,7425
151,13213
48,9443
43,3504
109,8274
52,1480
40,3985
46,14178
182,13641
65,3898
183,6081
79,8047
78,2367
52,12036
56,4474
55,6757
67,3269
91,4423
75,2939
35,6902
58,4952
80,4047
72,7848
105,14351
158,7938
56,9421
166,3395
121,5472
89,2529
26,4115
19,8300
29,1602
65,10761
131,8094
47,6288
50,5991
95,7083
41,11271
96,1048
72,2357
72,4614
94,13066
40,2142
105,5024
68,2552
87,7090
101,3183
72,3476
44,4989
72,1663
54,2392
21,5034
126,9078
109,17187
21,2521
36,1912
99,13636
146,5581
69,1573
117,8434
43,1766
44,6473
141,4605
39,6125
57,16072
34,6344
29,2676
73,2596
75,19212
150,7231
72,2099
31,3431
53,9259
63,4379
85,4735
135,3602
73,3807
186,10879
66,2256
103,7478
56,6877
52,3968
54,4928
85,6260
66,6543
111,6044
19,13297
118,12986
48,6122
64,9718
99,5621
44,11699
62,8305
68,7216
30,3180
114,14227
163,12879
59,5592
77,18820
96,7197
25,1932
42,11535
115,4571
32,2995
89,1077
96,2413
169,13046
47,6690
80,10164
70,9044
128,2634
58,6987
29,1386
42,4031
101,1619
68,5123
26,8148
37,4517
237,8005
37,1810
85,5890
45,4030
131,6626
71,10007
67,3408
113,13599
100,4640
51,20727
64,1287
34,9483
235,13734
98,4946
42,6046
77,4890
62,3216
96,3257
68,2514
28,4809
80,8365
158,3761
70,13007
50,1368
145,5359
120,14294
121,4177
64,6391
63,5741
64,1819
70,14853
31,1801
56,12094
63,5793
90,6848
52,1883
148,7178
66,3495
89,1457
59,3747
55,974
76,1306
27,4379
71,5039
41,3161
89,4110
31,1763
87,10644
53,5028
74,1582
130,6715
49,4759
104,11358
58,1831
66,5153
92,8980
26,2926
32,5736
52,13429
55,14730
103,6435
30,8668
45,1173
101,3152
60,2960
45,15797
57,2041
67,2139
77,2877
73,1412
82,4361
44,1299
111,9882
83,590
25,2930
45,12579
27,2184
86,1745
63,4605
133,14044
188,5177
43,2429
80,5082
74,4124
86,3256
77,10111
111,6111
44,9999
51,2301
123,4764
62,4749
65,4852
53,12391
31,6648
83,7369
103,13181
131,16903
50,3359
93,4351
57,14967
50,2268
70,6137
79,8894
80,4200
65,12676
35,6363
71,2389
81,1588
32,8932
114,8885
71,4301
152,5896
79,3526
35,4121
69,2011
113,3072
54,12779
42,4084
93,9943
73,5375
30,2986
51,2816
64,809
50,8562
48,4912
198,8721
32,3713
51,11160
114,15856
75,5691
155,13548
18,960
148,2768
20,2048
29,6399
46,4538
53,5093
104,13880
39,2808
51,3679
53,4577
76,2238
31,3328
40,1726
58,3778
61,8401
185,9741
121,3441
106,15408
50,10245
125,3702
117,2294
170,5465
42,4410
50,6959
41,3795
293,15192
82,2486
85,3475
35,2616
48,2512
29,4444
52,3038
170,19262
178,4382
172,2940
51,2586
53,18381
72,2121
44,3752
151,4032
75,3553
96,4535
86,4019
176,13960
37,8184
49,3311
105,1006
55,2781
71,10556
54,13275
53,3071
144,13727
66,3788
54,2052
36,6707
68,1778
35,2808
40,5825
127,4165
78,3573
38,2173
96,3468
105,7738
63,5445
107,2418
55,3808
109,2719
42,5216
190,4162
144,5181
56,13815
96,7232
54,4287
65,16253
37,7030
31,4970
152,3872
79,19050
130,12525
42,12534
48,2494
58,8061
72,5989
18,2568
57,1912
67,2491
64,3632
51,3359
60,15814
33,11174
85,4888
54,5611
92,2158
147,5062
70,9704
64,2166
75,1752
50,3327
221,21158
49,9084
137,5786
62,5682
57,1275
39,3672
39,4309
123,3658
65,9217
50,891
96,3334
73,7926
74,5854
176,18687
79,5053
89,7862
83,9569
54,4896
121,7302
87,6906
28,3006
44,6670
81,4633
98,7443
60,5971
22,1652
56,18323
40,5508
61,2340
34,3636
92,8429
43,3255
44,1217
71,7392
42,8905
85,10331
141,7914
47,3422
74,12640
79,3302
60,4300
74,18975
62,2700
147,8374
339,7598
62,6524
79,9824
87,3877
203,3023
46,3528
69,10059
79,5855
159,6837
91,13056
77,3604
73,2021
78,1665
38,10394
90,6870
77,2796
78,11025
106,7953
117,15931
83,8897
92,7185
114,16260
116,4291
50,14236
167,8004
555,5053
79,4566
512,12575
110,19005
96,5655
25,5508
84,17398
60,5912
58,15080
50,1212
77,4614
64,4469
24,9445
56,2037
66,9294
162,7046
74,2389
25,2393
72,3397
50,2015
36,6014
72,8464
52,4075
72,4005
58,2365
52,1536
103,3412
83,8818
87,8984
290,17314
71,10113
63,1365
80,1888
89,8630
38,20838
50,1994
62,5041
33,8532
44,2227
59,7665
57,1934
112,8869
65,11915
38,3406
152,12018
50,12659
36,1214
49,2982
40,10509
69,9865
181,7949
102,5097
46,16055
59,4416
59,2083
155,6484
63,2933
153,8429
94,2731
144,18215
62,12083
101,10551
100,9019
56,1329
97,8963
70,1244
70,10760
75,5728
844,17847
93,9488
38,1694
31,7462
48,18376
101,5024
22,3541
26,3859
34,1927
53,3100
31,1042
43,2583
50,4300
83,2400
89,2517
49,5849
97,5853
59,10243
82,10098
46,3225
38,5263
77,14646
56,13977
74,2077
155,13830
63,9257
97,5987
209,5245
60,17070
46,16881
61,7122
75,3136
80,4860
69,13793
83,17034
58,2542
27,2221
84,12286
26,5004
38,4777
402,4580
154,14969
17,3421
31,2449
88,20091
92,3521
59,2698
78,2270
47,7557
118,3737
135,18784
139,6172
31,1677
114,3397
107,4218
139,6536
94,1468
176,14910
75,1708
93,3620
75,8950
33,1315
47,9621
77,9960
72,1585
50,2380
69,21144
51,3543
273,3819
53,4605
27,4834
76,6137
42,10020
40,2278
107,13373
72,13121
74,6071
104,7634
112,14247
75,1625
128,4882
23,1178
74,8774
68,8173
57,3664
91,16822
56,2601
63,11647
57,17208
108,11739
27,1301
81,3765
54,2078
38,7842
94,1532
64,6592
63,4844
46,7926
139,8868
95,1233
171,5419
117,9268
49,4170
114,2099
50,4408
134,4305
59,3765
77,2408
134,8265
138,4767
47,1972
29,10852
66,3545
165,3182
51,16609
78,2052
144,7766
35,3150
72,13275
178,13388
50,7254
24,1158
38,2601
40,3825
69,2314
65,9373
121,3011
43,1742
52,12443
43,2314
130,17415
53,5461
65,17540
140,4959
63,3892
59,6802
155,3345
124,12633
101,1371
92,14693
35,4266
70,1848
79,16572
30,1382
66,2792
69,2966
52,4250
199,8059
79,14630
87,3314
39,5464
109,4636
65,3051
56,5013
78,17242
134,5960
50,1189
33,3272
83,2729
66,11682
70,6749
97,7903
60,11815
41,11736
51,7895
129,10167
34,3765
49,2769
70,5275
40,7465
77,5867
75,2675
84,7840
133,8084
66,3367
75,8268
77,10874
227,17261
52,2645
72,11869
23,4997
69,1796
70,10171
64,2580
56,1708
53,17507
94,12142
116,10633
19,5621
145,6485
39,3838
105,7319
61,4567
76,5639
18,3914
65,1207
165,5397
132,3668
105,2104
106,1908
173,2808
72,10578
63,8016
74,2015
76,15398
71,5239
101,12876
66,7776
101,12202
97,14489
43,3558
114,12831
53,2765
90,6997
103,15268
52,13702
150,6761
106,3860
32,2594
136,2567
33,7280
47,9705
55,5965
27,7632
69,3548
38,3354
43,2685
94,3615
53,5370
83,3364
93,13468
45,9517
91,5021
131,15742
121,4126
188,11804
247,16090
77,4291
42,6577
55,1436
89,19567
131,3720
52,5470
34,1614
46,1500
92,4261
106,14838
90,8501
75,2796
36,3196
54,11369
50,6470
34,2607
47,15101
41,15073
80,3859
58,11700
76,3830
103,6107
90,6691
32,5636
77,9167
28,2895
47,4996
150,5524
122,4527
28,4104
47,5442
86,9052
62,6161
88,12980
54,11650
248,8885
92,7461
33,10789
88,2180
227,12750
71,8894
54,2049
113,4115
47,15687
50,7053
38,3022
73,3186
59,1693
30,2800
74,6096
55,2388
23,1544
47,4005
138,3155
40,10467
58,4173
79,1611
122,2165
74,4753
75,5748
101,5515
83,2851
84,4952
24,2226
60,6797
79,4007
34,14759
81,1254
68,4074
23,2629
239,23532
122,14070
67,5482
137,16376
60,20424
153,12918
30,1773
18,2399
45,7443
45,2812
92,2701
88,1888
92,6111
47,2214
66,2615
77,2938
234,2348
22,3466
92,3513
97,5663
10,6972
64,4728
88,747
123,4000
65,2953
28,7123
60,5173
57,4535
39,6494
98,8609
45,10519
122,6755
52,1430
33,7434
67,5215
66,5058
97,4868
114,13184
87,878
55,3037
61,6927
83,6401
22,1690
66,4572
51,2690
188,12069
46,7028
135,5769
44,1681
75,2930
78,7792
145,9473
19,12246
55,3162
88,4015
51,4185
55,1987
51,10431
32,5366
60,3439
33,1436
73,3449
36,6044
69,2529
126,3797
119,5931
80,6843
56,1277
115,12536
106,14569
69,3252
78,6015
27,6281
61,5707
79,7833
36,9265
66,2482
126,2033
66,6829
32,10239
57,1983
118,2503
54,3525
37,3907
62,15894
85,9881
136,3149
81,4904
120,7069
65,8561
40,8442
98,2267
44,10329
110,14442
52,6350
82,9160
55,1263
83,4419
64,6872
99,4500
39,3993
52,1233
191,15015
494,4715
132,3115
42,2752
86,3488
79,3530
30,2281
49,4318
71,1233
37,2264
46,3001
86,8678
28,1623
32,10314
44,5819
112,6540
52,7700
60,8563
81,6099
80,7654
93,17780
163,12038
86,4525
20,2938
63,6374
21,1216
123,6151
126,4931
79,1594
22,3861
58,3055
71,1279
34,6021
102,9458
44,8985
91,12220
60,15110
57,2031
21,9059
76,5150
62,7294
159,2084
86,9944
142,11122
190,7033
141,13147
322,9310
54,2226
97,1967
48,2786
75,11839
34,2447
46,2790
119,4711
86,3291
142,8015
84,13411
62,804
31,5455
38,4186
70,1732
59,5220
82,2056
47,13025
20,1324
47,2967
51,3826
304,15780
179,2998
188,6155
88,2916
81,6922
61,8331
78,1161
63,3136
100,3812
120,3796
75,7164
27,5097
103,3802
75,3075
99,10421
118,17642
19,6385
100,12427
67,3000
105,6008
42,3581
29,964
149,2174
54,6972
31,4425
35,20166
55,4832
90,11518
81,8359
121,7667
62,6677
63,13041
69,2923
113,6550
100,2608
140,6328
77,17435
49,4830
83,15594
103,4436
103,4293
141,5458
46,11113
76,2775
41,5649
90,14257
59,4329
64,3505
184,10473
26,2776
45,18698
74,8877
97,2451
59,7844
78,8940
86,1073
54,7457
55,1306
33,1700
31,4580
30,11941
74,15969
129,11413
36,4188
120,7839
67,9966
46,4171
60,3547
45,1500
61,5087
78,3492
98,4180
78,2257
29,6011
143,6734
71,3615
69,8167
49,5624
75,4520
45,1066
89,7352
94,13297
48,13093
110,16340
140,2856
66,1774
48,4666
87,5828
39,1734
35,3390
80,8756
91,5480
72,2493
55,12961
57,9588
40,2210
71,2843
29,5568
184,1672
24,9795
94,2692
172,7500
64,3274
84,3900
109,11817
70,3685
142,2790
48,6513
68,920
70,11443
49,9621
35,4921
35,5078
126,7554
94,5136
48,7360
117,13796
99,9500
114,4152
61,5921
83,3806
62,3685
30,2849
27,5238
82,3422
60,7540
34,2202
62,7117
37,3896
201,18169
39,5704
79,2998
294,3478
90,15948
175,16963
120,3980
55,11320
62,13882
44,4289
52,12792
47,5040
42,5775
71,1440
91,2339
30,11409
81,5607
66,5340
63,12005
96,14981
47,7445
66,5422
48,4819
98,8231
176,2133
116,13480
166,8255
101,5468
59,4483
72,1076
50,5740
64,3395
71,7264
74,7837
83,2644
41,9563
96,9121
149,7490
61,5001
53,7020
42,4284
73,3261
68,7311
77,14684
93,5951
136,4839
93,4424
104,1522
71,1263
96,4631
38,2936
106,3302
103,13659
106,2515
154,3302
233,4366
78,12704
167,1373
51,4093
38,2196
149,8112
128,1269
36,3676
125,4361
133,5379
116,20194
99,4591
70,2436
71,991
101,8674
48,5082
51,9238
38,2950
79,3112
45,5146
93,7461
73,13368
59,5111
45,2695
36,4708
319,3473
117,6747
107,2848
98,4915
44,3076
66,2833
39,11067
64,9330
31,1423
44,1952
76,1384
58,9170
65,12920
83,4063
48,3411
84,15419
80,12815
93,3519
42,686
117,6603
90,4745
95,7588
72,5196
63,4103
65,5936
177,9795
20,1178
74,9245
145,12095
54,14402
123,4037
146,18201
85,4366
64,3834
123,4611
102,3613
49,2930
95,6534
76,4191
101,7831
141,9550
28,4332
72,1538
44,3441
65,5599
52,3793
97,4629
162,3871
51,2448
47,4188
80,12257
45,13785
46,1346
109,2834
78,14221
54,2730
86,3328
103,14667
35,4458
62,1470
47,4302
116,19046
98,11393
80,19206
71,1850
54,2454
111,13494
77,1616
65,3049
75,8035
63,6011
230,5772
84,5697
29,3947
52,846
266,5780
102,5186
32,1392
46,4424
68,3950
79,7225
59,2430
86,5650
121,17149
105,8964
76,5055
100,4571
78,4859
102,3641
100,5118
49,4609
85,8615
110,9606
79,1884
45,3464
89,7816
59,1770
100,18961
57,3539
80,8708
34,7297
80,1074
84,2159
37,13659
35,1899
51,2408
156,19230
152,12297
56,1833
50,1237
262,2149
58,2169
274,2911
83,4436
205,4453
74,7774
41,11067
48,2634
90,18065
53,13972
45,8125
73,4460
67,5187
33,2865
32,11916
106,3439
39,4324
87,8134
83,6404
44,6480
26,8653
94,9132
86,8237
80,7106
75,2970
75,5176
70,6239
35,5190
83,9247
124,4338
55,744
41,9088
89,9851
68,12174
84,4271
132,8334
69,2631
55,4585
188,6107
94,9155
67,2785
63,4361
47,3783
91,6302
39,4640
85,6717
103,10730
64,5320
50,21144
72,5227
47,7170
52,1686
38,3199
47,1361
117,9678
20,2788
80,4166
72,5977
58,3492
53,3027
57,16810
135,14400
23,981
94,2995
95,11201
96,3840
95,17051
134,15471
55,3867
60,8764
88,5244
44,7398
31,3591
52,7406
152,5112
43,3896
89,1669
28,9858
111,5537
67,15136
68,4837
31,2683
176,13030
49,2062
115,15164
90,10308
85,9271
36,4657
147,3095
77,3219
149,10975
31,19694
59,2230
69,2676
52,1613
106,5094
85,1628
49,1208
54,3769
40,3824
73,2422
76,1554
94,5796
92,9468
50,7636
75,4635
95,5505
112,7442
108,2897
73,2580
126,5196
40,7760
40,2263
76,2334
48,2581
76,9776
96,16842
69,2476
78,16056
58,3214
28,10187
41,6268
115,14247
40,4859
40,6690
77,16765
75,5296
56,4370
60,18513
51,4307
45,1141
79,2580
64,1861
42,3671
57,971
98,18185
80,15879
114,5598
57,4199
26,9411
64,3296
74,1183
38,6725
232,7357
75,6180
88,4525
84,11456
29,3965
117,4298
16,2484
64,4247
21,505
138,4592
72,5725
110,6137
91,927
75,5377
104,1931
72,2687
72,14050
114,7336
49,12093
30,4093
109,3518
91,17837
42,5045
126,21261
103,5314
35,6083
206,4475
34,1809
49,8435
57,4750
88,2056
63,4945
74,2099
101,2375
58,3584
49,5287
33,16232
57,6840
65,8562
54,1268
57,2268
50,1766
88,14271
119,5353
103,6454
47,2192
73,3978
154,3687
57,11420
40,10107
84,3570
60,1021
62,1735
111,2503
99,6306
40,5604
24,1624
72,4346
71,9295
85,3489
14,3939
56,1621
103,6291
91,11890
168,9459
78,6876
55,1750
60,1924
136,1784
37,3392
108,5225
46,7172
53,3108
67,9746
68,7891
79,12452
55,3472
46,9871
96,6357
83,7460
65,2916
78,2321
39,2911
47,7501
133,6006
46,1235
50,5824
58,2911
43,1708
38,2124
93,1852
98,1944
98,10846
75,3423
95,2928
96,7977
78,8293
73,12267
87,7382
16,3702
102,6646
57,16717
77,9002
73,11527
89,8799
81,2474
99,16678
115,18380
25,6189
82,2985
27,1968
77,4759
45,7966
49,10974
50,5759
40,15283
74,2854
78,8657
22,398
67,3307
43,5394
43,9622
52,7397
76,1278
73,9767
60,2519
21,1505
51,10322
48,7796
59,1355
37,5025
29,1945
118,5804
42,1388
110,3438
133,2251
57,4876
95,4026
36,12460
55,3183
91,2453
142,5952
24,1913
52,3705
24,1928
141,17218
37,5106
30,4508
51,13216
55,5283
69,3560
33,7592
90,2408
122,5262
17,3237
58,1521
44,4830
74,5994
84,16935
95,16200
62,7251
68,2058
100,5214
36,5064
91,1441
17,3428
59,2896
50,3749
58,5739
67,2894
75,19073
144,14203
86,1982
47,3322
73,3899
100,10721
73,2712
93,3827
154,16386
146,9448
222,15456
61,7147
50,7958
104,12533
75,2197
128,3120
50,3969
52,6029
51,1078
163,3858
98,12731
97,5762
53,2161
72,10291
111,1163
79,8332
48,3124
88,9193
118,5071
25,12127
139,19381
30,1987
115,16130
94,11839
50,8141
92,10721
63,1477
86,4091
81,11297
83,19126
26,3874
63,11486
101,15684
85,12599
65,1922
68,8538
58,3670
75,4039
117,21661
57,3842
104,4393
69,5160
72,12700
97,2046
85,2881
126,13195
50,4115
107,17986
46,6883
47,1759
52,1128
103,7014
121,4406
40,7228
39,1840
95,8408
32,1981
79,14147
47,2296
63,2835
83,12083
127,14749
121,2153
62,4915
107,10900
82,1723
81,14365
93,3472
65,6340
329,2961
206,16513
122,13023
170,19466
129,5076
45,2198
97,15202
70,8175
37,6376
65,2753
93,7056
44,6728
32,2573
91,11051
166,8296
54,2024
18,3981
118,3173
76,6443
90,8199
46,3093
55,13101
230,5612
27,1147
105,19787
87,8010
50,15969
54,2776
81,10926
36,2775
60,7815
33,5608
97,8263
54,5190
94,21600
94,2305
59,15145
138,16606
58,6762
85,15015
30,1737
81,10724
137,11182
58,9810
126,8896
51,1114
38,3185
77,4326
94,2584
94,5499
175,4026
214,16762
34,2106
121,6989
70,2744
79,3473
89,5183
50,4496
67,7720
45,7215
62,3127
200,5684
77,2943
65,1549
77,6035
82,4650
99,3419
32,2061
104,10803
68,2231
51,7274
52,3948
55,3248
57,5022
45,3188
53,3346
46,11063
49,6016
122,1786
96,7450
89,2802
42,1015
35,2785
36,646
95,10773
74,2071
120,4999
79,940
25,4315
108,1324
109,12022
62,2605
69,10603
90,7305
47,3467
159,1978
177,13980
114,7218
58,2258
21,8237
114,4622
92,10727
82,3352
81,11152
82,3503
128,5958
82,16538
27,1805
59,2891
53,10532
43,11543
131,1643
109,2330
43,9930
65,2522
26,6192
98,5073
58,15056
39,6696
122,7261
60,7657
56,3566
113,4527
103,11189
75,10689
25,3102
59,10746
103,1235
68,9024
161,13077
127,3287
28,9185
48,9667
124,12032
61,6842
78,8366
40,4923
115,11699
191,12781
64,2808
74,9221
185,9074
32,5216
46,5404
63,4761
41,3367
22,5661
261,6360
37,6815
47,5629
29,8814
105,4257
57,3277
87,889
43,3934
121,6726
137,2961
99,14971
57,3636
255,17574
68,3999
70,6226
105,12607
52,10779
52,2262
130,12859
98,8898
45,1550
20,1521
131,7698
69,5417
36,3652
66,6930
76,8856
65,3515
78,7651
96,8509
65,2373
72,8326
46,11552
49,4196
53,4998
46,5895
58,18813
24,4183
53,5474
60,9389
113,16063
37,1888
91,6433
64,7420
40,7197
48,2623
211,5885
82,18466
105,10345
112,13055
193,11686
67,2173
211,5798
60,9216
36,4178
67,6172
102,2698
50,3140
50,5275
83,1784
33,2709
99,1102
75,12497
68,7486
49,4141
77,9366
58,1303
119,15893
20,1185
44,2759
31,1999
69,2908
26,7298
45,20655
44,1032
77,3279
46,11851
68,3940
267,12475
99,6518
98,1658
33,8057
117,2711
56,4698
137,4162
77,897
128,14960
82,1303
102,1098
38,4855
76,5756
114,4507
86,2565
120,3415
114,6006
62,1489
31,2588
73,22457
71,13352
68,5279
61,5827
78,3984
45,967
173,12428
90,6208
71,8809
62,8197
128,9474
81,4230
51,12038
110,2873
43,16438
51,5987
33,3273
84,1413
53,4161
93,1982
58,25020
88,6860
75,15146
114,9973
100,16654
106,10009
30,7875
144,8535
99,5389
61,3089
44,5167
80,15962
63,8983
99,3565
265,8892
88,1310
95,13086
39,5532
126,9935
136,17947
54,10989
164,15794
47,10068
154,7862
90,2200
97,5780
87,3388
27,3996
75,6959
68,2923
37,4448
90,19061
112,2034
70,3564
126,15540
84,8682
26,2711
106,5030
154,7734
47,6728
76,6115
61,16353
126,8362
63,4578
144,8324
62,3335
61,3298
94,11063
44,3528
74,6247
55,2606
133,3428
35,4172
99,8944
58,6185
82,13796
104,4664
90,2115
70,2758
85,9273
64,3503
88,1719
55,4166
105,5211
99,14455
107,4075
134,11917
32,2389
134,4448
57,5975
84,1363
62,3921
78,11283
103,2248
90,16043
50,3703
124,4652
54,2180
43,10050
131,9722
71,6347
62,8061
80,2621
63,2914
69,3326
98,3765
55,1021
67,3282
59,3992
53,7014
103,2424
62,1631
164,16530
86,5148
44,2344
148,6599
60,8017
70,10415
79,14788
68,4085
114,10525
33,4968
95,4404
30,2760
47,2692
55,1644
95,2418
69,7778
83,1044
26,5857
32,4840
82,12144
34,3041
68,4089
53,11928
55,15134
60,5096
78,5948
114,3488
65,7397
51,2080
151,5111
93,1830
63,2177
91,10949
65,5603
66,6101
47,6619
57,10829
36,3293
57,13974
71,11349
38,2524
137,7428
83,6746
32,5730
91,6439
78,1383
54,13876
73,11824
47,5625
58,1994
89,4628
63,18935
78,15253
64,4014
113,3801
48,9172
73,3192
88,5212
74,3723
157,10120
24,1279
25,5422
98,6990
141,2676
73,14308
179,4561
98,3838
183,5689
60,1181
60,1552
102,13738
41,3364
247,6658
73,4563
99,2351
70,1221
70,1637
116,4539
28,6829
60,9950
69,15419
60,1663
112,13998
76,7352
140,8851
135,14538
35,18395
145,10490
190,2983
72,12296
48,3414
88,1910
59,3334
47,6997
54,9584
70,4389
108,8778
89,7344
111,5618
15,5515
52,1051
56,6889
58,17922
50,6202
107,4990
61,9716
60,2067
63,2311
73,1270
102,2764
56,13514
69,1310
117,7020
60,7859
60,4402
66,14943
76,11064
51,7770
23,5363
33,1602
63,5625
167,3021
61,4327
34,5677
78,2192
40,1550
90,6227
57,2996
197,2956
98,4230
78,2592
32,5828
83,4414
86,4194
130,3840
131,20628
185,22670
66,15842
52,1226
57,8540
120,3486
97,2553
60,2063
23,2767
79,11135
116,5587
81,11292
55,8548
58,1793
79,9043
58,9476
68,7785
46,10369
55,9601
99,6086
103,15107
84,14377
58,2696
29,5181
54,2198
119,4811
87,3788
78,13320
102,4114
69,6972
28,8795
112,13653
68,12816
104,15661
46,5381
92,2308
53,3842
120,13858
114,1175
60,5078
119,17861
33,3425
50,15841
36,3698
97,3285
62,7727
42,2313
107,9147
78,19169
84,1261
33,2780
86,6326
96,1535
147,1445
144,5506
48,4537
97,9799
84,8183
56,18107
30,1656
69,20377
47,4823
38,4214
22,1195
29,7771
128,4172
47,2051
64,4827
55,4303
52,3717
99,2544
49,8450
31,4795
47,4656
69,7302
17,4826
93,6729
136,6434
85,12413
50,1188
67,3287
24,573
49,11846
88,10607
54,3017
145,3013
98,8333
77,8913
70,5822
24,2013
86,4865
115,11802
46,1983
61,8210
51,9923
28,17727
66,3659
71,1201
110,5182
49,6917
84,10432
72,14566
28,2563
212,3917
45,8688
72,3544
61,8226
65,6823
78,4877
53,12369
67,1160
152,1254
166,3817
71,1870
78,7632
74,1937
30,4637
97,5508
78,9009
61,18987
41,9935
46,5768
116,3446
90,11106
110,12078
127,6534
57,5215
24,1054
18,2641
120,3239
35,2678
85,8407
94,11856
112,8460
66,4246
111,1737
52,6261
113,7049
61,5644
67,2041
50,7306
31,3307
34,1289
51,12717
107,11979
121,18329
71,8133
39,4068
47,2123
97,4531
51,4302
82,7574
87,7543
42,2676
131,13151
70,8661
36,7155
47,1250
181,11477
46,3674
30,13778
57,2780
62,1963
23,2678
74,8851
90,3538
108,11102
88,1303
41,4325
77,10121
80,10104
172,5603
42,4522
50,8217
44,9554
42,3778
106,14834
114,4168
112,4112
55,4942
349,15961
126,9812
22,2963
194,2840
33,4043
88,13429
35,2181
300,2038
118,6405
143,8558
107,5466
84,8020
125,20083
230,6437
100,2630
107,12772
118,9930
30,1136
54,4296
47,6422
65,4715
59,1970
114,1493
103,4617
69,7697
124,4505
79,8086
70,8723
79,7462
132,9886
104,6956
59,6440
125,4817
58,3127
113,18175
54,5349
71,3688
53,5373
73,7950
124,2988
45,2612
149,14881
168,13487
54,1559
52,15164
65,2984
162,14694
136,4509
61,3810
78,10606
103,8469
68,2801
190,17060
116,7789
74,7232
35,1843
29,3343
85,1708
53,3059
57,8690
27,1848
58,13998
81,2993
62,2181
73,4616
43,1778
58,3541
166,4233
49,5329
72,3887
76,2673
66,1659
89,1883
48,3951
91,17013
178,9047
52,1061
10,2176
154,14376
131,4098
32,3307
73,4881
107,17675
45,2479
53,8130
59,11070
81,4615
141,4788
32,2392
111,3242
40,10089
43,2479
48,3946
87,7821
49,2975
46,5899
85,6273
135,14855
86,8497
37,9195
50,5145
63,4477
116,2522
35,3247
80,9241
78,3005
41,2187
55,4150
197,2318
41,15653
100,1950
16,1477
98,8288
522,14061
104,10314
60,17935
81,1838
114,10187
50,5388
30,9983
98,8737
66,5398
82,3634
62,2613
56,16602
63,5037
63,7807
74,12201
124,5914
88,1706
39,3863
70,3208
66,8612
116,2209
177,11611
86,5965
113,11101
98,6572
38,11607
54,3660
60,4848
58,10909
30,3680
52,5529
40,4163
36,2169
113,9205
26,1932
73,4769
40,7875
113,1920
57,5250
62,6576
186,14407
64,1248
86,1473
117,11012
49,6140
69,2172
44,3018
45,6116
34,1572
40,2347
56,2710
53,4121
47,7187
95,9400
111,13092
76,3922
172,10160
107,2267
53,6766
70,7281
134,17957
71,7583
50,1591
27,6027
108,2982
126,6235
110,2084
167,3045
86,1383
47,5398
33,3443
173,4647
59,7497
85,15364
151,6022
57,2166
64,1410
56,4520
61,4108
80,15170
87,5273
361,16261
34,5930
81,18910
39,1179
39,1366
95,2188
63,3718
148,5661
51,1868
167,4299
61,2394
125,4247
76,6543
115,3964
134,8463
122,13645
89,8004
79,11638
52,11652
43,1486
48,8972
30,1962
111,10962
104,12022
84,2382
50,14872
111,7844
72,11973
87,6144
71,6439
146,7716
56,4518
61,10039
91,13233
91,3104
63,992
23,1090
15,1197
45,11607
40,2133
56,1546
80,6295
98,2788
117,4865
54,6968
136,21556
66,1023
326,2713
89,11508
114,4840
34,2211
76,4559
20,3075
35,2930
26,6894
180,5414
43,7221
84,3096
146,6769
79,16325
28,3037
135,5725
129,3757
52,3710
42,2429
29,3632
51,4163
62,11042
98,5089
29,3821
106,3627
108,6472
92,7353
73,2858
25,8958
39,3212
107,8346
76,1035
68,4446
20,3011
54,9650
43,13084
104,4269
61,12657
72,16770
111,8784
48,1971
69,15761
145,18558
40,790
73,6317
45,4665
107,10961
45,3176
75,1156
70,1469
47,9562
74,3110
58,3251
32,14702
47,13904
60,2330
121,12716
202,7560
59,3081
43,2278
27,5384
78,8369
27,5450
45,7670
57,7760
19,2342
65,12249
107,26075
79,4832
37,5240
68,17266
36,2895
116,4907
50,6405
24,2249
65,3183
75,1261
59,3216
111,3668
85,10648
55,3366
37,1241
34,4645
74,7720
94,1883
105,10709
66,4274
46,4806
139,5450
105,14179
120,2919
77,10586
76,15603
88,1090
48,1010
53,5368
41,3285
53,2231
28,2718
88,1860
45,3382
47,3140
22,1831
81,6019
120,9386
63,5441
100,4715
71,9956
94,3497
108,3653
71,6621
86,9489
70,6792
62,3391
75,8110
37,4104
54,2378
104,4629
63,16364
67,24320
86,4788
115,4390
23,1536
133,15448
81,7845
29,7631
62,6973
74,1023
140,2035
69,9708
60,8684
96,1886
41,1539
33,2365
48,3043
87,10104
45,11873
42,1818
52,9830
129,14773
139,2829
52,2628
111,1799
61,5950
139,5440
118,11824
315,4193
383,1856
65,4109
45,4836
72,5779
68,3470
80,1707
69,2172
24,2829
59,6488
55,2397
85,2156
67,763
66,1292
77,10488
98,7219
52,3829
102,4672
93,8632
52,2154
31,2646
61,2353
44,3544
122,2081
44,8661
135,4724
39,3182
97,2960
113,7804
50,5254
70,5545
94,15531
291,16459
152,13875
159,13669
46,2238
84,3221
26,1726
50,1340
55,1195
66,4433
36,4329
29,1897
66,2732
95,8485
146,9660
115,9331
86,2487
64,4765
79,2408
269,7484
42,8248
94,1984
94,11619
128,9182
421,4274
53,14004
81,937
79,2918
72,15583
139,8852
107,6094
108,14147
37,6207
43,2901
49,5714
135,5195
39,3350
56,10142
72,8660
66,6395
151,3410
62,6943
129,15882
84,6594
92,13146
61,2825
65,26511
68,4062
79,2009
137,14280
156,14214
98,17576
63,7271
97,6174
106,5838
105,2014
85,7871
57,3243
40,6899
51,12843
76,1995
39,9377
43,5853
220,2831
56,4124
76,18218
130,7007
44,4419
83,10847
25,5827
66,6467
105,6405
230,12153
130,9337
103,3182
124,7362
70,14695
57,3912
58,3825
120,2717
96,6484
51,5888
38,1589
23,1327
50,5339
91,11719
60,6634
144,4234
142,2939
29,6463
58,5814
89,4926
78,10197
203,3459
48,662
75,1898
97,12728
58,1396
124,4988
77,10814
100,3950
87,5667
116,6074
55,6796
51,2485
45,942
61,3417
27,1764
104,2943
95,2669
71,5892
93,4093
22,1797
73,5196
127,3089
67,5001
70,11052
34,3013
110,9321
82,5760
44,2267
173,3656
17,6723
33,1924
39,13239
84,11752
82,6300
39,3225
58,2488
68,1623
112,3611
53,4537
44,6609
38,5751
95,5332
46,1567
62,20139
35,2899
55,2766
242,13980
34,3776
34,4728
83,15397
111,3832
29,5246
64,6872
117,2473
51,9862
46,7128
76,15771
35,4135
51,2949
134,5940
63,2642
56,3858
56,8102
225,11747
71,4985
84,18648
65,11881
60,21090
83,2852
64,4401
286,4408
45,7736
40,12888
78,5106
67,3602
115,13479
52,3157
75,4557
86,15514
55,8550
34,5346
76,9564
61,899
46,1113
49,5169
97,12736
78,5242
98,15047
150,1863
35,7559
151,2556
79,8059
145,5083
111,2359
79,3458
63,4330
38,4845
64,4362
32,2399
178,13644
84,8847
97,5433
117,2908
55,12254
164,4097
112,6244
96,5238
156,15569
42,13602
46,2154
51,12202
133,5203
42,11879
74,5151
69,1369
77,4351
80,5984
75,870
100,7590
48,1806
90,3214
76,2576
55,15073
67,6155
80,6551
65,15030
64,1880
19,1653
144,9175
92,15179
44,7044
64,13156
104,4861
92,6338
60,6989
33,1649
56,7597
19,1052
82,1704
56,12408
41,16802
70,8562
52,2911
61,7440
50,18269
21,1964
175,16808
66,5184
56,2108
57,2074
51,8125
198,12193
57,8843
46,3645
21,1610
137,2246
49,9563
97,13617
38,2869
191,4247
72,5484
69,7392
43,911
39,8735
50,6255
35,2723
35,3054
92,13157
47,1182
126,17799
39,3239
128,12931
90,4810
19,1198
97,1674
40,3269
52,4906
76,4528
129,9377
24,3258
108,8576
101,3265
84,2790
45,6914
118,17899
68,1714
104,4701
85,2605
43,3474
73,3714
122,10614
52,3132
149,2841
66,2640
106,14527
45,4894
54,8447
94,3536
172,7730
47,5729
175,6265
110,10293
73,5201
82,15773
142,4057
29,9488
24,7759
75,3618
67,11503
155,6526
40,3328
85,15172
46,1383
66,2061
109,10265
67,2932
58,3127
61,4587
72,3430
49,3881
102,1348
158,4750
85,933
41,3299
113,19163
58,18582
87,11450
45,4518
46,4784
44,3841
75,10849
48,2533
31,5595
53,2379
85,2680
118,9521
82,2947
51,7082
52,7454
74,1573
58,3808
55,9314
127,12932
57,4577
68,1227
96,8547
49,6716
19,7732
58,2022
192,7409
265,8185
62,3118
53,4643
85,7367
39,5558
25,12321
23,3642
75,5409
73,4794
34,1917
57,16361
114,10119
88,17766
31,4604
54,2543
115,14843
119,4497
37,5327
69,2462
60,19686
125,5152
75,13482
68,7493
57,3109
179,4975
80,1068
68,9673
109,4835
137,6460
113,3765
74,9999
78,11164
109,6999
80,5136
85,4436
83,5433
91,14680
69,5692
81,13381
137,19367
72,12608
97,2018
110,6755
37,1764
46,3793
54,1569
72,7431
75,15070
80,2779
133,4999
110,13610
225,3509
114,3225
55,5356
63,8802
114,4950
481,4726
61,2609
59,1083
72,7611
101,19609
264,18607
238,5711
137,8901
131,3855
50,4197
42,14894
89,21248
26,6121
97,6511
96,8667
161,6090
93,10478
55,9194
30,5901
187,9758
101,15294
56,7322
129,16159
44,10890
101,10839
154,2581
79,8495
123,8320
169,3818
171,17576
44,3612
41,4367
83,1935
75,10611
104,1592
90,2510
60,12317
116,3015
58,2509
67,3736
76,11370
76,8269
118,7760
32,4328
51,5848
15,13472
109,9973
84,2033
103,12783
79,6665
64,4354
126,5077
76,12708
74,8842
18,4779
94,5655
105,16379
64,5549
89,3566
73,7888
135,5567
118,13157
132,11874
113,11134
85,5571
95,9789
102,747
16,5179
17,2032
65,5059
100,19813
126,12896
122,7537
29,1951
86,4628
27,1589
92,5496
78,2818
23,6491
111,7293
93,6106
71,3248
81,5267
75,14164
62,2278
127,15961
36,2794
82,7416
29,11961
86,16303
63,9746
66,843
51,4109
85,1711
54,2087
151,4524
42,1746
79,12655
102,9489
37,3127
80,1475
61,18220
284,9944
75,1804
66,4248
71,4252
120,6291
63,2725
46,4619
71,12614
105,3625
81,7687
93,3950
78,8066
62,2934
111,14606
42,2167
206,15243
73,8254
68,7618
115,8803
88,2587
80,1706
64,1253
93,7944
84,6135
137,4424
80,2263
146,3374
52,4882
42,8431
79,2213
98,6251
125,12536
49,12403
87,3414
233,7068
86,9281
114,17125
66,5818
117,6243
80,2919
63,5417
61,5456
32,2600
50,5301
19,2471
63,2671
17,3969
35,1947
37,758
120,5964
118,7190
166,15513
134,11467
123,17787
74,6207
65,6169
80,3264
38,4534
59,2837
52,3285
93,4505
24,1995
75,14190
41,4030
47,5722
65,2091
41,3727
66,1954
46,10739
127,2984
55,7468
181,10638
74,14758
50,7649
79,10760
78,7398
113,3783
99,5578
120,8884
59,9698
73,3113
91,23212
113,5959
87,5802
37,1391
61,1412
45,7168
140,3252
74,12150
76,1984
24,1703
105,8561
72,1873
123,3350
35,8682
69,5276
96,2853
93,2369
98,2556
49,5508
69,6208
180,3686
108,1431
21,1760
168,8039
103,2144
37,12060
61,2174
46,4281
35,3320
123,12026
61,1960
53,11163
57,6621
51,2876
61,5659
164,12330
47,8548
86,2222
129,8845
61,2970
110,4963
144,9618
106,15521
127,10707
47,2128
109,2526
127,6462
175,8867
51,1872
48,5670
61,3656
191,1894
102,6873
51,2280
55,9123
96,2552
128,6965
62,13480
55,3557
77,6847
70,15917
65,2356
40,10739
30,5993
137,6923
61,2882
116,9208
30,5111
81,9753
37,6632
86,13851
46,9659
29,3930
63,14749
44,1860
109,1662
55,9657
112,7104
149,6769
53,1923
66,4292
41,5328
74,14651
24,6755
111,12557
73,5102
98,15097
29,2254
38,2707
46,4543
48,1776
26,6053
70,5188
74,1052
76,9181
75,2045
53,9368
29,1754
41,16978
107,2785
37,6361
78,5331
37,5442
143,2397
100,7636
89,10117
41,4453
72,1954
30,3353
63,6545
23,9940
99,12515
86,12752
106,3814
32,5057
161,8425
34,8333
42,14836
112,3993
84,9554
103,15089
56,1601
143,4945
46,7388
53,15516
54,8255
87,8579
66,1551
85,4797
66,5171
20,13101
70,10342
199,14908
47,7516
46,3173
85,9987
126,3056
26,2580
146,5991
77,2255
97,5483
72,1477
139,10511
33,1978
49,1258
72,10933
100,1543
53,1994
63,3634
61,1075
53,4112
61,2825
108,5678
128,2540
57,10066
88,7229
41,5653
68,4467
35,9430
26,3111
61,3440
62,6041
66,3656
84,5422
40,9225
127,1538
63,17501
22,4653
45,2914
63,5744
145,23784
91,8571
45,4328
80,4835
65,10309
53,6587
96,2256
58,2390
52,1113
110,2740
65,1317
205,12208
49,9358
139,11394
30,6387
35,15278
87,10037
65,1557
37,2232
108,2846
115,2763
26,9170
127,20043
37,3486
156,6161
81,14294
102,6116
65,1545
32,9233
107,13139
90,8473
54,6740
42,4147
68,6326
55,4232
97,11501
41,1179
150,5595
121,3291
126,2287
35,15305
53,4789
48,3635
21,3514
54,19934
98,10409
105,10999
42,3593
100,8513
65,6220
88,21760
45,10790
38,5119
118,3847
91,1700
22,2508
82,6962
89,12603
40,1452
154,8631
77,3702
86,8566
78,11384
125,6303
704,7588
42,1437
103,7511
126,14535
134,2364
60,6410
36,1434
47,7544
96,2869
38,4671
63,5584
75,3035
89,3021
82,3370
198,7310
53,5193
21,7813
82,1023
74,4387
69,2773
57,8425
96,4167
34,3123
97,9981
186,8275
50,6630
60,1206
142,14497
69,8080
88,3701
125,2363
41,3247
90,13810
61,4346
51,11087
106,19737
53,3886
12,5840
53,6806
102,5207
66,1608
63,1592
42,9087
116,13914
63,10550
62,9846
53,2870
132,4928
150,9295
95,4168
36,8136
91,846
58,9135
61,3701
83,7850
61,16574
20,3269
141,2253
85,5297
130,14280
67,7657
22,3120
85,7648
319,5284
51,9165
51,3490
204,5178
48,3990
50,5734
61,11683
106,11220
87,1934
57,832
24,11329
40,5911
67,4072
136,2050
66,7764
97,1659
86,5616
89,5640
58,16091
51,2466
81,6813
138,13570
44,3734
119,11417
58,2690
44,3211
266,5825
65,2267
43,9585
85,4955
47,12514
26,4153
92,14615
50,2342
39,2142
110,14721
39,6203
122,8146
62,5571
30,4166
47,7511
38,8701
36,5231
142,9830
132,9729
50,1531
150,19302
105,2625
69,2929
63,11241
66,4058
52,3821
142,6691
45,3711
40,1931
53,3098
23,2767
26,3167
120,5474
55,2486
14,1868
102,1247
61,10326
43,4735
41,3261
184,5182
81,4910
107,5318
173,3663
46,2649
125,9734
114,15784
30,3698
133,9045
62,8095
95,10906
68,1365
60,6587
42,2124
77,2219
71,4049
66,1205
103,2189
56,3281
87,7611
73,2643
41,6806
128,5926
104,1096
33,19674
35,2555
23,10259
79,14499
35,3056
35,2884
46,3448
107,2142
38,1516
113,5358
127,6831
69,3980
44,5548
96,8207
43,7611
71,13968
80,2808
38,19802
78,5506
155,3054
70,2361
67,10458
62,1939
36,1184
47,5813
92,14010
62,6174
120,3998
53,3717
79,6761
96,11991
56,5568
42,7804
53,1791
60,1842
54,2065
60,7388
70,3206
162,3673
112,11278
49,8943
128,15247
45,10547
109,4367
60,3739
44,6967
140,4525
124,8908
105,7631
231,5295
74,1330
118,3806
36,2471
40,5917
32,1334
53,1519
46,1927
118,20770
177,18588
39,1989
76,9863
38,7365
22,1881
41,2857
80,5595
38,9243
127,2965
80,936
63,1383
72,16170
102,3953
32,2163
74,2046
60,21356
68,11215
53,3308
77,19438
45,1702
97,7892
91,4180
26,4080
43,4093
125,5954
38,2589
70,6700
32,5571
46,11338
81,1873
53,2216
35,3236
37,6503
120,3368
41,1078
92,4464
39,1353
54,10136
49,3705
55,1674
81,5803
518,4849
56,10972
85,16891
90,4160
78,18554
34,4826
105,11991
43,1963
111,8504
108,2807
94,3847
78,3059
168,25005
79,19345
66,8766
23,3833
80,4824
30,2169
70,2168
74,4854
140,4039
30,6612
49,9878
56,2814
101,4876
55,2355
38,3692
81,3119
83,3102
51,5839
189,16229
125,3251
100,2402
93,3682
90,22497
63,4777
60,5804
109,6826
119,23169
86,2143
120,3894
57,4912
73,19299
88,5551
121,15718
42,3036
138,1828
186,18506
52,2004
38,3380
55,6769
113,2309
236,4325
99,5532
141,2940
39,12041
187,3073
69,4449
121,6455
99,12779
54,4847
98,18086
39,1527
101,18828
36,5670
74,11884
36,1085
142,15356
246,9732
60,2733
59,1212
61,5556
108,3293
55,3647
119,4110
40,6601
121,2385
76,14899
195,20026
79,9443
164,5779
64,11609
73,7832
98,3007
76,5595
120,18584
107,16532
84,3442
34,14221
96,12978
381,4595
135,4762
113,7991
72,20105
86,1955
50,3824
29,1797
65,7407
43,4525
101,3833
86,3513
28,721
100,1754
78,13696
66,5726
208,14836
30,5159
56,5226
71,4089
85,11035
113,2085
19,5893
79,5138
52,3725
115,7640
91,3098
107,5967
31,1070
31,8356
38,9081
83,2795
18,3934
91,6976
20,7931
70,6579
95,1175
37,5640
27,2723
95,17545
47,5005
53,6757
47,8566
74,2970
60,4313
49,1776
122,4914
88,3169
79,6677
100,7026
60,7409
57,3938
62,4745
93,8465
96,11733
57,3662
28,2537
43,5141
99,7108
61,10839
81,10986
97,4708
202,9418
23,2867
137,7633
56,6384
91,2704
62,1564
95,3321
110,6351
172,15591
64,1683
71,6282
129,3281
126,9199
24,2808
135,10179
130,3786
49,3886
50,7850
69,6217
45,22454
184,9607
163,18203
47,3996
27,3196
112,15755
33,2443
132,9536
86,13274
98,3327
43,3899
47,7040
76,7245
65,9786
70,16831
91,15632
18,10914
76,4476
144,4370
110,2784
39,1554
71,1555
15,3642
93,1899
117,6910
67,6981
132,9401
75,8114
50,3615
84,6822
123,7211
54,5369
78,2967
46,7209
97,5476
42,7803
109,8761
73,1191
70,9503
182,10256
79,1241
69,2919
46,1648
40,4372
56,4745
57,1907
29,2152
43,4685
77,12557
72,5489
63,8647
97,5455
136,10263
52,1718
72,5657
33,3720
105,8006
65,12357
32,1838
194,2613
177,9726
106,1993
46,3732
65,3968
69,1788
101,1660
71,2247
165,14115
122,16407
105,3078
94,10109
35,5924
70,14450
73,7980
54,3943
83,1471
172,4115
33,6628
69,10276
56,3137
37,4811
136,5428
125,11663
59,5365
92,1765
61,1560
82,2094
84,5172
31,2919
70,3272
87,15084
85,11132
235,6155
76,7750
51,8554
53,5756
138,9371
51,2003
85,5064
44,2255
115,1482
15,6424
43,13087
127,3621
79,13351
54,1236
88,3786
118,5811
51,7145
89,5772
53,5376
36,7928
36,3437
69,6950
33,3403
102,2838
67,6165
67,1420
49,5117
45,18552
84,4475
102,8245
80,5247
99,2361
31,3000
75,6420
51,4856
98,6789
83,3174
79,11472
133,7862
152,16177
52,14328
35,2563
41,14636
12,2707
38,2331
61,4465
159,15520
57,1783
83,7071
100,2504
125,5506
39,2967
72,1834
129,8418
79,7911
80,2062
123,4898
68,3096
62,19367
126,3593
80,6923
179,12243
121,2417
129,3963
22,2691
114,10696
77,8973
43,1761
42,2517
73,2881
56,4733
46,7002
129,11785
57,1842
82,1641
66,9164
96,3586
73,2062
50,4093
127,6755
61,9494
62,4444
215,9603
46,7991
32,5828
96,2825
40,1791
101,11777
17,2114
86,8289
40,7176
95,7249
69,9935
35,3669
38,2615
57,1277
148,6040
37,1746
74,6627
27,4968
49,1711
72,2455
74,2015
57,3148
33,5724
68,2582
59,14782
92,2811
48,7030
60,16845
36,6701
119,8653
113,11424
57,1266
35,3428
247,10839
46,4853
67,8564
51,13163
26,2393
135,14505
57,4596
94,7407
106,16291
56,2822
87,1530
124,18490
86,1671
77,2922
58,6754
27,2487
73,1959
35,14876
51,1758
85,8067
53,3050
146,12037
93,2162
31,2058
82,3136
48,5261
53,2167
48,9555
85,1800
69,2128
104,2498
137,8576
78,13546
103,3395
42,7051
124,17628
51,6918
77,8389
36,7134
65,8363
99,3633
25,1804
64,4841
91,7140
95,10289
71,3884
81,3715
40,7787
23,2307
89,3911
27,1160
147,2906
57,2008
38,3323
45,2848
119,14953
45,2082
88,8556
145,9549
152,2719
61,1864
103,21373
37,2923
47,5397
106,5314
86,3442
98,6043
105,7603
103,18585
32,1647
57,3380
96,16880
43,5789
42,6959
90,3876
88,7586
62,16920
33,3351
39,1988
62,4754
47,1200
56,1172
52,5106
97,12539
65,3757
34,1761
60,1058
147,18427
78,10839
76,10994
98,4833
90,5466
14,1900
69,5451
134,3657
124,6974
56,3319
63,3980
73,18360
34,6269
75,3985
39,2023
39,2561
150,7800
43,8883
84,1522
24,6862
58,5243
82,4135
62,4962
132,2782
84,4610
127,21198
52,12621
57,3044
32,4871
51,3575
24,2495
89,7484
73,15761
74,3247
131,8075
185,13776
75,10015
81,9041
84,4969
92,1449
181,4374
87,15094
116,1933
37,6475
134,21433
161,13098
149,4428
86,18142
177,9317
97,3458
89,7866
119,5492
108,1874
27,5754
93,7859
107,10339
38,4463
123,3689
132,4546
50,6862
38,2193
130,12319
96,14024
59,4606
36,9508
148,11688
73,5170
72,1842
37,2026
64,12978
53,4937
110,4564
49,891
96,12243
50,1275
28,3329
38,7875
58,4554
97,6548
18,2194
110,3325
80,5353
86,5942
139,3336
61,9660
18,7000
46,2859
40,3315
76,2047
48,8207
101,3979
55,4273
80,3220
47,992
143,11244
58,8096
94,9071
104,3571
102,2398
49,1175
68,8768
77,3456
41,7768
66,1312
153,14012
45,5533
23,2684
90,10348
57,1325
122,4216
78,1547
50,662
133,3545
80,1483
57,1384
54,5958
88,8935
40,2498
95,12672
39,2033
42,1173
43,1521
72,6393
118,8418
56,9956
109,16966
43,13740
153,2163
42,4715
68,2810
78,2378
89,8721
70,8997
53,1720
85,11691
118,10341
114,5535
88,15519
117,8593
80,7858
92,8306
156,2300
46,5699
164,14147
92,5559
73,4235
49,3885
52,6463
95,2381
79,7490
91,4061
47,8936
110,2457
79,7337
34,5550
61,2194
54,5390
125,15095
159,12539
62,3070
55,4832
39,3634
29,13444
161,15393
158,3711
31,2143
27,1872
109,6642
71,15383
59,1468
152,8167
54,2254
48,7132
59,4101
51,15029
156,14199
29,4905
67,3184
42,7903
145,2891
150,4010
156,11137
62,3790
40,3022
50,2689
120,7656
48,1896
33,3427
250,11872
64,12361
31,5586
33,5003
19,15786
83,13241
55,8384
50,3343
38,6316
143,3953
79,4902
87,3928
78,8215
148,2134
56,3658
77,2499
38,5400
48,2988
83,1461
79,7808
181,8807
127,5968
36,3892
166,7866
74,2443
114,8231
110,3319
70,3485
107,10118
57,8474
111,10200
81,9432
70,6354
42,2257
69,7494
63,7299
61,4163
144,4619
67,9087
53,2134
49,3651
30,1478
91,4679
163,9042
75,9098
64,14035
88,4481
46,7130
86,1989
70,2095
88,5342
77,15663
72,6610
56,11455
110,8656
68,7657
43,4910
41,3080
106,3335
55,15107
112,3647
48,11028
96,3112
62,2536
68,5469
183,10092
35,5042
262,20469
33,3143
63,2218
92,1283
123,16581
112,10949
59,7010
48,9333
35,2400
37,13463
75,2833
85,1032
57,6991
54,5652
83,7988
85,2804
56,1244
54,16141
35,1598
94,3714
105,15620
64,12135
44,1344
23,1181
34,2990
118,3989
51,1397
94,12654
128,10040
43,5432
61,10892
57,12157
175,3180
36,7131
65,4901
68,14591
27,1587
67,5539
42,6174
39,5046
127,19263
70,5068
150,9440
234,14918
51,4577
86,6771
32,952
41,4757
30,4068
68,5450
40,1655
134,12255
42,2132
30,1942
65,6114
94,12226
75,1896
38,16225
26,7548
112,11022
102,3963
45,6262
83,12622
119,11613
87,2840
160,4617
74,1018
41,2423
41,1506
61,2234
60,4934
60,4948
24,2650
60,3547
62,1806
129,3807
92,4227
48,2089
49,3430
66,3160
61,3162
125,5045
160,15423
57,9017
31,12537
52,4736
54,5749
40,4481
78,13885
57,1910
44,1373
216,8761
30,4105
100,14464
57,10747
30,935
23,6723
63,9918
166,17031
86,10808
71,1565
162,7738
56,1256
71,2976
144,13143
102,1676
133,20381
84,7808
113,3942
71,7655
39,9538
114,22922
111,13116
144,10049
108,2452
39,2244
21,1913
138,8692
87,3853
86,6721
54,1586
31,1894
67,12646
67,4273
38,1945
44,1181
42,11803
25,3825
50,6532
23,2309
35,1248
61,14360
44,8129
45,4524
100,8548
58,1322
27,1701
119,10331
49,4174
78,2542
37,3349
128,7244
52,4061
48,1699
179,3284
68,3807
193,4709
46,2914
61,6356
44,1708
87,14053
139,7840
55,10328
103,12096
96,4018
63,11848
37,4058
39,4943
48,26236
49,14845
56,4781
175,16850
44,7871
203,2473
63,7006
64,22466
231,4297
50,3715
78,8582
128,6233
47,3156
84,3403
64,9571
87,15816
26,2678
121,5872
36,1457
75,16670
84,1987
269,7275
53,10082
87,5483
73,13240
33,5262
95,768
54,6457
105,3045
80,6894
48,1272
89,12671
49,2925
183,14212
91,20295
90,1548
68,4452
76,16911
58,7913
59,4929
128,2477
117,6256
57,4082
118,14961
67,12803
133,5462
81,6524
116,23413
442,10660
77,2684
46,3949
60,7039
64,4082
51,3312
61,1164
121,3911
131,1007
38,7181
99,11981
88,3179
99,2454
87,14520
100,9438
90,5424
59,3041
38,3103
58,12800
42,4460
33,12072
74,14474
114,8300
118,12878
61,4938
45,1338
32,2420
51,894
53,5279
99,4285
39,2060
148,12534
34,9661
22,1900
64,6153
83,10220
80,10598
82,17087
51,1464
48,1025
72,3179
84,10035
40,1322
66,13201
82,6369
36,6257
86,2453
134,7546
77,1691
40,2633
33,1171
97,2904
65,2297
102,3199
56,15287
69,2338
62,3799
68,917
51,13008
62,5397
46,2606
45,904
57,8430
50,3943
76,8211
268,7887
51,3971
238,3543
67,10537
60,7409
55,10119
70,3063
40,3541
48,2140
104,2226
251,3370
86,5782
70,2817
71,2932
41,1895
80,9691
135,17279
36,2998
76,5257
88,8628
53,1300
87,1657
60,5019
98,4587
53,3238
50,5214
63,2269
41,14108
65,14630
64,4614
59,1917
77,5932
44,2992
81,1758
60,5754
45,4113
39,5884
45,5346
49,1413
28,2515
38,1461
31,9446
115,2984
92,6125
172,11081
69,1963
160,3402
34,1554
82,14742
93,4070
160,6851
70,6751
78,3346
169,6408
40,17117
16,1346
74,4557
92,14682
62,5814
113,2677
76,4126
90,10015
77,9470
78,12510
92,9690
111,12035
50,5703
63,13762
58,6441
45,7907
88,11628
61,6184
163,18825
211,9013
24,16782
97,3696
94,3681
27,6106
79,7475
307,1431
65,8993
65,5398
142,17573
78,1814
37,2905
32,1694
60,9449
66,6757
62,9700
62,6090
28,5855
40,4327
136,7160
72,2775
131,4656
106,3692
128,13870
105,1456
156,2909
106,3084
58,3933
46,8180
49,3786
36,1684
83,12157
161,3135
35,10632
87,5181
139,2436
34,2321
63,759
138,21825
158,19050
96,8512
66,2208
59,1540
79,6475
134,2305
55,7741
157,7154
86,7112
168,3081
77,14832
14,3258
47,1652
115,16723
56,13001
53,2068
26,1513
56,2112
141,2790
85,5445
55,3274
91,13544
79,11805
44,14347
61,13810
70,2459
46,1249
72,4256
47,6402
70,6834
109,13698
41,7986
69,9310
36,6823
46,8927
82,3988
35,3082
133,6913
53,8249
63,10567
43,1491
70,7455
103,8474
39,2681
162,7786
99,11178
53,1599
68,6875
34,3595
78,9575
73,14492
155,14021
52,1757
60,5215
56,12923
90,6191
64,3351
77,17805
40,2692
43,8311
44,2914
22,1452
86,8776
88,16876
187,3840
27,18151
24,2726
42,3390
50,1968
60,4362
61,1302
129,6686
66,10098
43,7791
161,8262
46,1452
31,1377
32,1687
127,4370
166,4901
34,1863
106,9070
52,5620
47,9086
177,6185
115,6473
48,1179
82,4410
96,3306
87,4826
57,1884
26,1878
75,2512
222,2232
64,8125
52,4655
83,3981
74,8596
157,1703
90,3719
58,8825
48,3235
164,2926
98,7121
21,1454
211,7229
97,3852
142,9329
61,10301
60,8933
30,1205
53,4836
108,9097
90,13298
91,14554
39,7205
65,13760
68,3270
57,1824
68,3549
75,15195
140,19512
118,10148
106,3973
23,6947
55,3035
45,3663
39,7015
22,4632
90,11152
66,7913
74,12075
63,3807
121,3962
170,7386
238,6243
29,1844
84,4824
109,11249
191,14978
88,9901
98,3605
87,3702
60,4066
69,5286
95,17577
79,13200
106,1317
36,6241
68,3091
91,1392
53,4353
124,3202
96,3758
91,13343
104,9976
85,6377
41,3414
45,4243
126,8225
102,4038
107,4223
83,4356
77,4750
70,13450
109,4154
90,1319
42,7074
96,6936
70,4101
88,7469
138,2726
40,2591
66,4188
45,10648
57,1451
27,9114
39,2497
62,2065
191,8201
72,2707
69,3273
54,2203
69,4173
80,8455
32,5662
55,2497
53,4111
71,8751
31,9360
64,1288
96,2077
54,5710
133,9122
54,4730
39,3179
91,2628
57,1459
51,7178
80,8997
99,7026
38,2252
14,10816
72,3004
37,7722
33,8689
49,2850
22,5110
41,3992
36,3170
43,7342
213,5308
114,5583
28,15948
75,5346
90,6017
70,9288
69,9267
97,13198
102,7268
41,1028
133,21624
184,4483
85,637
56,11872
91,4557
40,1494
53,4842
19,3864
38,1836
48,11678
64,10275
68,2926
49,6528
59,9363
100,14797
128,2125
37,13265
38,8703
93,5459
92,6903
33,6816
58,3812
87,11412
58,2606
131,16073
47,1198
121,6621
172,4108
92,7241
110,3309
65,10785
79,7137
49,1974
88,1034
96,5852
71,9875
57,1980
64,3310
112,4172
59,6163
141,7415
78,4224
119,6124
73,5549
163,6300
51,4434
31,3709
82,1704
57,3907
83,11498
30,4029
47,771
160,1968
307,1745
94,2738
74,2218
84,1219
151,12063
83,2793
174,5671
53,2734
35,2449
29,14148
114,6784
115,14243
120,12031
49,2525
60,5635
164,6041
44,5034
58,19321
111,879
58,2110
71,4548
125,2025
42,4147
249,6421
43,4943
130,11518
72,7547
36,7187
95,4506
86,2574
63,13021
35,3100
60,14452
83,2782
87,21280
44,7175
66,12577
45,2645
71,9686
46,3188
55,13345
36,4715
45,18706
101,1662
59,13158
51,7706
30,5022
63,5036
47,8908
128,5491
63,16847
144,7113
60,3456
50,2924
80,9354
66,4154
147,13043
95,4171
58,1872
105,2266
401,1845
93,4111
138,2516
87,5438
79,2254
74,5286
82,13178
46,3267
105,7729
60,23060
14,2730
64,12389
44,5597
103,1971
64,10047
64,3831
43,1731
61,4139
67,7741
46,6587
60,1479
14,3210
148,6618
87,4922
101,17069
118,3443
61,7048
59,13812
45,1953
87,11155
63,11941
50,4731
80,7829
96,4982
35,12311
106,4316
97,3451
50,8450
67,4864
73,4587
80,7277
20,4928
72,17711
74,3757
44,4873
60,2390
100,4479
32,3037
52,7427
137,9950
73,9925
38,964
47,3975
89,4787
133,8399
77,4954
90,6994
33,2031
46,3417
64,4275
56,1145
40,5719
67,3638
115,4313
31,5603
44,3151
41,8392
31,9386
37,5030
61,4419
96,17423
93,17049
51,4943
60,5161
78,2609
36,7712
89,9110
47,8711
40,1839
23,1494
68,5949
88,3646
107,20838
72,2509
46,1021
42,4775
250,19856
101,3522
48,2702
49,4364
135,13069
48,14203
35,1665
35,1114
23,4327
99,1703
63,3143
119,17635
107,11179
93,6999
59,2444
48,17915
131,5039
77,6944
67,8154
44,8241
85,4284
86,1446
147,13795
42,4137
39,2895
77,3728
68,4625
103,10766
37,1969
67,9407
131,956
120,9802
34,1247
66,9662
43,12804
44,8988
47,2330
74,16384
52,2258
76,4990
41,8587
56,6127
44,1711
124,13875
71,3877
27,7802
70,3129
250,16920
95,1351
27,7548
52,2707
11,1766
44,8170
47,4324
45,1725
38,15653
43,6008
33,6827
56,8569
75,14946
33,2768
82,2164
101,11063
63,16242
122,14597
43,3220
61,8463
149,1551
44,3257
39,3736
151,3226
281,11925
79,16842
89,7716
46,6635
143,4257
39,2652
112,1549
86,2789
34,3247
102,2895
80,11930
73,17774
59,2712
102,11947
39,4047
49,1944
64,3678
78,7263
66,7585
39,5972
77,8887
77,11209
67,8039
185,5448
195,6928
126,18403
105,7192
63,12972
63,6175
81,6087
65,7473
28,8983
63,11393
73,2722
39,6990
115,10151
48,3482
85,3819
86,7300
60,6948
96,5991
58,4929
205,13213
117,2466
172,18148
67,3598
98,11541
80,5709
40,3056
60,5005
37,3442
100,1774
80,13659
32,4304
44,3157
47,7350
31,6701
215,13676
64,8904
81,4396
96,11997
66,1371
24,1318
47,9225
80,2774
80,2664
60,2153
44,5169
35,7596
69,2355
85,3348
74,4628
51,11564
42,5511
119,5162
40,3230
54,6828
14,4779
117,12817
106,3495
102,3112
49,3572
120,8554
74,11688
86,3574
54,2048
37,3157
105,23536
50,630
58,1164
171,13346
97,12573
45,2466
149,3850
77,20323
124,4247
74,10627
37,4695
56,4183
82,5155
99,5887
51,2201
157,9451
123,11995
37,5685
53,2520
77,15585
86,15784
97,3273
85,6193
124,1288
71,3427
33,3199
18,1546
91,3501
67,3394
151,12793
58,4375
150,5438
101,16844
59,14359
93,3928
18,1939
47,10344
122,2374
90,3840
104,6233
126,8395
63,5714
85,2419
19,6233
37,4690
41,7220
97,7615
102,2067
97,4779
44,773
162,17747
104,4315
29,6168
134,3549
44,1813
122,10129
77,6993
101,22427
94,7633
304,12563
107,4877
52,11738
205,6771
62,9309
36,4500
116,3492
99,7276
60,13384
80,3453
93,12002
46,7896
196,8672
54,5632
67,2616
63,3748
31,2068
68,4428
104,5113
47,5668
129,2111
175,3373
57,3220
22,4991
71,2615
32,5364
51,3309
126,17135
124,2016
82,5281
163,11854
61,2382
83,13461
130,5356
73,16476
48,6696
41,5506
54,6036
106,11584
62,10662
52,6106
66,3894
72,15029
44,6407
60,3631
69,8117
98,3092
54,11483
36,14290
78,16074
38,2085
133,2900
77,5076
57,7811
67,4213
134,13252
56,6095
117,9436
44,2858
43,8408
44,13100
37,2716
101,4269
120,17784
177,19862
74,9198
93,1446
112,9415
102,11256
63,7009
90,1934
89,8827
43,11176
60,3255
15,4651
73,5047
61,3347
42,9407
38,3367
73,12978
209,6066
42,1696
85,803
71,18516
92,2689
84,3412
63,8727
44,14730
48,3958
72,9160
88,1365
76,4164
58,6082
157,7667
94,11105
148,4235
167,2729
127,9156
89,12175
169,4476
62,6061
73,8709
66,6075
80,3921
226,5349
38,3944
55,1055
105,20076
22,2897
42,1385
113,4794
62,1587
86,10276
114,19689
188,14192
33,2245
38,20615
124,19662
158,1304
125,3563
63,10451
105,4819
68,3525
153,9698
36,6728
104,18268
142,4867
86,13509
78,8113
57,5479
99,10407
74,4602
99,4853
51,5410
122,4840
90,18794
23,2994
29,7019
76,9264
39,2823
143,19084
63,5438
37,3144
65,8695
29,4440
47,8080
62,1693
88,4963
15,13083
46,5040
37,2463
68,9112
50,2221
117,10425
68,3692
35,8621
135,13329
106,9217
57,5748
42,3200
56,5448
124,3140
48,11065
224,2999
94,3420
61,2942
52,11119
61,4365
52,3898
89,2946
82,16053
20,2653
30,13859
164,20934
104,3794
72,1790
72,2978
74,7103
90,3642
60,3887
118,10847
59,12237
72,4629
41,7410
60,5021
120,4966
53,3390
67,4048
56,1226
46,1869
49,6488
34,7179
61,1737
66,3175
42,12974
62,3722
54,2993
122,10597
139,17854
95,8116
61,8690
80,4947
32,4601
67,6103
55,5019
104,2135
85,15401
82,4811
40,2799
48,8341
45,3802
52,2169
124,20681
33,2010
110,5306
32,7246
54,1553
28,1832
91,3311
48,1868
147,20335
44,3488
56,3762
121,13234
102,17464
40,2282
30,3685
30,1792
25,3850
76,13872
146,6488
53,12148
50,4116
101,6100
101,3228
77,3625
57,4560
40,6802
16,2514
30,2746
45,14834
35,8188
103,4927
51,5124
93,12639
109,1551
68,10857
27,7032
81,4887
110,18165
38,5432
95,8254
138,4271
57,7325
49,3849
29,2087
77,3061
93,11800
78,12692
61,1477
243,8074
108,15876
38,3237
26,6052
94,5562
61,1774
46,4554
43,6377
49,5799
60,3730
77,4481
55,6014
109,7585
29,2978
182,18144
81,3307
20,1197
64,6496
41,4374
53,7556
173,15775
43,19744
99,4324
34,14653
100,8230
41,7499
73,3583
128,3180
48,2809
30,3192
133,12043
54,11018
79,1845
61,3703
133,8747
25,4690
89,2915
54,4999
161,9214
84,4737
40,4714
75,5670
126,2197
40,2324
48,2921
54,8903
94,14352
76,4492
117,15055
96,7090
305,17303
134,5830
52,8131
20,1711
88,3070
50,18164
26,7239
120,22348
56,2714
54,6277
120,4966
100,2381
138,4930
32,3736
110,3894
65,6396
81,8434
129,14861
26,3815
15,3128
60,1807
113,8553
91,7210
52,7875
39,1232
99,1943
52,3256
135,4623
24,8040
68,6088
42,1755
49,8163
37,4418
183,6784
119,6376
87,7158
55,18274
24,5627
67,10960
77,13201
51,6273
60,4070
60,3066
79,15602
46,5957
128,10276
92,15556
153,13975
124,2145
62,5348
79,3460
107,8796
159,7357
49,5071
153,3410
76,1360
29,3965
28,2989
44,8926
121,4740
88,6193
92,1570
44,4828
115,4228
52,8114
35,7933
29,1727
47,2431
103,6701
77,5707
33,2622
52,5574
60,4342
79,22495
78,4657
110,6375
89,6839
49,4940
93,2457
47,2196
70,5981
88,7076
41,12735
104,4481
98,7660
53,6160
40,12087
111,3088
65,11904
80,1803
103,4475
111,12729
78,3267
49,7500
56,1653
57,9745
77,2139
63,8624
55,2595
40,3909
71,1479
84,2682
66,5927
52,5188
25,4466
37,1023
97,7635
68,7970
75,1014
119,7518
45,13124
36,2081
43,14683
26,4132
45,969
22,1689
31,5771
115,8695
61,14412
38,2483
104,24958
109,6464
27,6884
151,4756
144,8107
52,4422
125,10720
42,3969
70,3191
68,7848
44,2232
181,5942
85,8080
103,12685
62,19830
26,7899
105,6742
110,11409
78,4883
137,17189
163,6380
118,8877
73,7639
45,6370
220,4529
101,17663
79,2766
79,5990
115,4671
70,4587
81,3964
55,4894
81,3250
39,9221
143,9527
158,16496
47,7602
88,5134
59,15003
117,15741
83,9666
81,2033
23,4154
84,17201
205,6445
79,6124
76,10997
52,3469
63,7993
18,21319
106,6330
142,7141
134,11914
84,4614
144,6183
65,2702
66,1245
64,5339
63,3738
108,16380
69,6844
90,11726
100,1038
36,3120
94,4184
28,6388
180,7614
154,5338
101,24324
51,1402
39,1446
69,17101
53,2950
50,7655
92,8584
31,11845
64,16841
66,8923
146,18083
35,7769
18,2491
52,9957
139,7919
104,12037
67,1433
116,3705
55,10573
53,6149
123,2498
94,4098
57,4424
62,7626
58,15432
48,16544
85,19096
86,12671
61,13529
54,7460
97,7513
86,13309
73,4735
103,5532
139,13743
135,17505
56,12634
52,3111
108,4709
92,2627
50,2103
65,3857
76,2758
73,13371
161,18173
49,1938
174,8992
47,10929
100,2909
68,4066
58,3563
124,5816
154,13796
42,1284
111,3925
51,5062
65,901
112,3379
61,7522
82,6539
76,4091
127,7543
57,879
130,6788
24,2749
96,3507
52,6188
33,2045
102,10564
42,2904
73,7090
37,2505
68,9622
55,4630
73,4702
61,5018
121,1750
77,1671
61,4963
26,7225
45,2539
94,3129
32,835
118,7090
39,7317
97,5836
77,1650
117,7642
88,10351
105,3211
34,1994
93,6446
85,8121
59,5327
32,3639
132,7136
72,1647
23,2462
148,8865
24,2108
170,17917
128,7588
97,3830
105,5187
129,18426
115,4999
184,25054
111,2426
67,5017
135,13590
50,5752
88,4711
66,14605
89,1248
81,7036
175,11083
97,2205
84,17099
68,15391
72,13751
17,6743
79,7787
49,7270
55,2639
101,15160
28,6325
37,7054
64,4570
133,14353
50,1799
111,2682
83,7529
133,5938
90,5976
70,16432
144,1857
70,9776
88,5882
121,5781
146,3033
50,2334
61,1863
86,2383
64,793
104,9161
83,1448
61,3663
73,2474
259,2971
70,15009
33,1914
38,4732
117,5681
150,8067
75,4838
67,4923
73,4315
52,15425
79,8903
55,4982
107,1949
148,11417
49,5184
100,2192
175,7200
102,2647
128,1820
141,4095
148,6445
40,6061
85,2988
81,4580
123,15473
42,4407
47,2040
176,10482
97,16723
100,13063
52,1309
78,9304
47,14210
193,11715
48,17709
47,11429
31,3037
51,2043
106,3894
48,3818
34,3808
107,4675
54,5080
98,8891
185,7696
82,3605
61,10184
78,1698
170,7313
79,1808
131,3689
33,8349
49,7978
150,1586
53,5121
61,5017
23,4723
41,2022
40,12579
48,1725
74,6223
33,11105
73,1405
51,2033
112,3000
17,3906
48,1517
40,2010
90,5814
49,2987
105,10889
53,3959
50,4271
64,8277
52,1724
96,10163
85,14914
110,11991
241,18596
32,4314
57,2059
92,4766
132,8162
41,5567
113,4438
96,1784
59,16741
48,2685
34,1175
47,5471
88,3028
128,2510
55,22145
156,3359
118,4995
105,4823
44,7022
32,13142
103,9892
37,5570
116,3516
38,14246
58,2952
69,3640
84,5137
69,14665
47,2268
101,8223
89,18905
84,3847
112,1591
67,1213
19,2348
83,3614
37,2444
55,12780
109,7591
52,9081
83,11643
73,4073
61,9636
32,5890
17,2769
43,4792
54,5033
56,1660
36,1436
116,1964
68,1564
54,1887
69,9173
45,2634
96,9876
49,17649
43,2128
92,7650
56,3058
45,1833
94,1380
28,2067
45,1655
18,5624
39,14977
35,4463
96,6448
54,1009
88,19215
70,9603
116,12646
45,1537
64,9336
67,12039
25,976
59,1484
151,5773
126,3247
117,10112
86,10499
71,2259
70,2325
58,4145
198,11557
156,11468
26,6272
28,959
59,1910
57,2370
100,3001
36,6971
98,3758
69,2982
56,7767
47,7330
26,6826
66,8744
85,2580
72,9414
61,4805
29,10046
29,6977
198,9620
30,1635
67,4455
47,3821
94,6311
81,5357
69,5141
46,2285
122,5138
42,3507
130,17585
84,1973
47,10092
111,12801
152,6803
162,6125
38,3808
160,13139
75,3759
80,1989
106,8282
49,2972
50,1111
24,7416
88,3453
91,4678
134,10313
125,1733
102,4710
25,3145
114,2372
140,2452
119,2841
113,4558
69,2015
89,5666
37,14108
78,11778
121,7622
92,5704
67,3412
17,1488
37,3085
149,10834
66,10768
144,2839
45,3130
61,5481
66,1660
91,7307
90,14010
32,6745
60,4788
86,1685
85,3036
73,1350
58,1442
144,12689
37,1446
217,3269
58,8653
70,5869
64,8994
144,5555
37,9193
88,9473
39,795
47,12171
70,4222
88,5817
25,12522
60,9699
60,1130
42,4998
99,1317
38,5095
182,5973
74,21504
108,2391
100,10826
74,4593
111,5266
66,2664
34,7558
71,5896
117,7180
30,3044
130,2406
108,6801
138,7538
41,2750
96,10533
24,2804
32,6696
79,15305
85,7346
80,7643
81,3078
189,7242
62,3912
78,8777
74,8199
57,3011
100,3654
46,3368
112,3804
36,3290
45,2012
73,7457
47,4614
37,7909
48,9962
37,3148
76,4651
63,4432
60,1658
103,2023
95,9965
85,2695
49,3029
27,1271
58,11213
61,1376
53,4445
44,2605
64,11012
80,10636
55,5141
61,4564
42,2982
148,6851
111,16726
29,8663
104,5516
83,3102
59,3144
28,1098
72,3320
30,11774
100,6838
74,4768
117,1554
55,2407
60,4736
64,5066
60,3202
101,1742
30,3649
103,6174
104,18297
81,2168
44,2110
64,5308
45,2981
38,12085
81,14869
127,4547
182,13874
109,11994
62,8174
177,10189
234,13195
107,14748
34,1478
33,1648
31,3062
95,3837
196,1495
134,1990
97,9344
64,11989
56,3889
84,6937
115,5130
40,8604
188,12578
284,9964
82,5845
65,1671
164,6771
58,1090
39,2755
63,4311
113,4607
61,7339
50,1751
57,7324
29,4305
165,5813
66,10184
64,1942
41,17408
149,11089
52,14455
70,3725
77,5988
25,2250
49,9653
97,6918
135,7003
46,4566
85,4486
82,5461
143,1776
51,8239
64,5352
63,3645
51,6102
63,7439
122,8534
50,3440
55,1407
37,5974
55,4324
151,16040
157,4004
166,2341
84,4733
95,8993
68,6899
67,15688
98,13319
84,15337
99,5951
74,1520
84,13973
129,18379
124,4431
76,5508
34,4156
136,15297
77,2061
34,12800
113,3025
107,17095
48,1503
53,4137
72,10098
102,16291
55,5701
59,10575
113,3033
35,13297
53,1150
117,12565
101,17069
30,4542
77,10561
67,11070
49,3544
30,4573
86,3289
68,2724
71,2788
62,13321
153,5976
62,17660
161,11479
55,6274
35,4314
56,1748
52,2222
92,2509
124,5333
173,16827
63,3418
30,6379
74,2239
126,3245
101,4364
140,5777
98,3768
49,1692
78,15248
74,7250
54,4601
135,8631
56,2300
61,3782
96,2170
267,12869
51,6706
74,8040
55,9924
95,1483
38,3594
44,4157
159,10301
86,11076
40,8590
42,3117
86,2849
107,2809
88,16668
16,4649
184,5799
70,3888
148,1773
40,4606
81,18973
75,3255
31,5162
101,1112
78,11168
50,6835
35,1982
67,1184
46,6157
71,2965
107,3341
58,3824
64,2523
30,4134
44,1990
111,16031
52,8397
71,2430
88,2523
62,2159
58,2777
61,6488
150,10767
71,6473
114,5119
153,10756
63,16963
26,9161
93,4129
79,2556
64,3784
51,4043
48,14561
144,10771
62,13304
65,6706
57,2417
88,7862
62,1871
60,7594
65,10175
149,4615
88,9122
52,1428
53,5801
70,6363
100,3760
33,1857
49,3699
121,5612
65,5729
77,5894
135,17387
48,12084
31,1907
140,7584
66,9075
50,1928
185,6709
75,9546
75,5360
86,10742
40,8707
80,2867
44,13444
80,5778
45,3258
61,1990
140,14288
72,2051
89,5511
77,2871
65,5471
64,2575
75,5383
153,19493
96,17158
85,4912
45,21808
68,3249
54,2169
137,7011
166,8991
50,3458
40,2190
81,8155
214,3561
53,12036
163,17129
130,21935
125,7531
18,3226
61,3718
81,2391
150,2481
80,2746
82,4022
120,9645
64,3559
64,3772
107,1701
61,5348
145,13178
165,12472
136,11603
92,2561
90,6378
75,2835
80,3010
41,626
87,8837
51,6350
90,8134
83,2826
37,8645
149,3355
52,2618
62,13789
70,16737
93,1928
37,6985
103,19623
48,3476
31,2163
77,11869
38,3320
100,16784
36,3043
68,13512
213,2886
47,16937
117,7503
80,22697
48,5892
297,16349
81,14657
43,11093
42,4239
92,3392
71,1418
44,3975
34,12824
34,14247
81,3417
64,4765
99,2993
138,9013
17,6744
33,4185
147,13126
275,25626
54,1534
188,17366
104,13324
52,3841
149,6513
92,7539
60,4932
127,10359
62,2262
67,8874
93,12719
80,11282
49,7047
48,10937
80,3582
87,6420
78,14027
320,2106
83,6656
202,5940
67,2197
46,780
90,10623
108,11411
54,9804
32,2015
102,5577
22,2692
43,3064
74,12292
69,2049
83,2102
164,20228
102,1892
31,6537
119,7431
30,1252
69,3678
91,11427
75,13082
68,11112
87,4814
67,1350
79,15681
72,4771
129,16450
36,6235
69,1144
57,11964
86,16526
51,1087
47,3449
120,15979
59,3543
229,6873
58,3415
130,1480
91,10845
71,4997
25,1513
136,7728
90,5574
96,5922
78,8691
71,5715
55,3649
48,4319
59,1913
119,8797
119,5774
66,1925
44,2302
94,2370
35,1626
40,4182
95,4328
112,7432
64,8977
66,6505
86,21350
45,17779
103,1084
95,1680
66,18278
137,8176
61,7702
55,7934
76,7343
108,2320
160,7757
31,956
85,2977
134,3416
36,1755
71,8666
56,11837
104,9422
81,11224
107,2061
55,7479
38,7318
54,14917
92,1839
43,9696
38,8313
85,8580
109,2841
71,2358
98,6328
139,4080
33,6929
93,16330
57,3652
145,4497
87,8336
38,1857
82,7961
111,2459
76,7237
54,4223
38,5055
124,6001
39,4362
37,2096
33,1302
149,24510
70,4116
43,2610
33,3904
133,5098
74,7397
93,9258
63,6907
108,4046
72,4928
58,2999
102,2083
98,9194
70,1433
198,2556
102,12467
121,5548
76,2921
85,2223
76,2256
107,4374
64,2205
123,2769
25,7123
48,7232
31,6436
108,10704
34,8635
51,11246
95,2904
65,4652
222,12774
48,5770
73,2526
54,6544
87,13586
68,24253
119,2113
59,2529
49,6279
62,6117
32,3452
61,4998
91,3685
45,15218
61,1479
91,6802
53,1590
57,3345
75,3504
85,13705
65,2195
25,7930
262,7911
30,1527
100,5188
35,11659
108,16086
85,4149
38,10699
47,15796
60,802
86,6926
69,1296
81,16584
105,2587
68,10144
58,5055
92,6796
63,17062
50,1750
42,3366
43,11869
39,4846
68,9619
84,17293
184,6931
93,18595
127,1407
80,19739
88,1111
45,4240
64,4848
65,2271
157,6423
105,11941
35,2677
21,5740
130,2050
54,11569
102,13066
196,12322
66,7626
130,10460
112,3103
50,5250
51,6538
73,5104
39,6820
99,12534
91,4105
60,2580
100,1915
57,8387
46,1436
62,1502
78,4122
96,3459
100,5007
38,2997
109,1907
108,5347
65,4431
51,6061
42,3256
48,2315
29,3657
71,1502
74,5449
48,1963
67,6910
26,2530
44,5220
73,14730
57,5809
133,7281
112,11553
90,9627
82,2532
99,8807
137,3049
63,3087
89,18514
55,12216
68,4759
39,2720
36,3116
137,9010
53,4125
47,2182
66,6303
76,5505
61,3581
59,2661
165,15979
33,8754
94,4959
28,2628
82,11231
32,3819
37,10945
196,15054
122,2959
37,2070
85,2493
42,13065
68,4603
133,14666
98,13500
39,3534
46,3579
51,1664
94,4656
88,7522
67,8335
110,7837
39,3197
72,2695
33,3168
26,4272
58,3627
97,15227
101,18080
54,4178
64,2929
69,4675
126,8269
41,1207
52,2782
46,2934
51,11196
30,2415
126,15136
44,3718
105,2757
45,1872
51,11245
37,1798
92,5916
163,3567
19,3412
81,3054
95,19631
39,1682
101,2582
28,4105
38,10525
139,16790
95,1601
54,4936
108,2053
35,3926
98,2794
60,5289
44,2799
53,4089
96,4077
31,4265
128,19700
96,6923
38,10607
65,1829
57,1660
60,4311
53,3459
45,1889
95,2819
57,17907
63,11756
41,12234
116,5635
43,3375
72,13516
88,1915
90,1923
79,14290
91,807
54,8035
112,3598
34,12517
93,3730
102,4632
28,2445
130,17736
42,4415
129,4512
90,3062
48,3933
24,2504
49,8698
43,6308
73,1532
28,6195
88,2546
53,2049
91,13495
80,16667
60,5377
64,1182
35,2808
71,6881
135,3155
79,3622
86,3088
44,3510
55,3218
56,9068
103,10616
36,5003
107,3961
70,6894
103,18863
82,22327
85,4109
107,23360
25,2499
31,5272
66,3585
162,9131
19,921
100,8300
83,17336
35,1431
25,7981
60,13503
90,6731
190,2505
41,8013
155,2581
90,7818
96,3631
95,1428
95,10161
117,20528
84,8205
95,12918
73,9765
63,4779
71,3354
51,1177
31,1942
31,2307
64,1158
137,5573
122,8962
139,25336
63,1659
83,2406
84,13011
108,6744
28,1127
89,4967
79,1997
85,1649
63,3025
67,4180
114,11776
96,1433
94,3707
55,6976
88,7240
93,10508
47,1240
116,13693
28,4730
42,1280
79,18706
61,960
42,3524
77,2456
110,16641
78,2356
82,5797
106,2430
39,5192
103,14198
26,3745
57,10981
167,2812
70,11777
56,1997
81,1736
105,15404
56,4155
99,4795
75,9010
142,7101
36,4948
137,9360
39,9298
107,4434
45,7535
191,13581
56,898
93,19922
100,4178
50,3938
62,1819
54,6099
47,2102
58,1172
125,3986
123,11912
130,7255
57,3443
88,18785
101,9374
62,10823
64,1631
78,4825
129,13760
102,2975
107,15161
35,3661
42,14734
85,6669
101,4158
42,3178
99,13020
89,2895
35,5936
88,7969
50,4504
97,2117
54,4721
15,2065
58,11592
16,894
113,16001
48,3887
71,4696
16,3311
84,14783
54,2121
40,2153
51,2888
58,1527
120,8380
39,9951
83,8994
150,17408
81,2021
83,3709
52,24912
42,3503
44,2634
82,6839
73,10851
59,1578
110,7870
85,6232
63,14298
22,5452
107,10467
130,3852
72,12934
199,4732
89,8157
65,2959
83,5909
87,9022
36,7374
121,11385
79,6306
59,4911
70,4973
80,3419
74,2750
60,9001
58,12153
62,4132
51,2640
75,4617
46,1131
124,2064
142,15305
28,2092
43,1425
120,12211
50,10714
87,3813
36,2633
106,3993
63,5725
103,3512
45,4893
122,4322
71,2530
59,2739
93,1700
130,4263
134,2209
65,3042
53,4282
132,14243
69,14325
167,4271
65,5930
114,3195
46,10689
30,5083
72,4254
83,7416
94,5803
61,5524
39,662
48,2739
51,1414
32,8013
87,2237
61,1482
65,6637
81,1678
30,1541
43,1410
103,10535
56,4019
45,11757
104,5794
94,9617
63,7577
59,1317
59,3445
61,2293
62,11132
90,2187
103,12368
38,4669
51,3911
45,7892
54,2105
58,2252
75,1998
55,3208
40,7932
61,10244
70,5468
60,9621
45,11915
50,2181
158,8290
49,9899
151,16620
162,3617
43,5039
343,5922
72,2358
157,14480
72,18758
45,9242
27,11261
35,2066
175,6095
83,4805
49,3612
100,20367
36,3298
81,3040
79,8050
120,1633
75,4953
61,7395
77,2929
68,4623
31,1668
227,7463
90,8079
29,4214
108,19948
65,4272
122,6841
68,1405
97,3440
35,3464
77,3883
58,8013
53,8855
56,9697
90,2733
63,3795
54,10973
156,7067
45,1976
63,3429
241,5158
180,3891
53,4354
105,3885
85,1481
59,9983
108,3163
140,3424
55,5534
72,21507
64,9047
100,11325
53,7893
51,7334
127,2453
40,4759
43,1293
96,2320
128,19891
63,3251
84,20868
143,4166
44,1910
63,2911
81,5024
73,5975
59,2642
60,7153
36,7359
73,13270
96,3564
44,2520
52,10082
60,4050
97,5193
71,3699
61,3638
48,7863
177,8821
52,9217
72,14710
22,5151
62,3165
67,2563
115,7250
56,17416
26,3313
71,3780
70,2868
55,1417
52,707
51,5597
52,3024
52,3975
68,1057
70,3921
82,4549
23,4164
88,2397
56,1042
69,1155
58,6400
64,4835
66,2433
28,5765
148,6796
56,11912
115,2459
53,14076
75,2157
46,3612
15,4751
9,2107
111,6303
59,7824
29,3319
107,4924
115,6586
73,5781
56,2419
35,2764
100,2071
128,9091
111,17902
92,20349
34,3693
146,4660
51,5649
72,2591
92,8610
92,6048
141,20635
123,12073
90,8729
70,2884
103,6193
59,3515
218,16142
98,9163
135,3376
76,4540
70,1285
78,3163
43,2876
196,5653
81,4619
64,3616
62,10501
71,15254
56,7595
90,7554
47,9232
30,1947
30,1438
77,6345
109,4487
135,6746
22,9878
48,2158
133,13949
48,2360
59,6604
45,4133
23,18971
52,3890
26,5510
45,1975
84,8692
39,5216
66,5511
93,1119
21,3677
59,5715
77,2276
28,9339
84,6221
115,21878
61,7245
52,4905
42,1218
73,4208
44,2293
97,2825
96,14664
98,8324
46,2884
74,3767
64,7360
121,15483
84,2276
117,15682
24,3604
54,4846
150,10904
146,7146
106,16273
115,21670
27,17447
82,9700
62,8700
55,4473
103,14914
48,3814
64,8289
55,6886
82,3528
60,9082
111,4149
60,4712
64,4724
42,5617
62,2006
54,10534
99,3427
151,2292
70,3788
64,2663
80,6025
83,8350
43,4878
106,13781
60,13707
85,15348
85,6703
60,1449
49,6252
84,7276
168,4294
72,8071
40,8362
172,7497
83,14197
112,4832
67,2314
86,4279
83,2342
100,20204
36,3561
22,3009
99,6444
50,1981
58,1945
117,2028
44,1811
64,2864
41,3206
39,3144
218,10642
51,21251
92,8591
28,3636
50,2018
72,7286
64,22180
53,1632
284,10348
104,6328
36,3575
58,1161
68,6457
57,5575
47,3869
160,6964
94,3946
97,4323
54,10887
55,3023
60,8593
82,9653
71,3351
56,4178
61,12563
112,2387
98,1685
85,11900
25,4420
79,8281
70,10559
58,3317
82,2491
49,864
198,11962
37,7545
104,7149
112,6727
58,9406
70,2231
79,9849
163,8599
58,3920
65,2157
61,13014
32,8887
38,3447
86,2109
63,2929
31,4540
30,1934
69,1562
43,1155
100,2720
83,12068
94,2059
56,9765
98,12239
113,5614
119,8184
89,2258
42,5005
85,1524
98,6051
51,2629
26,5022
62,2268
67,2816
98,2456
67,1386
132,2286
99,15333
56,2897
116,13244
65,10804
70,7539
51,7972
62,1830
90,5130
63,11673
68,3817
78,18534
73,3458
67,10887
118,10413
41,4512
119,10867
82,8159
100,7911
25,12954
34,2183
131,7001
226,10234
311,4845
42,582
36,1376
40,3304
66,2751
50,17884
102,4531
33,14910
36,4680
75,4405
69,8985
52,12732
48,2761
45,2805
52,14464
69,7737
53,2331
25,3830
28,8582
163,3865
164,4856
76,5245
94,2248
77,5756
36,2954
52,3973
102,1470
46,7519
63,1349
129,17664
102,11781
17,4372
68,9491
47,13582
72,2206
69,16866
82,4360
47,10379
127,4403
72,2631
69,14853
64,5478
32,3410
61,10983
58,3679
135,3387
34,3548
144,13608
25,2079
58,4283
102,2812
34,2820
84,4764
81,1597
119,1970
156,7919
79,7975
127,13600
42,3782
66,5577
57,11731
90,6568
64,1849
82,1675
139,6957
42,1730
88,9036
123,5647
86,3056
94,2839
93,10090
69,5202
79,950
79,7569
69,4917
156,15065
71,2882
32,5042
56,3123
68,1889
73,1751
131,11763
140,13446
69,7027
73,12731
45,9389
67,3166
64,5564
81,3292
72,7630
46,1594
91,2567
168,4949
95,14523
57,1265
98,2883
67,13631
100,2280
82,4533
104,18502
35,6628
34,4715
27,14103
66,1315
41,3091
40,4364
80,6842
47,2931
86,9640
51,2160
44,13859
43,4792
104,2912
32,4143
83,1908
20,7983
58,4096
84,7552
69,3696
90,2517
104,6162
70,3531
91,15882
109,7777
66,7900
48,7195
163,5314
47,17294
53,5070
92,7503
44,4264
93,2872
37,5468
35,4895
49,2460
133,11287
80,10198
124,15441
112,2613
47,5732
111,14999
89,3464
53,10245
54,3251
46,2904
99,5584
338,17928
50,4200
47,8032
61,10352
37,2367
45,3065
67,11127
110,8213
38,3406
50,7138
113,4974
95,13418
96,4239
124,4973
193,2991
54,10253
81,6833
81,4499
35,2812
67,6661
53,3668
58,1455
39,4225
81,10240
109,4426
106,5303
62,5998
79,8735
53,6335
43,14145
52,2891
93,3144
133,8162
55,3841
61,2238
103,2517
111,3136
75,6415
69,4859
48,5316
40,1872
56,4677
21,4951
40,3547
68,7574
54,8414
75,1585
70,10702
71,5227
65,10525
74,2965
84,4313
56,4326
80,10710
63,15449
101,1508
46,1739
71,3001
126,11753
74,4694
34,5202
69,8508
84,2827
78,2624
66,2211
77,6536
162,4623
93,13247
84,6341
59,9527
43,6699
146,5708
143,4032
67,7444
76,1591
32,2171
109,2724
55,4672
81,3042
77,5461
62,1775
41,6685
34,2350
36,3450
51,2487
111,3180
73,1525
62,6031
43,5349
76,6639
98,10343
79,4037
48,1720
59,2655
101,11377
63,10843
109,2178
69,4401
84,2115
45,5498
113,2899
93,15501
45,1738
124,4062
49,7905
94,14633
106,2258
104,12128
97,4761
48,8420
140,10655
49,3197
78,2599
96,4845
95,12208
177,8144
36,3951
29,8171
84,4562
81,13972
29,1977
56,5198
44,14634
69,9328
38,2779
40,11291
49,19866
41,4849
94,7784
71,5585
95,8146
64,2165
105,12476
29,1587
85,14311
46,4702
51,8478
278,2042
46,6176
65,13140
42,10707
131,4857
54,2724
116,6491
56,4975
83,2877
72,5377
105,10161
21,1599
26,3515
100,11093
81,15934
106,10693
81,9255
38,7595
87,2025
58,7088
161,4513
61,4891
64,6010
87,11018
29,5343
39,3927
42,8110
61,9051
36,2747
84,5311
36,2297
73,9829
18,3655
99,11440
22,3541
44,4542
59,8977
53,1486
54,13418
132,5897
112,2308
103,5737
63,5478
45,2591
43,7443
118,5170
94,17218
108,11092
76,8007
67,5574
43,2035
88,4224
56,6410
68,8014
92,12161
39,7380
35,14258
43,5917
59,3731
98,4347
39,2471
93,9169
83,3636
46,11746
89,13317
91,2897
42,9068
68,3901
39,11171
214,11335
82,2719
68,4923
37,3195
33,4045
78,8773
41,11651
84,7020
69,9350
60,7133
119,3136
11,1420
86,4382
70,10077
124,12171
56,2753
141,1403
107,7245
34,2739
60,3357
29,2546
59,15678
117,19488
138,11976
40,891
86,2885
89,6670
56,9491
73,2975
62,12505
44,3747
120,20992
33,931
35,5395
54,12110
50,4309
39,3499
130,3133
98,6723
27,2123
161,3379
39,2621
76,7353
84,3768
101,10421
53,5190
37,4000
32,5558
42,4099
70,4049
98,6275
52,4831
43,7304
17,2118
46,6967
74,2538
43,2562
137,6533
76,1241
176,11117
39,2694
57,3175
36,3777
56,6606
55,3141
85,7237
71,12651
25,3367
49,4404
100,7023
77,10434
39,9775
165,19325
77,10128
93,8630
127,6888
36,3788
67,6595
64,2051
29,2093
49,2878
98,9434
69,6994
129,4316
59,4599
62,3372
53,1260
71,13382
64,2018
95,7996
103,7569
241,4843
67,12867
139,7658
82,11913
141,4686
77,15900
39,6699
175,8188
103,7693
95,4563
88,14262
53,8193
36,3133
53,6661
84,4064
63,1983
169,15581
62,13258
103,11201
42,5455
118,2440
60,9519
173,6014
102,9094
195,10115
62,5327
80,2433
39,4493
63,8918
75,2577
43,3969
66,6732
59,10846
97,5381
163,3637
100,18112
50,3123
101,1888
56,7780
80,5901
211,11291
64,2809
116,7850
195,7483
23,2812
60,13056
41,1079
43,2713
68,3277
84,8923
42,3255
32,4671
58,2204
76,18441
97,23373
86,6321
110,1433
115,8873
72,2344
133,8727
47,1641
74,13369
74,12578
128,10366
97,5257
150,16032
91,11691
172,5406
29,7352
95,13941
40,4490
37,7992
102,3248
47,5819
90,10648
127,8198
163,6609
103,5207
74,15966
197,17109
60,3884
204,3102
99,16413
202,5747
78,24215
20,2555
53,1368
58,2139
70,4984
134,3637
68,6490
60,1386
112,4408
35,9333
112,2534
101,5167
74,9448
109,7112
57,10138
71,2359
125,4350
40,7315
43,2449
34,9084
45,12087
62,4851
42,957
87,12527
77,11641
73,4805
69,3218
40,1339
37,6616
95,16501
47,11896
195,5428
64,3647
96,3283
59,6121
62,4101
73,3983
70,2526
59,11354
75,12669
57,3396
111,6495
95,2994
85,11855
56,5005
93,7598
54,7081
54,5871
81,5379
60,3101
50,3307
72,5027
121,7354
50,1984
46,5648
54,17229
90,7079
108,9179
26,4524
95,10137
70,5482
83,5366
50,2323
146,6161
34,979
31,5472
67,1747
39,7488
64,10126
83,22109
53,10680
75,6703
138,8202
107,5238
46,1275
30,6892
32,6268
531,16386
61,3598
78,6733
99,5053
133,13196
139,3961
169,8355
50,12860
111,5311
105,6903
35,7512
75,2548
73,10818
87,13004
102,13211
156,2734
99,5892
114,11503
135,14912
69,1547
58,2177
79,10199
38,1213
27,6927
35,3451
91,7019
60,16357
94,8939
22,1800
319,4535
156,5849
44,2501
131,17633
59,2170
85,6110
69,1845
44,3124
154,7779
110,6834
33,3099
101,21360
80,4894
62,1794
85,14370
111,2305
81,16140
26,2324
158,7948
58,2109
46,8630
141,2044
85,6258
68,16363
163,5335
50,4815
35,3657
50,2002
44,7280
70,3895
59,932
58,1436
82,2162
41,8094
137,5039
74,24140
140,14203
108,2405
91,8276
89,14251
87,12224
71,3812
47,5896
313,13371
71,7061
181,7323
55,8288
91,7937
74,2182
183,12105
43,4201
113,7988
81,11613
120,6898
128,5265
51,7426
98,7884
81,1462
47,7595
101,4328
67,1477
82,2316
15,11162
107,11403
86,2906
125,4027
51,3569
48,2495
47,2810
58,1866
61,2475
53,6849
48,1107
48,6766
31,7942
27,1855
43,2099
55,6341
84,9054
49,12870
101,24498
69,6623
95,5461
44,2417
57,1792
52,2549
43,1815
55,3707
68,1730
42,13004
65,7418
73,12525
68,10253
53,12717
52,6024
227,3434
47,1888
36,3549
70,937
144,5570
124,12037
27,2604
54,6211
32,6756
96,2647
268,10392
71,8965
130,6688
39,6737
139,16025
174,5270
47,7749
41,7669
74,7495
136,1809
99,5431
49,14007
111,5722
69,2080
71,4697
89,4641
303,4474
75,4812
127,7622
99,8427
79,11224
57,3603
159,5558
103,5312
47,16376
151,15890
134,8737
58,5461
35,4149
79,4680
111,6526
99,14546
69,13075
33,5759
140,1848
129,10211
163,9541
65,20780
90,10187
51,14541
91,11340
124,3059
64,4180
86,7335
98,15273
80,1619
33,7610
181,3007
31,2127
145,2678
44,1275
31,1366
54,5458
95,5647
86,6887
63,2331
64,10271
29,11009
56,15380
55,2936
66,2693
54,5997
80,13526
60,7021
74,2304
110,6197
94,9771
124,2767
140,2452
43,2060
42,11639
68,4803
36,6430
106,1646
71,1095
121,5372
55,2664
81,6547
60,8060
71,3268
44,5726
35,3006
80,2774
65,6928
63,6203
132,14370
113,9547
37,2567
65,5454
39,2164
109,4850
124,11738
33,4839
111,4131
41,1847
69,5172
33,3088
88,11769
44,4056
128,4389
103,4590
56,5054
80,10392
71,9596
98,1782
20,5411
111,1045
184,9478
60,9101
44,5381
36,5291
79,2725
20,2603
39,4384
41,6584
57,984
66,9829
18,3878
79,4832
24,3614
50,10977
89,7053
50,12021
126,5329
109,7904
36,32864
93,4529
78,12967
163,7831
119,1304
79,7712
74,5071
65,6908
64,1344
36,9137
35,1797
62,12044
72,1766
75,5523
75,5612
56,1061
173,9475
24,2766
52,2324
42,539
54,2937
57,8148
77,4450
56,10809
124,12739
70,7401
97,15273
59,6264
22,6710
159,9483
106,14945
33,3934
160,11926
133,11737
77,2192
199,11928
78,10897
28,3538
111,10059
46,1893
77,2720
60,9841
46,10608
86,2990
20,2705
93,13353
57,9917
36,1624
47,5655
57,3792
91,5461
66,2086
54,5025
78,13621
53,1652
22,3298
68,2000
55,3787
49,1607
144,14391
85,8180
56,3300
61,5317
32,11634
64,12054
30,8045
113,2541
63,4260
54,2039
121,12877
78,11767
125,9094
67,3434
52,5486
66,11827
54,4397
55,5141
38,4095
120,9036
38,4957
78,10520
60,783
56,7379
100,2019
71,9671
347,5612
70,6313
49,2848
108,12726
69,3491
93,3629
157,16967
46,8623
61,10678
123,4758
98,1512
66,2943
67,1613
24,1183
149,7575
95,14994
71,1576
73,5087
76,7439
59,2339
123,4348
36,7448
79,6928
63,9515
130,10430
32,6635
34,1630
28,12212
100,6257
143,4129
97,21602
57,3686
37,2838
23,9707
58,15902
120,7431
50,2316
131,12303
114,12105
27,3309
101,13488
44,5163
44,9075
56,4008
36,8435
65,5844
51,10790
41,4472
50,13755
55,1782
92,7671
80,3945
82,5882
113,2395
95,19841
130,9003
63,7549
133,1348
34,8972
57,1860
294,19878
37,6512
71,11369
104,16960
123,16004
90,6666
78,3161
63,6096
134,16668
55,6826
72,8369
32,6259
139,19026
69,8084
47,5700
70,8431
67,13453
68,13248
53,2026
80,2545
56,4501
82,15421
44,3763
150,9222
189,3985
47,2574
45,5518
35,2596
40,11082
55,3793
74,1556
41,5372
29,1508
104,18949
141,2202
105,4500
80,9032
50,4291
73,7225
87,3389
97,7617
46,10015
81,3385
39,10460
62,4489
87,4636
30,1734
82,10653
39,4720
70,3626
56,10132
163,4516
77,2116
104,6149
75,5856
116,2491
36,7074
83,18182
43,1123
77,3325
82,1637
113,5000
16,9389
59,2268
58,5354
82,4996
36,1182
79,3052
38,1027
83,2241
112,20829
50,1671
201,3933
107,6894
174,8560
46,7805
180,18923
34,2246
48,4622
92,8765
49,9501
79,2354
60,12814
81,5283
126,18260
156,2496
65,4090
65,11890
35,4755
58,3233
80,21162
177,11718
135,7427
124,9806
59,8376
71,4193
79,5816
76,12226
88,16706
72,5781
170,15607
66,1451
89,2787
57,7093
70,2069
89,24997
19,1315
47,6916
81,3401
69,9469
31,2027
100,7645
123,10756
235,3697
105,1310
43,9994
71,2352
67,16444
70,7291
72,8449
70,3575
44,18165
28,2566
36,4997
151,9555
13,4509
42,2177
111,3442
82,859
58,9104
54,4164
140,17794
34,5266
118,4932
37,3958
67,2479
140,6419
95,15226
18,9248
41,2146
26,2672
64,3813
180,15500
48,6074
51,17712
81,5189
80,5507
38,1077
62,14824
86,2630
82,4846
200,11941
63,5401
51,1772
63,1462
48,1820
85,9207
72,3941
219,4324
135,3792
85,22639
60,7871
77,5821
87,3687
54,3157
96,8619
86,2093
63,4835
43,3795
52,1305
48,5112
73,2884
38,1136
29,2057
76,4665
60,14765
121,18125
84,3055
43,3489
66,1749
114,1675
182,3771
208,4747
101,8480
35,3031
133,3950
100,3475
99,10521
65,5071
50,9760
49,3360
54,4667
393,6193
53,5707
64,1920
75,5357
62,3895
36,4434
78,11019
141,15869
101,2885
59,13010
75,6442
102,11229
65,4287
159,6364
63,1788
82,10818
105,18775
165,3511
84,4592
47,1871
75,5815
110,7876
19,3094
41,2219
100,5634
160,7898
154,7236
40,9759
105,8424
43,15943
38,9229
52,19276
247,3653
125,3351
45,3311
86,4598
85,891
22,1118
76,16417
37,4520
156,3005
11,1333
67,6610
123,12181
108,2978
115,5571
114,21561
49,3637
34,1902
76,7763
23,1809
61,8711
48,7554
38,7094
60,8785
61,8844
84,8003
103,5649
62,6485
80,9045
86,15319
37,1854
203,4640
125,8212
98,7594
129,4276
46,8776
74,3339
61,6966
32,2929
57,1922
58,6564
72,15163
84,2700
322,8027
115,5558
100,7483
157,7119
119,5367
113,8076
67,5599
150,3313
64,8856
93,6294
71,9822
79,1695
83,2015
221,7590
116,1847
88,8323
61,3264
101,5822
103,16999
70,2792
90,4289
67,7258
105,10050
121,9602
129,16021
138,7555
46,2538
61,2567
71,8594
71,21323
72,7588
35,3967
129,1697
60,2442
82,6455
72,8609
45,10088
95,15227
67,3303
47,10246
81,1566
76,2469
68,8161
86,3270
118,25817
38,6285
62,8127
48,5584
159,6280
92,5655
315,2388
111,5335
71,20807
64,1896
55,2741
112,24389
37,3403
27,1782
95,3024
77,3330
98,1633
55,5762
36,7206
125,5345
36,1671
85,4294
96,6481
97,1243
51,1714
49,1466
115,14600
69,4110
22,11105
49,7935
66,2724
41,2400
92,9645
89,6072
111,1027
103,1556
170,12185
58,4852
94,17233
75,2104
39,1806
79,8210
35,6971
77,7473
126,12566
57,8565
55,5936
126,4829
68,17946
112,5762
281,5675
163,3980
92,2879
35,10847
77,4293
42,5883
153,5164
115,6457
122,2883
60,2878
32,4530
27,10304
60,15348
42,6462
108,4170
103,5916
72,2027
46,6315
105,6042
70,3652
88,5986
99,5593
44,2358
39,12945
68,2551
73,4122
31,8747
19,2372
241,8628
26,2900
29,5514
40,2229
76,5579
63,1812
67,5159
118,2772
52,685
51,6507
30,7682
84,5744
58,18002
111,4808
21,2998
46,5171
101,5964
79,8536
59,4267
20,3299
142,5081
87,7403
115,18754
92,15691
90,2562
82,13893
101,13195
122,2225
105,8550
29,8518
92,1431
166,3861
52,1368
56,4850
62,3909
60,3348
92,5330
96,8494
111,14195
44,13504
48,7444
51,1360
64,7891
54,2436
77,2754
79,2938
74,8508
94,2532
77,16667
50,2835
49,3011
118,23324
86,5587
34,3007
161,4190
105,5248
100,7377
38,4486
147,14831
54,3030
78,6973
91,2918
50,2100
64,3077
86,9344
71,7752
30,1909
172,8600
83,16429
84,3786
50,5268
90,3935
55,13878
80,13534
97,8452
56,1700
115,3919
63,7669
53,2933
31,9540
132,12757
82,2901
82,1300
70,16789
123,16564
133,6196
90,22160
109,6323
70,7057
76,2925
222,8257
46,2470
167,14498
35,1779
121,17379
48,14789
98,1433
95,2007
104,12453
45,5540
65,6464
36,2219
43,3672
76,4172
66,12793
83,4032
46,3517
51,5844
65,8558
36,9341
27,3373
160,7784
80,19117
38,4861
123,5340
40,3348
69,17847
112,9038
20,1078
83,16452
58,7485
101,4523
131,14035
117,1388
190,4122
119,13844
95,11625
57,12370
38,4750
112,13163
39,2987
100,3157
71,7907
118,3365
106,2519
117,16200
79,12653
60,719
50,9351
45,2524
60,3819
114,3968
36,7708
55,5792
72,1872
36,6364
158,15043
68,3486
34,3818
76,14097
124,12580
53,16154
101,2132
61,17493
110,9199
24,5401
86,7636
89,6957
102,4439
99,11699
34,5280
52,14619
131,11779
56,2407
86,13604
40,16791
77,3333
48,3886
84,6586
38,2394
139,6381
71,3960
55,7518
50,2625
68,6699
86,3731
63,5152
131,4900
82,17027
54,5134
33,8794
104,1310
20,2595
59,2227
50,2465
90,15581
59,1451
94,6653
56,5101
64,2572
43,14731
67,4648
26,2250
42,4431
27,3450
48,5572
32,4874
45,4844
96,11348
161,3502
108,3416
112,2341
56,2974
127,8070
80,18424
17,3315
79,3527
27,4246
54,4933
90,4864
57,4396
75,3021
22,1460
80,10798
106,9110
104,1756
47,1266
58,5491
53,1532
35,3378
73,6991
86,12470
274,5579
106,7824
118,16167
79,1811
106,3675
68,11255
65,3189
32,14400
59,2364
60,13230
79,10677
42,4119
91,3149
96,11517
38,2902
54,2203
116,5395
53,3957
112,1835
58,4410
67,4339
79,11957
101,5699
102,14553
43,2938
32,3018
82,10900
55,6375
29,16133
23,2174
66,18038
46,1385
109,7007
71,12377
59,1111
36,6191
64,4381
44,2255
124,651
42,4239
50,6349
109,1707
93,6499
113,1422
102,4896
29,7161
39,2552
78,6372
158,12172
109,12348
63,3325
93,5458
35,2146
42,4407
108,4198
35,3070
76,4612
91,7409
43,1107
67,6803
66,2774
102,16488
80,17018
44,4287
38,4926
72,1187
93,10808
30,3330
34,2213
69,3565
56,8606
54,3796
84,4055
101,2477
59,3291
30,12413
123,1987
217,2717
42,3201
26,2409
88,12550
100,23175
32,16153
60,3441
76,2277
44,7978
107,4219
89,1479
66,6299
155,9276
118,2581
60,1238
31,2859
63,3791
76,13913
45,4440
20,1837
107,16084
95,5215
76,15756
46,7120
64,10335
52,4898
84,10117
40,5751
82,15274
270,4376
49,13809
111,7979
62,14734
86,9326
59,3830
94,10391
99,23924
221,10332
59,18814
96,5064
117,11389
29,1342
114,3717
56,1499
92,14245
61,966
64,1519
40,3724
56,2707
71,4781
86,5200
75,3198
110,4760
93,1962
64,11489
64,12599
66,3416
89,23146
103,4955
42,3691
115,1794
69,3542
92,1606
53,5291
74,13281
94,4819
51,2195
44,4505
55,10590
64,4060
36,2747
66,3815
63,3279
82,3475
142,4784
143,11619
31,3750
55,12456
27,3010
39,1140
170,5495
86,5028
102,14427
79,6708
107,4538
23,2841
61,2677
68,2431
28,3674
48,1522
70,8314
85,9015
61,3010
117,3417
111,4869
66,16997
32,1705
81,12978
409,16540
75,9528
85,11459
35,4075
69,9491
58,923
87,9029
142,9600
42,4241
98,5060
57,4795
155,3085
115,10823
152,9617
106,3036
64,9751
40,10078
19,3311
185,11803
36,5286
142,4194
88,4508
93,10661
83,5090
25,1830
54,5305
40,4161
53,2883
83,10130
189,15451
113,7160
96,3226
17,3919
53,8144
60,1395
82,3075
123,4522
287,7497
47,2079
86,10448
68,4565
60,6042
68,15238
63,2140
84,5628
37,3318
58,11112
65,4381
69,1032
73,9276
26,2959
130,18899
83,8188
83,4729
37,1751
67,3697
29,9849
48,9179
50,2378
79,12272
74,4342
82,7846
45,12945
88,5047
41,4792
40,2369
295,9168
86,3475
37,15568
67,7408
81,15715
53,5717
95,8243
58,7263
57,2829
42,4435
77,1120
51,8477
68,4181
81,3483
96,10085
36,5526
86,3898
72,4499
59,2021
104,6035
69,1919
56,3978
43,1570
72,10873
60,1918
31,3343
97,3748
60,4351
61,9289
152,17821
96,8356
31,2091
90,17309
72,23288
34,959
64,2478
63,3761
51,3061
84,1159
16,6091
45,3176
53,2596
53,4238
58,2867
134,6440
70,6205
53,17692
111,9008
77,11614
88,17967
33,2718
65,7196
163,9815
66,3105
64,7773
41,7683
267,2683
82,4001
53,1032
76,7144
22,1846
80,5925
97,1571
109,9220
42,3065
117,11747
80,3343
76,2469
69,3763
44,12639
73,3546
47,2438
67,1342
170,18458
133,15320
200,16227
38,6907
80,2538
150,13280
47,3094
146,2230
70,1406
28,18230
46,10897
64,9503
82,17686
88,2205
57,3432
111,1394
186,11431
130,7301
66,2225
69,7728
50,1377
37,1618
85,2949
75,9876
167,6065
19,7274
142,8624
86,22282
46,4918
47,11030
55,8152
40,5310
71,6639
60,2702
169,4179
55,3125
126,1959
120,2876
50,1830
96,7231
116,20225
83,2497
35,869
117,9089
37,7971
68,2294
158,4408
57,9136
91,6098
64,1324
77,8148
30,3397
82,3606
67,10782
61,2798
103,11115
23,7749
86,1389
30,13357
79,7946
50,2118
18,2031
85,1831
47,2822
63,2249
77,12521
218,12872
84,6936
131,14933
59,9296
67,4440
102,5068
106,986
55,4417
164,11574
108,2033
103,2972
39,2907
53,2096
46,11774
120,6684
125,14846
77,1966
54,1629
98,12236
129,2683
50,14200
78,9929
76,6641
88,1104
97,6313
35,1669
92,6913
22,3929
64,12950
57,11392
45,3757
56,2326
76,6739
33,6086
38,7944
51,6722
52,4406
76,12533
27,9997
30,2147
52,16304
102,6556
60,1893
36,6051
90,4124
44,2317
67,2592
51,5976
91,3761
42,3900
78,1560
117,2749
56,9482
106,12779
28,3836
63,1546
47,9494
35,1512
110,14849
38,6599
553,10028
75,6136
50,6128
59,9261
88,20608
28,2204
75,2805
186,8004
58,12018
175,6559
47,5141
76,3323
75,1893
55,3391
57,10134
49,6307
112,13288
74,4170
83,16935
74,1488
49,2954
34,2806
76,2114
168,7626
32,5480
73,17039
72,1524
17,1657
118,2226
167,4893
146,11091
183,13109
80,2645
55,6161
62,1976
94,2868
67,7782
68,8795
42,1130
34,1847
17,1536
98,5964
51,3648
18,1692
74,2857
123,20840
140,1838
44,8932
68,1760
85,5727
216,2780
87,6054
124,2790
127,8440
90,3656
53,1363
71,1198
55,12168
27,3801
52,7488
25,4339
95,3632
52,3167
79,10770
62,11796
98,9785
53,1483
22,2906
113,16372
38,2062
94,5156
50,5907
41,9372
86,2649
49,2511
34,5509
183,5573
56,2108
72,12538
37,1734
59,6653
109,4228
131,3263
59,5326
65,7759
70,1239
79,2390
125,4958
60,1144
109,17761
51,3073
70,5158
23,3026
83,6048
51,5910
74,1374
61,9731
67,2081
59,7716
37,5416
29,6932
35,2388
71,2965
47,11646
61,7643
117,24642
172,19098
67,15242
54,1618
102,4982
91,10289
43,4911
157,8269
57,14359
62,5011
14,2526
110,11849
48,6075
72,3487
101,3111
29,4097
86,8049
38,1639
60,7909
49,2676
81,4344
28,1770
69,4888
52,1128
70,15344
94,9343
116,6582
42,5420
87,7419
71,9569
64,7139
87,12360
41,2908
77,16561
98,18093
142,5893
42,11815
79,5990
82,9918
80,3979
132,4878
52,4275
61,4081
83,4746
101,18039
106,5358
73,7506
77,7091
98,6180
48,2954
43,3966
140,7288
56,16115
42,2518
70,1355
77,8073
78,1288
260,2492
33,16946
46,6632
44,4498
67,8114
37,5438
29,2576
97,7434
67,3557
43,2672
14,1509
23,4382
145,2971
67,3681
67,7233
41,10217
168,16138
92,3890
68,5144
109,13147
31,3993
118,7273
67,1587
35,4344
81,9404
75,5634
149,18088
174,5877
62,12943
176,6059
109,2102
118,2726
47,7054
24,4659
43,6243
127,1219
74,7479
64,2566
61,3617
147,7452
36,4689
109,18641
61,4952
45,9293
69,5682
68,8430
56,11594
143,5562
39,1639
56,5808
91,4639
79,11055
37,5243
153,3261
53,9019
31,4764
104,13012
65,19654
57,6939
82,7765
75,2535
153,24624
40,7076
65,2530
65,4428
113,3645
80,3279
35,4059
83,5277
206,7984
104,2624
128,7254
97,2956
58,17721
38,3077
24,8763
46,10613
64,3467
146,7614
54,3183
32,12006
67,7141
61,8605
78,8981
126,4173
56,1901
132,3167
84,12248
69,2657
70,5650
128,2064
172,16049
38,13514
87,4497
92,2800
137,13750
70,15605
21,2415
45,2809
89,21964
92,7761
23,2077
64,3554
80,1102
18,7539
115,6180
64,1611
92,4126
58,1482
93,8832
71,4300
65,5942
150,9459
103,2997
69,1005
52,4815
142,10050
121,11823
48,2385
68,12205
87,2578
76,7626
204,11109
66,5334
127,3698
82,842
65,6748
53,7937
69,2592
57,3684
56,4911
74,3408
77,4287
73,2250
138,15433
47,2868
42,3020
25,5995
53,3832
87,6072
35,12556
80,12632
62,1318
49,8275
46,5091
96,2416
67,971
92,12063
155,3030
54,3643
125,1381
67,7523
40,2607
46,5328
211,14063
79,1952
94,18253
85,1245
72,2828
81,4325
65,10326
713,7461
52,12604
50,2988
36,2073
49,12012
73,2483
72,2119
49,2366
72,5186
132,1950
71,3533
48,763
58,4702
97,19757
74,7855
96,14456
84,13718
20,3215
96,4293
39,2397
64,11665
110,14888
154,2890
36,12836
83,2886
60,3100
104,16821
90,9087
84,7697
55,2298
50,2205
47,2049
28,2958
73,2536
98,9592
67,12713
32,4964
73,18071
54,9083
45,2092
88,2904
45,3311
57,1766
39,3196
81,18223
88,4634
58,12512
77,5612
122,16561
55,2533
93,5737
123,3758
66,7538
69,9420
124,6729
53,12074
173,4884
78,12903
56,12286
53,1859
19,2521
36,2585
53,4532
27,8418
40,13745
236,6309
71,2858
66,4237
182,7194
157,16058
105,1677
102,4737
50,3573
57,13625
55,2037
174,2614
223,5425
112,6227
117,1856
97,10642
54,976
43,1466
62,11504
116,24672
55,11718
147,14991
88,6873
74,11625
96,15784
43,13013
33,2412
83,1593
96,4986
51,3830
48,1627
206,14207
87,2050
94,5071
56,3644
128,4078
47,7931
204,9363
78,1675
84,3484
52,3891
56,3403
73,2564
76,12060
90,3071
45,2904
31,1922
45,7176
34,2582
123,3958
130,9806
69,6357
80,3501
50,3745
78,8212
99,6026
94,7370
45,4206
90,3501
80,17378
105,3109
112,10573
172,10411
106,6157
178,4018
76,9260
45,3627
33,3508
115,3665
46,2593
30,5499
73,6445
142,3532
55,6967
15,6372
94,9331
53,1274
40,9343
38,3535
38,1350
76,2092
52,8907
95,2786
95,5024
63,7388
42,4642
76,8441
71,12851
43,6602
54,6430
43,8661
37,4994
119,6800
53,15485
65,4976
54,762
82,5184
93,5877
84,5835
57,2518
63,1954
25,2472
115,4023
37,3787
116,2205
86,4349
46,8791
76,7353
47,7384
57,2430
112,6666
52,5703
122,1483
68,13645
77,6300
99,6022
140,14918
138,7599
61,1682
32,2340
92,1778
46,6749
67,8218
95,9984
32,975
115,8676
133,3087
100,11430
22,7081
44,3582
95,4446
150,5661
48,5481
167,2402
47,5014
27,5412
104,13114
63,6740
79,9850
81,7997
67,2088
27,1727
69,5605
62,3258
47,6383
132,13952
42,1878
86,6193
40,4309
34,4562
70,5788
87,8828
39,4136
66,8738
83,6920
69,5130
92,3832
152,10676
70,1510
85,3995
77,24597
115,3285
71,4621
114,8858
69,1937
80,2074
50,5286
37,2510
88,20371
100,2461
373,14195
189,3240
164,6692
42,7209
46,6465
84,4076
69,3518
99,1118
130,9968
45,5703
117,16187
94,7282
43,3878
39,4018
87,7580
92,2455
33,7598
63,7313
78,5085
29,5805
39,9065
35,3215
67,12278
83,7263
58,7346
53,5340
26,1208
83,7376
81,5955
48,3166
61,6182
102,8486
56,17376
118,8268
87,1977
46,4813
43,3447
70,3515
61,2194
131,6221
112,4452
101,2020
44,5586
35,1522
51,2350
125,18984
289,3986
94,13700
197,8322
75,6404
89,3785
21,4280
48,2541
49,5690
53,5463
57,1158
31,5163
84,15583
66,5960
18,3648
52,4003
74,4765
16,786
43,5314
40,3712
223,3010
118,4640
61,3083
84,13081
86,3890
148,13316
59,2910
75,3799
135,12804
120,4070
38,6394
47,14586
51,2500
103,2375
75,2675
106,13001
67,3136
104,2872
90,4546
95,3031
62,3378
69,6407
56,10262
56,8419
97,21575
128,10333
49,1283
82,12880
55,10478
70,4307
94,7494
84,4653
66,2696
62,1588
68,7751
83,2365
101,10166
138,10570
78,13091
65,673
91,6420
34,4820
36,6536
17,6089
144,8193
53,2285
35,5547
73,3861
76,14250
64,7353
250,11514
98,3238
29,1353
75,2947
105,4409
143,13783
74,7058
144,7716
20,1480
70,21031
84,4570
87,2195
89,6645
71,4000
53,5400
138,11869
90,1922
16,4761
49,6909
78,5215
26,3188
56,3352
35,19905
70,11534
42,4300
66,4362
26,5719
48,12859
69,12379
41,3005
133,3551
40,6724
14,7198
43,1418
72,4557
57,4208
53,5101
78,2718
49,3245
50,1934
59,4647
59,8377
35,1030
88,5288
64,11166
114,3220
41,5574
127,8865
124,4512
98,6690
68,5358
69,3176
195,17129
57,1010
102,5968
57,4955
36,8434
110,9922
135,4932
99,2763
67,2161
107,15239
72,2137
137,6177
42,3530
65,5107
24,1432
33,1432
37,8017
100,9043
61,1651
99,11366
110,4979
166,7963
89,11158
75,2590
134,6044
177,2713
53,3059
48,1057
102,6542
64,2546
206,7873
60,4243
64,2451
96,10141
32,2438
86,3614
67,8556
284,13607
58,18497
124,18335
96,1613
118,11392
172,8870
44,4555
29,10475
148,4974
65,2453
66,6940
27,1966
97,2400
92,3848
80,4787
98,3920
106,2270
88,8303
52,2941
38,2893
44,1939
71,5357
19,6795
69,6707
35,1378
39,2689
85,14293
71,10660
68,13303
34,5538
72,14381
85,6521
290,10446
17,5171
99,15511
31,2668
55,6009
98,13063
73,1611
171,8326
36,4027
26,1218
29,2427
142,4328
56,2997
162,2518
57,7043
88,3829
107,4603
82,2152
80,4290
73,8750
69,1984
203,18789
82,13655
66,4974
102,14579
74,1891
51,6865
43,1850
84,3807
114,6265
35,3858
60,6405
51,3956
114,5724
61,6101
79,8694
89,9994
93,11000
46,1590
41,1461
133,2697
22,10788
58,2598
17,2421
40,5876
44,6432
32,1909
108,15261
83,19256
85,1430
170,15943
36,6126
150,2573
111,3200
87,5629
265,6017
28,1943
39,2578
56,13053
85,7856
35,2481
21,3773
60,4303
66,3392
56,2187
51,19838
27,3846
117,3498
119,1810
62,4331
41,11441
80,5365
44,5851
44,7839
141,14164
148,12547
73,1201
38,4533
105,13105
54,2182
41,11453
44,914
57,7045
72,8537
92,5648
51,6058
89,4426
34,956
189,13828
87,4154
52,5712
65,3367
118,16847
179,8024
54,3008
50,1488
20,5471
47,1041
77,6620
80,10746
84,5719
38,1736
80,10817
72,11565
71,1676
53,4919
48,7927
52,6424
64,13705
52,2462
52,1361
65,8657
52,7959
64,9173
86,7159
121,16796
66,3728
45,5851
58,1355
51,2760
76,6584
54,8793
70,2457
84,2926
110,8646
28,6050
62,3205
81,15876
103,14230
210,7204
16,5653
101,1776
26,4572
54,12190
33,6863
147,2606
34,5200
108,4929
38,1313
109,4810
61,6324
81,3438
83,2162
77,3653
76,3779
79,8956
53,2393
120,2465
76,7929
54,6534
128,5515
26,1656
43,4451
86,8516
73,2393
81,1284
109,3199
31,6162
76,1541
34,9601
57,2948
103,2008
56,1062
18,2039
95,5562
56,5401
176,2356
72,4689
68,6763
26,1595
33,7599
123,6064
121,8523
107,4687
89,3982
50,2031
179,17994
45,7750
67,1020
50,1479
107,1832
36,2447
57,12407
38,5680
46,2779
60,7263
38,11849
110,8971
62,6101
58,9198
82,2605
65,3039
16,1538
147,16050
56,7208
145,10709
41,2660
62,7095
43,3907
41,3647
77,6770
46,7678
54,6352
60,12121
41,6095
38,2748
17,8077
51,2102
36,6522
57,7260
25,1465
61,8205
39,3064
114,4329
95,6437
39,5125
102,19116
80,6165
38,6814
110,6358
147,5543
17,2163
59,11019
80,15694
50,4977
66,4693
177,2692
113,16678
104,15285
123,2582
71,6111
87,4893
29,1657
79,16109
93,6324
81,8506
59,1749
172,13717
54,6419
59,7064
64,5460
50,2265
90,7545
69,3745
34,14953
149,6698
128,9091
56,1545
91,2021
47,8515
103,4122
45,4518
73,6918
77,1835
53,1955
80,6811
165,8053
35,2690
113,1208
115,2357
81,6587
57,2367
66,12646
59,2092
42,2689
110,4417
98,8889
57,6068
61,8795
80,6555
73,7061
45,5526
83,19016
38,1738
31,5946
61,5668
150,11168
118,4426
36,14314
45,1572
30,1907
81,13515
84,6337
175,6862
103,16324
133,5400
54,3367
148,4774
117,9377
75,5282
66,12040
80,4095
57,954
97,9839
109,19034
39,2091
101,15676
131,8848
71,7534
67,2968
62,19427
33,7761
80,14349
51,6097
46,2121
95,1403
34,2976
71,4185
91,8622
80,2851
29,5136
58,9387
55,5888
49,4493
81,2859
154,7842
40,4287
113,12525
43,1654
68,6456
48,1231
48,4329
418,20968
108,14017
81,2378
82,3740
175,19160
51,17474
38,6534
80,12700
50,12074
63,9677
93,8497
70,6778
97,1315
63,4817
115,16253
49,2503
139,17988
52,4174
66,7793
38,5415
53,7705
155,7079
89,5207
64,17243
92,22017
52,10851
45,9084
220,5751
107,10684
45,898
120,5480
34,3404
93,4150
80,15050
109,7058
156,7754
90,5940
77,2342
68,2094
264,4054
174,14375
38,2568
32,2492
30,3366
33,2243
98,7978
71,3960
114,8162
99,1028
65,14590
51,16163
64,5495
38,8323
16,3106
49,4204
57,5295
49,4740
43,10285
26,8831
125,3101
158,12629
59,14514
166,1292
65,1521
37,1816
91,5359
47,5751
67,3057
86,11293
135,13660
103,9617
82,2013
115,2956
106,4252
115,3257
77,8098
62,11650
80,6321
24,2452
92,2854
109,2642
30,3386
48,1647
39,7351
68,8486
54,5157
72,5202
88,6491
92,6094
70,7362
59,4577
67,763
78,4596
35,3812
70,10296
74,2742
38,3655
49,1272
76,3195
52,3778
70,2799
109,3166
56,6003
64,1907
98,3703
126,6735
140,5737
107,4167
111,7565
186,6614
142,8466
97,1541
48,22041
67,9142
49,1627
81,2472
41,12041
82,2027
165,13938
131,14184
100,14865
57,950
104,10538
81,5197
33,3395
69,2525
49,2649
25,1131
158,7229
25,1414
26,1962
56,5503
29,6431
63,3163
100,4243
17,1499
29,1469
40,1838
35,2263
34,5382
58,2532
115,8179
97,6226
44,1800
34,3189
41,2071
17,1970
33,1445
22,1743
55,1780
35,3401
105,4939
141,2233
37,1649
50,3133
50,2556
22,1143
71,1058
103,2232
54,3924
30,1270
111,5576
58,3584
36,1845
46,1347
37,853
51,2882
18,2871
62,2103
26,1474
60,5369
13,1172
73,2513
40,1397
48,3465
52,1341
34,1590
23,1067
91,2478
180,2255
42,2391
18,2685
33,1202
36,713
43,2171
123,2835
24,2260
25,2720
20,1066
53,3395
28,2339
95,5096
26,1370
75,1917
34,1785
25,2517
62,8212
22,2741
65,2407
16,1991
64,1728
519,8544
74,2969
56,1188
67,1822
51,1651
243,14867
303,10711
50,1943
37,2006
47,1583
81,1582
44,1939
52,1169
59,2213
251,2956
44,5615
81,1502
45,15691
17,1125
64,674
67,2258
155,2229
69,2187
37,2081
20,1093
262,2523
108,2817
25,1633
43,3235
28,952
38,1837
34,1917
15,1003
26,5548
41,2358
38,3354
97,3855
93,4183
19,1820
14,1019
19,2520
86,2254
31,2013
43,1195
51,1398
21,1473
60,3497
51,2022
44,1204
69,2486
28,2450
45,1600
43,1843
66,1216
38,892
76,1885
62,2503
15,5571
35,909
26,2333
71,1418
44,1817
39,1723
41,3179
28,1626
48,2126
31,1072
167,1595
55,8717
45,2852
32,1608
70,3916
43,1833
73,2270
26,4504
33,1410
34,1489
57,3243
12,1229
77,4871
110,2340
30,1879
30,1728
38,1476
50,2072
51,2067
36,1164
52,1657
147,2161
111,5822
24,2005
52,3093
67,1837
74,4205
47,1864
13,1208
263,4714
67,2238
22,1003
35,2924
37,1113
46,4176
17,1897
54,888
68,1456
232,12162
22,2637
99,3072
38,3493
15,2041
38,1910
60,3949
33,4790
66,10683
136,5395
64,3553
153,18987
53,4042
41,1753
58,2276
45,1247
19,1498
55,4042
80,2269
91,3376
282,4269
289,4460
9,2434
77,2544
55,1416
65,2339
21,1086
40,3012
36,1153
40,4885
55,3270
38,974
38,943
162,11043
73,4172
446,3840
19,1737
131,3006
33,1727
55,1932
88,6721
50,11925
14,1415
504,1715
24,1497
31,2781
21,1065
53,1512
37,2915
105,2884
30,2792
164,2712
55,1951
78,2419
39,3869
51,1148
35,3158
40,1045
47,2076
20,1885
137,6918
35,1399
67,5380
35,2367
28,1340
36,1245
70,2756
37,1417
55,2511
33,1162
72,1451
16,1421
49,2377
24,1256
56,11439
43,1852
118,13503
41,2773
31,1699
9,1148
38,4800
81,2010
39,7702
69,11844
72,1508
51,1041
40,3788
63,3873
74,3415
33,1457
54,2012
28,1022
111,1870
316,3229
31,11411
44,3231
32,1926
48,1808
17,1335
46,1914
136,2818
17,977
44,1723
215,4417
85,5007
62,1624
16,1421
153,4030
56,1124
14,1083
26,1147
12,1838
68,2165
25,2275
1246,13086
47,1454
23,2442
74,1282
43,3508
105,4343
37,3770
54,1771
71,2938
87,5654
137,4821
18,1569
52,4353
83,1031
37,3217
49,9020
54,2057
151,2348
38,4904
92,3758
53,3655
49,1994
80,2697
88,6163
38,1892
30,1570
142,2081
44,2755
134,10580
20,1664
40,664
107,2604
37,2533
38,1076
17,1319
53,1494
37,1600
53,1424
67,4590
13,877
53,3480
11,1090
61,1093
81,6683
9,1260
25,2770
38,1980
29,3330
56,1678
55,1272
101,3946
148,3601
29,3031
83,2199
775,2452
50,1895
29,13755
31,1836
67,5414
58,892
35,706
41,3634
320,2230
45,6075
64,2457
27,1438
52,3782
14,2267
28,1509
34,1210
61,2067
94,2312
47,5540
42,1897
82,1633
319,1437
58,2947
63,1688
60,3868
31,2086
118,1858
811,2857
61,4844
42,1892
192,3609
27,8652
26,3704
200,13113
21,814
73,4998
117,5500
25,1328
51,1332
227,2751
10,2002
118,2387
43,1910
132,5706
85,1421
28,2716
12,1044
47,1608
196,6126
37,4407
54,2396
100,3027
24,5684
206,5088
108,16748
17,1522
33,1329
62,914
17,1167
50,2713
35,4982
30,1428
48,2341
39,2093
48,2777
38,4486
39,2272
76,1146
34,1608
41,1959
17,4190
37,1790
28,3249
38,1935
51,1967
29,1828
50,1991
61,3170
45,1489
25,1759
124,3662
19,1053
112,6055
43,2505
69,3399
219,11401
183,2561
119,9979
27,1375
58,1097
861,6737
61,3196
48,5110
21,2857
64,2364
34,4665
26,1265
52,793
159,3105
67,8029
37,1280
31,1435
29,1191
63,1444
38,2575
31,3857
80,1946
53,1490
24,4727
67,1481
41,1372
40,2484
29,1227
31,1481
96,2965
105,4875
399,3729
32,1051
38,1221
75,1313
38,2062
233,2470
117,10950
31,1264
41,1177
20,1784
30,1714
53,6853
118,2621
55,1096
82,2008
104,2001
95,2454
29,1288
15,565
22,2340
10,1905
20,933
24,1661
54,1426
57,5674
49,2782
32,1088
74,3540
19,1454
56,12643
36,3472
30,1389
289,3179
12,1298
549,2289
40,5696
41,1865
29,2229
22,2412
73,2554
11,1089
16,584
149,1890
66,1375
43,2724
31,2952
53,3352
39,1399
45,3541
63,1723
41,4137
95,1876
178,3044
126,1948
43,2697
69,3278
56,3674
14,1417
25,1206
28,1828
68,2170
277,2224
38,1674
58,1950
41,3130
28,1000
43,2351
25,974
57,4659
35,1686
23,1845
227,4572
37,1519
38,2247
17,1338
13,1193
36,3163
25,15857
378,2025
26,1139
23,2029
14,1164
60,6515
31,2005
30,2199
49,1755
32,1217
145,9237
30,1153
59,7329
52,1241
68,2177
42,1480
45,2197
48,749
31,1019
59,2215
29,2519
28,2028
42,1434
45,2437
78,2131
75,1685
32,4824
137,3952
25,1588
68,3186
11,2273
42,1713
14,1531
92,965
174,6139
59,3398
146,3141
48,3652
21,1225
32,1295
71,2400
39,2256
44,1464
26,1771
11,817
35,2429
23,2507
80,1776
61,2418
22,981
714,2830
197,4920
66,1380
54,7668
38,792
31,1252
50,2288
46,2041
435,1697
44,1643
41,1842
67,1639
84,7984
25,930
22,2426
69,8184
20,2173
32,1728
70,2975
9,1261
48,2203
22,2289
21,631
65,2725
23,4190
67,1258
278,7965
85,2107
61,4933
70,2020
16,1191
57,1467
39,5284
37,2100
39,1157
57,2366
14,1154
25,2353
52,2777
60,4788
55,4245
17,1399
45,920
34,1727
53,787
38,1582
81,1909
25,1729
10,675
26,3335
45,1765
23,1102
26,3763
75,2439
65,2824
134,3153
40,2724
67,2116
95,2521
110,2782
37,2845
61,1742
97,5785
226,6199
44,1567
69,2474
58,15173
39,7711
20,1533
51,1316
21,536
36,3315
23,780
30,1310
43,2094
25,1221
18,1190
40,1415
39,3273
50,3397
12,3430
79,1910
68,1342
51,2253
32,2759
46,2776
56,5965
37,4082
53,1641
60,2134
62,4265
20,5957
45,1181
72,2128
156,1724
28,1475
42,4653
37,2254
22,805
93,1747
942,3492
72,1925
62,5212
39,8279
39,1813
216,4096
223,1936
86,13897
69,2349
71,1392
36,2092
51,1788
44,1178
18,4135
45,1624
53,4243
38,1147
36,5126
39,2447
26,1756
182,5714
158,3161
49,1586
12,799
266,1814
52,2140
50,6087
18,1168
35,3664
31,965
99,4260
90,5160
13,1033
58,3002
20,1463
14,1992
27,3884
60,3233
41,2661
50,5161
34,1710
15,1262
45,721
27,2270
21,2559
75,4000
97,9021
31,1607
30,1087
112,2374
142,7496
77,8915
33,1270
50,3452
53,8701
114,12594
69,1732
71,4357
52,4125
40,1346
72,5069
54,1409
52,7571
22,1971
28,2094
84,3654
43,1522
32,1188
19,2789
17,2265
252,4238
54,1755
30,1229
171,2629
109,3761
48,1840
25,1255
12,2161
58,2480
51,2130
49,2719
66,2350
21,2320
47,2645
42,1312
295,5863
54,2045
35,1738
22,1536
25,1051
276,2774
15,2539
45,1450
11,849
38,1899
155,2451
24,958
18,2114
42,6342
23,1020
31,1462
44,5396
30,587
90,6583
30,2054
56,3736
54,2411
91,2028
23,1007
46,1383
61,3005
63,2625
31,2453
15,1804
25,1502
68,7174
72,1649
55,780
39,1228
112,6311
21,3208
63,2100
39,3094
33,2301
38,1587
52,9496
724,1352
114,6771
133,2629
582,4669
68,1891
27,1351
21,1436
9,2683
161,5420
25,1116
38,907
150,9217
18,3506
85,4578
107,1708
44,3024
65,1694
62,2190
30,2838
53,3820
28,908
74,2352
55,2105
41,1194
96,3033
51,1746
29,908
35,2596
31,1366
52,1776
18,1082
17,2046
90,1286
34,2992
24,836
18,899
16,882
41,1641
45,1858
13,1235
36,1621
65,10951
38,2008
175,2898
34,1427
82,5379
28,1116
46,948
61,1574
45,1758
12,3853
58,1487
35,1137
126,4079
82,3650
30,2140
23,1706
32,4950
14,1830
117,6385
50,1665
81,7190
48,9291
91,3390
42,3936
41,1855
159,7840
27,1253
99,3307
35,2986
57,1876
20,1170
560,6312
37,1617
24,490
29,1993
43,1792
61,3135
39,1677
57,4283
47,9693
9,967
35,1919
32,1417
90,3162
65,3055
47,4346
13,6227
34,1235
28,2228
60,2308
42,1661
12,1703
35,5105
39,1563
104,7492
100,3120
18,1679
66,3436
95,2973
30,1414
154,1162
46,3642
19,4364
28,2075
29,3884
13,861
37,1931
36,1575
25,2724
302,7289
29,2195
57,7069
18,1141
34,1409
23,4542
24,1756
45,1328
55,4552
60,5088
20,4072
96,4812
63,1541
82,5745
48,2239
172,5005
35,929
41,1540
38,2409
47,1131
22,940
37,1397
26,1849
65,914
39,1600
185,10949
40,1933
35,8655
74,1767
102,4411
26,1224
24,1565
42,1732
28,1452
59,1544
46,3619
164,2073
69,4396
173,3275
32,1202
44,903
35,1996
63,2222
29,820
37,1843
27,2326
69,1737
39,4817
53,4588
108,2376
30,1087
12,1515
61,934
50,2249
62,1587
21,2069
21,2547
37,2256
17,1548
64,7957
54,2185
49,1357
50,4351
234,3519
49,1042
25,1129
38,1148
85,19656
24,2609
16,813
49,2027
51,7931
55,2350
35,3164
15,862
42,4380
74,1311
24,1442
25,1902
65,1738
90,1373
41,5147
23,1542
46,2796
36,4069
71,9865
36,2978
45,1802
104,5399
43,1812
27,2287
52,1959
34,2983
19,1231
29,1498
58,1341
19,976
18,2009
46,2469
43,1942
32,2950
68,1522
43,1485
71,3592
137,11500
45,1877
23,974
63,3634
23,1263
44,648
61,8164
28,1397
24,1388
45,2966
97,4500
76,1092
19,1103
99,2096
51,1031
10,3102
185,5600
42,2719
19,1551
40,2990
51,960
76,2224
24,1143
64,1874
37,2918
180,5496
21,2313
58,8236
43,2504
24,1806
84,3233
58,3056
262,11518
16,1583
91,9380
21,837
21,2080
21,1871
25,1446
27,10713
68,1184
70,1698
14,1738
34,2624
46,2450
44,2822
23,3064
37,1367
87,6646
34,1204
31,2280
37,1532
51,6780
167,9586
154,7999
63,7285
73,1263
48,4660
43,1892
94,4216
50,2830
34,4565
51,1840
32,1987
28,1336
56,1631
67,3052
62,7988
35,1559
28,1288
59,4592
63,3470
48,7156
37,2091
311,1494
43,2920
28,1717
27,6289
62,2322
104,3362
66,5937
55,2916
53,3181
79,2935
15,859
75,1155
38,1290
33,2265
33,2761
7,1754
40,1516
55,7383
51,1087
160,2653
19,2509
43,3380
24,1532
54,3068
69,2586
83,1507
59,2170
47,27011
59,3373
69,9696
37,1842
64,2213
33,1422
59,954
14,1097
10,1677
21,1278
40,1501
49,1533
25,1346
34,5132
20,1875
74,3891
16,1372
32,2164
63,786
50,1981
34,1224
36,706
115,2980
125,3615
33,2101
151,4375
293,4886
15,1622
196,5437
151,4043
21,2580
69,1677
54,4235
19,2148
15,1414
31,7098
55,4028
65,5690
57,4119
39,1619
40,4630
37,1630
35,1351
29,960
27,5428
63,1834
64,4879
83,3767
87,983
96,6671
128,6042
42,3011
77,1350
35,3526
79,2695
65,5019
427,5220
56,1797
26,1201
69,1984
41,1579
21,2573
24,1072
185,19261
32,1000
121,15121
49,1726
43,2124
19,10500
41,2473
46,1085
171,12365
28,3179
53,4900
16,1678
50,1440
46,1336
35,1618
47,1416
12,2119
72,2677
35,7420
50,1928
121,8824
36,3473
18,1989
63,1305
28,2653
96,2968
17,1591
48,1124
14,1543
31,1078
13,963
71,1963
25,2918
48,3203
138,4261
30,2923
66,1360
42,1698
105,3264
51,1248
24,1285
59,1323
60,6116
278,2181
61,1361
37,1838
27,2005
55,2219
53,1750
17,2243
45,1716
49,3398
35,1892
116,13311
23,954
69,3905
35,1189
106,1755
30,2401
66,3326
50,2552
40,1114
43,788
39,1459
49,2462
59,2223
49,2071
62,11276
24,1332
75,1268
51,1509
82,2402
25,2824
48,6357
43,5165
81,4438
30,2267
621,4046
13,1308
36,1165
45,693
19,1392
25,1800
93,1664
24,1689
104,4865
47,3492
14,722
22,6975
47,1860
42,4048
20,922
44,1970
46,752
17,1040
50,1336
29,1741
310,4354
167,2863
24,1987
36,2163
29,2023
14,836
26,2864
226,9690
34,5766
42,2651
14,1544
28,1719
48,2240
34,1384
102,2411
16,1489
62,1661
46,2390
31,1033
46,8209
29,2655
23,1151
76,4324
73,4705
48,1790
178,5677
20,1552
38,9408
22,2971
18,659
40,3135
29,2077
29,1735
22,823
10,1212
135,7345
29,5146
16,1171
18,6230
33,6611
34,1765
85,4044
37,2060
63,4134
75,2241
80,1335
17,2335
33,1286
195,2053
24,3548
30,726
30,1265
46,2199
48,1537
43,2712
121,1498
36,2289
37,2236
26,1793
616,1460
73,5029
62,3610
48,1869
11,852
70,1898
189,1875
42,7074
48,1333
35,2191
55,3335
31,1691
25,1219
17,1937
25,1570
16,1175
96,7234
41,1133
62,1412
38,2162
39,1520
49,2361
33,1895
99,6181
48,4709
63,2364
47,2295
32,3309
65,4105
13,1379
120,6228
35,1689
30,6006
59,1977
119,1336
29,1296
32,1417
43,975
39,2258
35,2078
58,4273
86,5462
43,5868
90,6327
70,1549
34,1327
39,1055
101,4196
67,4709
153,2686
64,2051
37,2033
41,864
77,2652
10,942
36,4726
16,3264
24,3490
61,2527
76,5957
73,1207
56,1956
205,4654
56,7337
124,9175
64,1922
10,1498
172,4380
122,4064
22,1248
73,2506
59,6771
36,1336
176,2871
50,3110
39,2374
15,881
92,2395
146,3183
50,7164
20,9326
30,1599
50,5574
37,4854
33,1409
61,6700
61,6145
34,2032
36,1729
36,1544
39,3628
49,6680
90,2704
91,1195
17,6567
54,3741
58,4754
84,4917
22,1246
36,2873
145,7471
42,8152
52,1800
126,2008
212,2033
99,4231
42,1230
41,1324
113,1675
13,1333
93,4886
63,3891
59,6572
28,929
167,2802
36,1859
100,3360
75,2267
165,3317
36,2819
60,1088
37,3194
33,2148
35,1751
42,1147
77,3519
34,1812
45,3113
87,3314
27,860
24,2258
19,3849
57,1399
71,5839
24,1460
48,3053
21,2452
23,1603
19,1041
120,16768
56,6409
35,3820
25,1493
210,3569
27,1290
40,2257
23,1865
59,3474
37,1098
11,868
76,4675
19,1521
18,1614
63,1814
24,2061
50,7633
31,3439
22,1908
27,4630
46,2212
52,2804
12,1762
36,1458
44,7760
53,7295
13,828
29,1289
17,2016
39,1408
30,1224
32,1078
62,4549
64,915
17,1701
41,1699
49,1470
22,1739
230,3787
60,5529
52,2615
64,1441
39,1579
40,1109
70,6339
81,2201
50,1816
39,3215
81,3895
913,7941
39,4933
93,11199
22,1308
32,2477
62,7860
48,1983
45,976
41,1270
52,2388
40,1870
38,1220
42,1238
97,8332
65,1280
42,2748
73,14671
43,929
82,2606
111,811
85,2542
18,2697
169,5680
37,2222
46,1985
26,1862
11,1792
88,9367
64,17488
87,2609
17,1635
67,3475
79,2518
27,2537
40,3948
291,5178
22,2246
42,2412
51,1367
28,1972
56,1954
38,2079
19,1343
131,4295
47,909
12,2385
88,2073
69,3383
42,2231
12,1016
47,3677
82,4540
62,2151
9,1177
46,1409
30,7288
26,1354
52,1502
32,1682
15,1529
60,2240
105,7061
100,13626
59,3020
28,2347
18,685
95,2769
53,5866
49,4345
35,1912
12,991
41,2390
45,2759
36,1224
23,1849
70,1316
48,1242
76,1686
54,2497
22,3282
23,1308
50,3024
49,1383
26,5114
42,3983
49,1866
38,1320
18,1927
53,10814
55,1292
108,5898
20,3270
175,6426
58,2030
57,2989
346,3749
141,6749
30,1333
45,2364
23,2825
35,1669
252,2306
7,1056
43,8801
41,1267
34,1357
27,2979
53,11732
117,3703
52,3494
39,1004
36,3124
56,1936
31,3526
108,2245
44,1868
105,11851
95,2300
36,4006
220,4917
58,5296
45,2183
101,6950
17,1737
45,1602
28,2216
471,3695
106,1819
10,826
213,6671
68,4358
74,3273
46,1419
47,1058
47,1641
32,962
49,2687
255,8487
16,1194
20,1572
39,3010
56,1441
19,2715
26,2076
66,1564
47,1230
43,2219
84,3142
57,709
28,3388
351,9618
79,9366
58,1248
90,13307
45,1615
106,7688
31,1699
211,3686
43,1537
26,2607
50,1601
33,1806
51,4021
13,1879
132,3616
120,1295
21,1868
38,3630
54,2421
79,1768
21,1475
59,7476
82,4028
37,1776
22,1352
79,2043
44,1220
33,1080
34,1569
30,4172
102,5824
61,1671
42,871
82,3348
51,3146
24,2859
42,2509
21,1651
333,6454
43,2080
25,2827
91,6402
117,4006
42,1818
102,2564
27,2226
111,5175
95,6085
23,1317
34,1445
24,626
336,1993
48,1104
38,3133
104,5503
58,1661
26,1877
32,1684
54,1549
38,5943
61,6877
86,6341
30,1287
94,2983
40,8491
35,999
29,3820
24,1083
44,1425
47,696
57,962
24,1996
17,616
189,4756
42,1891
41,1097
96,3284
31,6027
49,3870
48,2055
48,5315
47,1251
43,2848
23,2726
57,7381
29,2203
27,1848
28,1076
12,1237
125,5110
57,3847
40,3382
48,1982
157,1084
17,2712
52,5261
42,893
16,893
30,757
34,3046
216,6247
41,1177
65,1287
35,3709
39,2179
39,687
16,1973
11,1112
15,671
17,1966
74,2700
51,6611
55,1325
31,814
46,2452
11,1251
48,3426
68,2452
106,7279
42,11907
360,11892
50,880
36,890
22,1254
25,1306
26,1626
33,1694
66,1206
65,1695
43,1547
39,2278
446,18171
69,1421
133,5432
53,2608
40,794
50,1252
185,6507
29,1185
49,8951
59,7060
40,1618
96,2427
129,4425
17,1154
242,2552
68,3445
56,2631
209,1804
57,818
84,2673
23,3433
56,7232
23,1510
72,3074
123,6536
44,3533
34,5300
29,2236
37,1269
12,1321
56,2123
68,4663
18,2098
26,2003
31,1325
38,2736
192,1287
60,3223
16,945
50,7547
30,1826
52,926
36,1641
43,2528
90,2895
89,2944
29,750
35,1547
86,1977
13,1247
53,1903
37,3784
61,4577
42,2082
21,1063
61,1503
68,1636
58,3523
38,6283
41,2714
40,1993
36,1957
23,1537
54,1942
108,5491
28,4379
74,6674
19,1449
49,2141
36,2180
109,2674
32,2801
36,1249
78,2624
43,1712
37,1505
29,2663
42,607
41,804
48,1992
90,1243
28,935
26,1615
79,5944
39,6086
46,1620
33,853
29,2608
70,5762
87,3156
27,1762
35,1175
41,1011
67,3762
26,2714
52,2039
44,1476
45,1841
400,5082
100,2500
29,1657
50,16926
41,1646
18,1828
17,8525
17,3283
39,3059
23,4967
22,3011
37,4473
52,2981
13,1378
9,1564
26,1017
53,1344
203,3825
85,1249
43,1571
21,1504
39,1674
119,2780
34,2076
69,4136
57,1336
36,2023
127,4881
29,2220
135,16513
66,2803
77,4389
158,9084
83,3279
65,4967
32,1327
19,632
14,1360
10,1954
115,2617
82,6574
45,1532
64,3975
71,2638
17,1015
33,2410
84,2117
69,3663
52,2386
62,1892
53,1163
37,2451
47,3126
22,2105
98,19018
44,1673
39,1845
24,891
128,1584
65,1699
103,2947
88,2023
265,7582
46,1600
20,1162
51,1674
57,3595
71,4452
80,1682
17,1315
291,6252
14,1272
72,4925
24,4702
55,6232
35,2753
87,2198
68,2533
33,7039
110,2925
44,6710
37,2899
20,1017
75,2145
32,3341
126,1284
23,2455
74,3215
59,1338
51,1705
29,1421
40,937
70,1224
42,3738
103,1385
324,3497
16,1431
95,4407
21,1534
17,1764
20,2277
53,1422
43,874
64,1411
33,1744
66,2206
99,1186
101,3200
37,2425
21,2498
38,1807
348,1773
32,1398
63,3040
118,1793
227,11605
35,932
39,3431
31,980
34,4810
95,7599
17,1578
41,2351
40,884
98,3156
19,890
34,3016
42,1582
27,875
76,1705
57,8695
34,2467
73,4387
62,3575
164,2744
74,1463
45,1741
165,15338
36,1914
68,1124
62,3375
37,1379
47,4402
20,1216
37,843
41,1461
32,1504
825,3056
42,1224
173,2233
236,8987
43,2504
31,3814
44,948
36,2618
41,3006
129,8727
151,7104
47,10634
23,1415
160,5450
28,898
36,1556
42,2802
43,1541
43,7100
34,2919
27,1138
10,1104
144,2123
36,1672
36,992
50,2659
265,6003
43,3441
89,3140
51,1737
90,3110
20,1132
44,1631
77,1967
127,3777
52,4516
27,1817
40,3116
130,4608
40,2586
39,1314
40,2865
18,1500
245,2824
32,1142
29,4956
32,2362
14,2166
87,1256
82,3690
36,1088
54,2459
33,1979
73,2885
41,3049
34,1387
100,2460
36,2671
17,1184
29,1606
50,1403
16,1169
53,2734
58,3837
45,2398
97,2084
26,1313
39,1645
69,1735
52,874
248,2043
30,2528
24,854
46,1040
31,1072
188,1558
27,899
140,3782
61,1308
252,3837
40,1797
44,3538
40,1355
95,3061
38,2285
19,2297
18,1219
95,7967
159,5790
10,2149
26,1525
38,1057
107,6328
98,2611
63,3171
177,1828
70,5851
27,1181
34,1647
12,1588
21,2846
65,1665
9,1391
54,9456
20,1205
41,3242
44,4154
21,1373
30,1339
35,4951
52,1023
69,5020
72,4639
16,1088
96,1398
25,1115
47,1631
38,1541
56,4435
51,2805
48,957
30,1618
94,8971
15,1607
61,3868
32,3257
23,1093
64,1396
51,3099
147,2061
74,1242
50,1162
37,1696
92,2878
102,3073
29,2499
427,2338
55,4212
560,9342
58,1127
66,1786
44,3929
47,660
85,2088
15,1137
24,1567
55,1244
11,1970
94,3879
79,13668
354,9921
51,3282
13,1319
47,1692
61,1443
50,1628
61,1146
22,1180
13,1424
33,2206
95,2636
64,1676
48,7832
61,1565
48,1603
69,5692
48,1089
66,1159
35,1876
82,3448
73,1900
24,2127
262,2118
272,3101
67,4762
58,3895
22,3089
139,1574
28,1454
28,2763
43,2056
33,1192
223,2525
25,1043
65,1414
140,2550
13,2945
23,1008
661,2520
47,1448
36,669
93,6557
18,1329
128,10357
22,1458
101,9478
16,2030
10,2734
98,3878
259,17282
22,3810
11,783
29,1522
69,5549
64,2747
13,1088
29,543
196,2077
14,2278
61,2065
85,1484
42,3503
38,2860
22,1212
39,2312
17,883
234,8581
174,6257
26,1154
34,926
186,4504
81,4628
30,1769
20,1964
44,2621
113,4336
71,2179
10,1233
28,2238
117,1054
160,5066
52,1704
55,2039
52,2597
73,2070
30,3560
42,709
50,9901
110,4071
79,2137
29,2279
64,3804
80,4268
82,5990
79,3910
30,2104
85,3763
91,3839
9,2263
53,1432
123,2537
68,3167
43,2155
209,18023
44,6255
26,1235
11,1059
236,1894
66,6205
46,3252
52,2726
23,1099
39,1290
37,3159
17,1479
50,3331
54,1248
31,1854
19,979
29,1801
20,1647
9,1073
26,1081
73,5222
233,5691
40,3848
62,3235
63,1336
35,2918
41,5371
22,1951
49,1371
110,4104
51,1945
36,3372
23,1527
34,2834
905,3915
69,9693
102,8390
202,2686
51,1058
14,1399
43,1508
35,1513
69,1495
33,1914
150,7793
55,5022
101,4167
28,864
13,1520
80,1505
24,1335
52,4182
44,1919
69,1352
67,3015
91,4146
19,2179
72,10189
43,2044
36,1356
41,1107
40,5125
34,2501
45,4261
83,2778
70,1701
33,1862
102,6447
207,3174
16,1009
80,2496
55,2540
38,2889
36,2500
114,4544
27,2054
62,2497
177,7328
23,1185
32,3873
30,3810
23,1785
77,2578
55,2034
88,2130
24,968
136,3953
47,3706
33,2017
27,1744
137,3575
121,3808
38,1545
31,764
31,1549
181,3237
27,2246
155,15099
102,17562
52,2128
46,2648
140,1941
34,2118
84,1867
58,2516
25,1521
65,3970
24,1509
39,727
23,2898
31,1483
40,3637
67,4085
44,852
46,4887
33,1509
111,1680
50,2156
101,7904
36,1275
64,3186
38,7308
81,1234
59,1262
58,3153
16,2137
119,2643
416,1964
30,839
32,3396
165,4244
71,2338
32,1630
201,9465
38,1031
53,1648
37,1599
53,2908
71,1409
21,2326
9,1672
88,8132
42,1404
20,1751
50,2658
63,2018
22,7047
16,1434
26,1920
13,1090
44,1469
64,1986
14,1177
32,2066
28,2094
34,2506
29,1745
16,1121
23,4129
28,1770
64,7827
85,17625
41,1645
28,2993
29,3995
88,3106
45,3511
31,1043
54,7083
36,1484
53,1276
142,3529
53,1168
73,8482
22,1803
50,1646
55,4268
49,1407
47,2702
47,3902
33,1671
26,1792
30,1322
48,8076
19,1231
40,3995
32,2634
44,5163
140,3528
37,1797
57,1688
39,6156
47,1257
53,1605
44,1335
66,1595
50,1374
27,1815
21,8890
15,1708
32,2518
144,2838
14,1434
65,2544
74,4047
47,1922
45,3298
72,2017
43,5241
58,2195
110,2425
28,1347
53,5435
16,3483
61,5086
21,2676
63,4044
16,2364
132,1809
53,1959
267,4157
134,1898
19,1279
39,9335
79,6409
66,4300
86,14214
13,1738
33,2053
26,1566
22,1426
65,2782
44,1233
47,1003
35,2830
57,7568
29,1425
82,3502
21,2082
121,2166
300,7080
285,2313
40,1410
35,1595
18,2298
15,1023
56,1953
59,3525
106,4614
183,8651
24,2667
70,4551
36,2096
33,3395
44,1237
104,2973
39,2462
27,2599
150,10595
118,3981
24,1874
45,1165
79,4232
247,2668
36,814
55,4912
63,2154
43,883
68,11015
85,4678
88,2256
48,1168
31,851
80,2577
36,3720
31,1552
26,2041
26,1080
20,1487
34,2423
63,1596
32,2853
39,941
46,2680
144,3720
62,7351
313,6059
51,3824
41,1793
42,1242
35,2669
25,4021
52,1873
7,1605
26,1794
44,1680
15,1153
45,1151
22,2888
41,924
42,3054
18,1458
34,1810
13,1915
40,5306
45,3840
16,4972
79,3603
89,1774
68,1984
76,3673
33,1892
34,1624
140,2391
40,3594
55,3901
27,1587
30,1340
60,2679
37,1521
115,3847
74,6345
45,1824
132,3248
26,1546
53,2756
36,2996
20,1058
157,2821
38,1955
76,5742
39,3746
19,2623
68,1514
389,1834
35,2261
28,631
61,5021
12,1567
112,4507
27,1334
18,1354
68,1578
110,3644
591,5395
25,3240
17,1412
19,1240
42,4092
36,1329
12,816
25,1590
24,1782
81,1431
72,3481
30,1616
44,3097
33,1561
19,3124
73,997
86,2795
55,2462
13,1827
245,6071
35,1093
58,4920
15,2363
252,3418
9,1312
59,3370
55,5100
37,1126
71,2949
25,1145
106,4071
63,1565
68,2341
29,1383
43,3105
10,1846
35,1078
34,983
41,1790
85,3179
91,6586
68,4603
67,10710
31,2298
48,1512
35,1025
71,1925
79,3395
32,1302
46,3540
23,1594
40,1354
36,2196
91,5559
63,6061
41,5271
50,9388
25,1184
51,1843
108,1608
77,2802
31,3386
28,1813
34,1879
333,3807
35,3767
40,1189
21,1266
61,1636
79,1944
51,1866
41,1782
95,4991
122,4503
44,1240
27,1933
29,1988
30,1486
300,7907
45,3396
59,3271
21,3573
45,1973
28,2736
53,1615
177,1328
34,621
25,1509
101,7181
118,5503
167,1769
24,1820
60,3605
150,2296
12,1619
55,1396
46,1478
79,5971
26,1388
15,1367
17,3531
41,2190
54,1353
50,3364
95,4282
25,3542
129,2553
49,4624
31,745
107,2249
52,1978
58,1445
34,1273
27,4233
45,10884
36,1791
25,1294
28,1392
16,1328
57,1725
39,4801
49,1364
152,6140
64,2117
32,3641
77,3425
23,1665
65,2410
76,2809
43,1200
33,1148
83,6737
51,7981
109,2489
71,5478
42,2056
33,1811
169,3012
44,5702
31,2293
38,1949
25,3782
16,1326
148,8208
123,5819
66,5918
10,2682
38,2996
26,1256
302,10612
40,3334
715,2563
84,5064
14,2391
49,1484
59,1661
110,3849
22,4087
26,1004
81,15845
55,2741
70,2317
76,2739
66,2503
35,4549
122,4102
24,1803
69,5504
17,1711
58,1624
22,873
126,10368
34,2447
50,3984
36,1340
59,1610
41,2168
30,1868
100,2096
58,1717
20,1322
66,1595
47,1105
38,2546
111,10399
41,6069
25,3402
32,2384
49,2935
31,772
44,5508
35,1030
65,1055
137,4445
24,1106
36,3143
34,2513
27,1604
332,4644
358,4946
135,2627
104,10146
55,2715
35,4446
51,1185
36,819
20,1205
25,2688
49,6299
47,2011
246,3112
19,917
110,2353
41,1306
33,2002
36,2457
28,1955
25,719
65,4931
64,1342
49,728
39,1419
57,996
118,5709
33,1766
16,1346
207,14624
45,8678
43,1475
29,5334
46,2328
88,1797
118,3691
198,2466
20,1061
26,1740
27,6462
21,1578
82,1345
114,7849
30,1583
27,2222
65,14852
337,2059
61,2995
134,11891
48,4104
23,1939
48,1742
47,2100
572,2965
45,1469
135,5782
37,2748
53,3619
96,2698
47,1778
41,5020
36,2224
14,1270
24,2707
72,3564
59,1966
44,2247
67,1801
65,2742
34,3147
29,1690
74,3419
73,4750
122,2419
58,6503
126,4414
34,2372
70,1656
118,5916
81,1920
77,4816
91,3526
24,2447
73,7563
49,5693
24,2868
24,859
146,1979
203,6886
25,2067
85,2042
49,2304
45,1399
104,11202
38,1300
57,4464
41,2074
37,2512
44,1391
37,1504
46,1750
42,1067
33,1597
17,2644
27,10113
37,1522
47,7387
59,1804
485,6337
43,2250
90,1440
28,2984
54,2879
38,1330
31,1004
20,1030
47,4704
119,2066
45,4997
45,2568
84,2691
30,1592
38,3804
55,4552
47,1435
116,3134
58,1322
290,3902
23,1252
123,3542
39,1713
52,2219
13,1678
36,1414
14,1338
69,3831
97,1993
324,3812
55,1814
106,3419
45,4565
43,2041
83,3438
53,7231
20,3187
83,10768
23,3481
40,1172
20,1500
49,16335
62,1180
32,3804
49,2464
82,2668
29,1462
142,2247
37,2165
38,1753
106,1590
71,2064
50,1099
62,4130
91,3754
16,1047
396,7326
216,2291
66,2588
460,7094
26,1139
12,965
21,1573
24,2760
25,3060
31,1183
14,1139
136,1206
181,4420
37,3805
101,3653
44,1032
54,5685
55,965
61,764
55,2510
41,1794
88,4260
142,3170
54,1787
12,1834
24,2974
108,2517
169,1190
30,1186
52,1751
51,2081
44,1627
57,1514
79,3296
26,2537
48,1239
45,1730
146,6231
139,1340
117,9640
20,2600
34,2106
81,6419
49,2577
22,1391
45,5837
204,8059
71,1915
34,832
27,1180
37,3727
28,1521
59,2622
28,1148
210,2460
64,7028
109,3815
21,1165
48,1290
25,1035
54,1511
32,2326
18,1313
36,1508
67,1372
40,1763
25,750
33,2397
104,2313
52,7968
39,1378
51,3311
119,2082
35,1569
35,3055
61,2567
37,1279
106,5537
17,888
73,7057
60,1672
37,1350
89,1714
45,2111
35,3191
44,3546
96,5968
49,2446
33,816
42,3801
43,1468
75,5482
82,3020
36,1170
31,2800
13,1051
12,2388
74,1100
229,1276
55,3361
32,3613
82,4607
39,1423
91,1929
54,2177
18,1410
25,1532
32,2321
45,3988
8,1548
67,18019
35,927
42,3390
26,719
28,7765
47,1775
83,3902
29,1246
50,4287
40,1407
38,1275
30,1058
14,1117
34,1958
78,2277
51,1953
15,2031
30,796
38,4121
67,1090
64,2670
58,1605
42,2292
53,1718
15,3506
29,8186
73,12302
39,2560
64,3093
32,1467
84,4350
31,1939
36,1439
60,1660
25,1243
45,1194
16,1753
15,1901
44,2183
22,1376
272,6487
40,1762
30,1102
49,1281
37,1160
80,1320
63,2487
60,3307
161,2813
38,1072
42,4500
57,1641
29,5116
141,15329
142,11208
40,1262
30,1619
56,5692
184,3368
38,2287
20,1716
53,1340
83,5462
101,5964
92,3881
50,2463
81,2102
67,1966
57,3854
41,1519
27,4124
41,1936
155,2999
84,2467
44,1222
119,1104
89,4797
44,3544
27,2055
109,4638
104,4557
322,2650
22,724
309,2594
47,1638
34,1289
56,10382
50,1720
108,2029
119,1809
39,1331
56,4676
437,5253
60,2935
46,2707
37,1937
38,867
49,2850
150,7124
47,1706
42,4489
50,2499
22,1411
42,931
107,2691
57,2646
237,3398
122,5573
77,1582
237,5566
102,2103
89,11023
31,1177
168,2147
131,6082
47,5220
47,1392
100,9958
101,1685
27,1529
51,1305
30,1074
153,2936
33,1226
63,2206
19,2282
44,1444
94,6160
24,1617
94,2294
33,2021
88,1508
33,2399
81,1611
127,2590
13,1155
109,1831
53,4148
24,1179
26,2199
63,1789
10,1739
24,1671
62,5222
37,3083
20,2917
285,4750
19,1975
34,1086
91,2293
46,2491
50,5936
39,2502
92,7210
63,2841
49,763
86,4679
26,1968
56,7806
101,3160
101,3819
40,3527
22,1354
32,1022
27,1015
25,1705
39,2473
71,1849
546,5438
76,3897
32,4044
22,777
21,3115
17,1421
69,2553
41,2349
156,3465
64,4583
15,1328
257,2654
71,6009
35,1842
40,3186
79,2498
36,783
13,5738
29,1344
100,10225
70,2429
13,1333
11,1445
87,4658
23,2365
195,4950
70,1558
61,3490
19,1152
26,3425
39,6172
30,3488
39,1900
23,3823
51,6652
23,1550
153,12034
24,727
26,1573
117,2229
77,1519
58,2315
34,982
43,2182
59,2359
35,1979
96,4821
52,2042
27,2244
44,2851
79,4323
57,3410
34,3619
153,2974
136,6979
32,1437
69,1581
52,2351
43,1551
41,1807
64,2198
42,3282
39,965
45,2319
38,1960
85,9044
75,4505
142,7373
29,1464
59,2427
82,3904
14,663
73,4997
141,2380
347,5509
30,1346
38,2580
20,1547
28,1610
23,2345
61,1487
24,3397
84,1396
171,11620
69,1485
70,2311
64,3895
58,4687
258,4766
73,2863
49,1032
133,2586
22,1737
57,3894
61,3861
34,1110
37,4723
41,1077
71,3205
91,11343
88,11550
23,3200
30,2800
23,1144
31,2461
41,6206
32,1472
51,1406
46,2266
81,9214
122,4670
29,1804
18,2049
25,1553
93,1773
27,3717
40,1845
73,2581
70,1500
17,1401
47,1353
12,850
15,2571
46,5017
33,1599
39,2947
68,1740
34,3020
50,1811
35,1237
14,1017
157,11327
57,2312
19,3009
41,922
29,2276
75,1397
15,941
96,3823
33,2891
68,1401
72,3233
51,1301
84,4210
66,3712
99,2244
38,1669
74,3377
52,927
20,1340
72,1430
93,2981
46,900
55,2652
25,1257
77,1217
20,1041
97,4471
139,5572
33,3267
35,2201
68,1434
31,1056
44,2064
39,1383
33,1241
22,4271
49,2660
36,1083
57,2678
50,1848
73,1736
25,1106
57,1831
46,2930
54,3939
72,1842
16,2034
73,1849
12,727
41,1916
30,2444
44,2688
253,4068
42,2533
54,1981
87,1727
77,4204
37,3522
78,4160
63,2129
38,3141
85,1665
226,4419
52,2582
59,4028
35,1620
39,1749
27,1557
21,1896
87,2003
35,1778
31,853
100,1576
110,1845
27,2241
21,2564
68,2606
13,1246
20,2209
39,4750
43,1559
25,3292
232,5945
30,2796
75,3563
30,1621
56,1431
40,2521
46,2172
17,3160
157,1221
31,4533
46,1520
38,2797
21,877
101,3867
22,923
65,2452
29,2586
40,2023
17,1883
90,5260
219,6202
268,2516
26,2541
294,4296
42,1092
56,2642
86,8145
23,1945
24,979
155,4827
31,842
11,1099
10,1819
28,1587
38,8181
22,1603
21,1848
46,982
62,1538
36,4203
62,1009
48,1544
55,1417
30,2675
46,5299
58,1233
14,1047
50,6009
81,5015
21,2298
68,2713
27,1706
13,4768
32,1916
15,2195
26,1072
20,2971
18,840
253,9703
45,1512
31,820
41,3289
64,2227
47,2921
37,1953
106,6167
87,1776
21,2158
41,1564
44,8713
35,1540
50,3801
220,2443
41,5147
49,1941
83,1653
34,957
274,2666
47,6871
46,1539
81,2603
56,2505
55,13312
50,1323
59,2751
11,681
279,3031
24,3001
337,11963
43,2613
43,1552
26,1826
409,3399
72,2424
89,1780
21,1949
26,3587
61,2587
23,1817
32,1570
22,1688
47,4401
35,2120
37,1833
45,4004
47,1991
42,3063
69,2008
38,5655
18,1427
76,7235
50,3956
78,23189
97,7918
890,5329
85,6939
55,1111
31,1855
59,2592
77,2755
81,3105
81,3275
35,3134
22,3175
93,5921
48,2651
29,3552
34,1999
273,3343
31,1199
52,4488
65,15877
379,2365
68,2938
83,3707
80,2907
29,891
26,1294
50,1449
77,3596
31,2221
43,1639
186,2975
73,1704
32,5172
94,3938
117,2777
26,1971
183,4002
27,2482
32,2865
36,4959
62,3759
33,2348
29,1911
78,5324
31,1886
218,3361
42,1718
60,2337
79,4335
38,1339
57,1921
12,1378
132,1356
50,1566
57,1192
58,1980
30,965
35,1316
77,4841
40,2143
42,1258
43,5902
131,1327
19,1817
75,2280
101,9811
35,1279
30,2562
119,550
14,1135
13,893
22,3543
17,2367
103,2711
101,5383
38,2639
31,797
197,4485
49,997
51,1154
72,1833
79,2100
31,1286
18,6869
51,1423
111,5763
63,1057
35,1403
196,4350
27,2725
36,1703
32,4294
24,1608
66,12500
42,2644
16,790
93,8139
246,1905
12,1039
43,1344
166,2997
47,18453
12,1466
62,1554
13,1611
14,1921
234,14258
84,5019
71,1850
12,1433
93,1626
128,8163
35,2085
90,2729
60,1070
50,1550
35,1346
15,1182
63,2559
93,4149
38,1767
145,1787
106,2285
33,16333
66,2831
18,3499
13,2110
14,751
29,2393
331,4629
33,973
34,1406
30,2330
41,971
211,4608
31,1110
181,7170
180,1509
20,893
93,10443
33,2255
66,1800
245,2186
60,4690
18,1538
26,3581
16,1140
535,10389
38,907
51,710
70,3578
27,4291
40,1481
48,719
35,762
15,806
53,2076
82,4369
110,1210
99,5622
53,3706
22,2543
35,2429
90,10031
62,1963
28,1510
36,1607
17,2518
21,1798
20,1690
35,2326
55,2022
26,2521
48,2188
49,1669
63,2126
28,1582
17,1581
55,1599
15,1059
16,6550
45,2235
49,4319
34,979
46,4432
11,773
59,3041
109,5288
36,1835
94,1411
90,2690
36,1319
95,2421
56,3114
30,1798
55,2192
36,3812
33,4737
72,1462
75,2377
180,13985
32,2085
25,3875
67,3252
57,10997
24,821
62,3806
34,2286
67,8640
22,2479
30,2521
54,1549
32,1535
85,1756
15,2500
15,1298
40,3562
50,4043
42,1007
22,1035
32,1779
104,4010
39,2620
55,2908
34,1360
24,1741
102,5737
153,4493
213,2810
30,3671
25,1142
122,3660
97,7651
60,7475
48,3993
254,10872
49,5992
16,2550
82,4037
30,4713
31,864
66,3179
153,5137
132,5172
54,1552
51,2128
52,3358
85,4450
26,2144
485,1627
50,4062
37,1941
18,2288
31,1306
21,849
70,5955
57,1251
152,8061
69,2582
38,6256
22,3579
14,1292
95,3375
240,7400
58,2478
647,1740
33,2220
98,2824
74,1540
37,2030
61,1796
112,2875
57,2261
42,2990
25,1204
43,4069
45,1875
19,1505
87,3972
34,1175
44,1908
46,4773
45,4755
15,939
86,7967
29,2596
46,4810
53,3014
85,1315
50,1494
15,921
199,3763
68,4545
33,1746
32,1216
24,975
72,1577
55,1575
29,2864
133,8363
28,1804
55,1930
69,6675
19,1341
34,2126
32,937
21,3068
20,1880
41,1022
9,1314
53,2485
28,8021
60,2064
31,1436
70,2937
14,917
26,1290
51,2332
47,1381
30,2514
177,1504
32,1171
42,798
42,3399
37,1197
56,3692
18,2523
286,4431
44,1513
22,4917
84,2554
35,6943
232,1434
35,2915
69,764
38,1626
36,1489
110,7541
79,864
42,1563
218,1861
26,1366
36,1837
39,1637
49,1085
46,2932
791,1101
98,3004
19,1742
78,3514
19,973
48,1260
139,6847
68,5884
38,1230
28,1585
44,920
168,23507
49,3984
37,2863
12,1345
359,3785
107,11102
57,2351
82,1775
187,5083
23,1378
40,1402
44,2241
71,3305
72,15974
10,822
75,1302
52,1391
67,1768
27,1514
35,1424
57,3052
52,2473
48,4074
74,1607
41,926
60,2108
36,1343
127,2712
73,3366
36,2231
66,1140
55,1667
85,1778
94,889
48,2810
87,3027
15,797
70,2912
62,2936
40,1320
85,9171
15,1629
26,1331
93,5490
99,2988
97,11769
31,2290
9,1539
87,1941
57,4064
27,1219
28,1658
26,1195
123,1906
56,4698
53,5186
30,1699
46,1231
105,6047
17,1319
66,5092
34,1746
32,2264
27,1157
103,8725
95,3306
41,2000
20,1289
82,1683
35,1732
190,2253
70,2651
50,2165
56,2335
23,1746
45,1797
67,4942
106,2551
40,970
69,2650
11,532
18,757
68,1910
52,1648
16,1196
65,9586
22,2309
38,2240
30,2911
25,1847
30,2553
36,1548
38,1078
77,5854
109,11248
39,2586
20,1839
108,1552
59,1357
37,4809
27,1045
57,1127
43,1324
350,3356
26,1229
43,2606
39,1678
34,834
26,1091
48,7072
49,4215
53,1198
26,1669
231,3782
65,8360
149,7154
34,3025
37,1671
96,5075
23,2786
122,3511
55,1705
70,1281
41,2414
77,2519
167,6745
8,1543
425,3799
76,3055
32,3815
33,2856
110,4316
38,1099
22,1836
39,3770
82,10347
47,1935
77,2056
37,1214
70,1322
65,3214
387,8074
31,1086
11,914
59,5678
29,4874
74,2972
47,7319
56,4930
19,1229
56,17257
51,2003
66,4287
89,3459
20,2193
40,1625
68,979
52,3686
25,672
57,1675
33,1703
56,3400
28,1842
49,2063
15,896
47,4265
27,614
41,1906
73,5668
1590,10098
112,12581
68,4334
43,3522
29,1785
59,5794
60,5634
44,1394
24,1961
64,2506
29,2551
29,1327
58,1643
81,2353
51,1376
86,2682
35,1659
44,2085
44,1206
50,11928
67,1046
73,6482
34,1425
35,1764
18,1482
111,3940
371,2228
61,4926
30,1487
45,3064
24,1012
34,1043
90,1352
29,1403
24,1416
44,3408
22,1392
25,741
143,7593
39,3571
17,2062
48,861
73,1447
229,2932
27,1465
36,3796
123,2936
213,7725
97,6232
24,1972
48,2894
437,4177
20,914
29,1346
52,2881
42,4416
101,16095
22,4407
49,2498
29,2669
48,2397
34,2878
47,2252
35,1813
99,1951
54,1890
28,1760
68,4571
57,5434
46,4197
193,3847
40,6073
19,3436
49,4010
43,4238
39,1085
48,1261
23,8696
23,965
40,2916
102,4132
27,1143
33,1300
55,2458
75,5519
78,1849
50,2420
226,8383
77,1672
49,2639
454,8717
59,2544
38,945
34,2635
63,4411
51,3952
29,3420
41,2111
57,1408
105,3265
33,917
20,1944
25,3139
88,4631
310,2879
80,2196
88,2399
168,8048
43,2250
79,3211
44,5851
68,4723
37,1917
118,3208
24,4470
72,2939
33,930
235,3175
34,2903
80,11207
59,20250
49,1371
84,3488
82,1937
26,2224
71,1923
37,1451
49,8320
81,2261
89,6957
61,2645
48,1828
30,1298
24,2417
17,1999
102,2717
26,1480
23,1234
36,2592
47,1586
54,3633
115,12747
32,2969
34,3879
21,2532
42,1389
74,1834
41,3748
19,2054
42,1266
190,8496
50,3571
36,1302
37,1827
34,1223
119,10834
20,3913
36,723
28,4187
74,4763
20,1655
62,1088
36,1595
24,3028
61,4072
42,1424
16,3269
50,3520
68,2632
25,2120
55,1449
33,2047
84,3073
58,1983
23,1213
35,2895
30,1920
33,2787
44,1631
180,1476
267,2430
28,2210
14,1163
156,8613
52,1873
25,1454
19,6502
50,2147
285,1043
83,7705
28,1727
25,1696
185,2798
46,4157
83,1919
43,1841
92,1758
70,1835
63,5110
26,859
163,1363
17,2061
29,2232
21,2568
32,1733
17,1424
188,9422
24,1827
48,1082
56,1764
48,2055
57,11148
74,1963
44,3663
35,2256
68,2621
19,1985
50,11387
99,6165
11,1327
53,1903
18,2400
78,879
216,2270
535,10567
100,4989
15,1227
63,5763
62,905
35,868
77,2314
69,1958
38,2230
350,2745
37,892
318,6779
57,2382
37,1642
30,1839
24,3466
25,1811
56,1350
199,1684
38,3246
41,1644
35,3766
61,4255
240,2505
46,980
41,1163
91,2691
44,2606
31,3698
33,2966
37,2334
61,2056
142,1754
49,10290
38,2596
61,2245
243,16451
17,1135
42,1086
13,927
54,7311
9,1305
45,1846
40,1599
45,769
16,1651
88,1886
140,4605
76,3451
36,1906
74,9312
25,5769
35,947
43,1164
325,1974
79,3764
31,1532
16,1421
62,12997
41,1396
72,1696
502,2037
118,8572
35,3940
286,2201
46,23055
102,3702
47,1360
72,3495
30,1548
44,2361
30,1624
33,4969
103,4736
74,2489
40,2901
38,4913
29,2433
17,1554
24,1080
141,14832
140,4787
58,2965
84,2405
58,1442
27,1365
60,7742
33,987
31,2403
16,1069
56,6717
34,2323
67,1447
56,1681
52,1610
55,4636
128,6127
26,1726
56,4346
33,787
68,1190
76,4972
16,1088
35,1002
25,2936
105,2515
124,1274
20,2050
25,3981
42,8046
36,2820
16,2678
70,6619
27,3918
73,2198
33,1713
60,7338
24,656
28,1972
85,3761
51,2314
41,786
141,1232
44,2461
29,2728
13,1097
32,3091
34,6593
54,12338
67,1210
31,3121
32,2145
100,710
107,3143
34,1538
54,1121
78,12374
80,1492
33,1065
77,3336
40,4385
14,797
305,7653
35,994
36,2025
38,1946
30,4128
51,1826
44,6234
23,2905
256,5775
33,1687
18,1087
52,1513
77,4033
34,1638
54,1885
68,1083
53,1915
35,1491
63,2546
38,1014
17,1605
111,3826
134,4498
31,4079
91,2919
52,1378
47,2104
178,4992
44,3069
72,1816
42,1916
63,1793
9,1846
20,1750
48,2027
22,2481
32,1402
43,976
29,1637
91,3580
30,1312
59,1733
69,1633
56,2302
203,4051
45,2615
85,7375
16,885
20,1426
69,1399
37,846
23,2829
35,1976
31,2003
26,1118
73,1447
33,1893
136,3805
41,3558
231,14800
44,1117
9,1098
93,2349
17,1332
61,2476
62,2707
67,3183
35,1881
387,7293
54,1863
96,3066
32,1826
87,17739
19,1241
16,1298
572,8759
191,6950
25,1820
28,2000
96,7152
48,3150
88,4951
168,1256
39,2095
39,2024
71,6246
23,1188
45,2902
18,466
30,1380
45,2697
293,5062
192,3039
24,7445
240,13364
68,1534
82,4732
27,3811
80,2838
43,3154
30,1793
15,3055
34,5126
28,865
56,1160
84,13051
40,1610
82,2277
38,1302
80,2256
48,2926
40,2543
35,2743
26,868
46,2309
31,1909
37,7590
116,2143
22,2084
21,924
79,4753
32,1036
42,2784
23,1289
38,2386
32,1690
39,808
31,856
71,6279
120,4410
126,2597
75,4480
32,817
89,6717
30,1683
11,1061
23,5147
58,2646
64,4244
15,1946
66,1272
28,1579
124,5323
59,1410
117,2705
389,6864
21,5021
25,1589
44,14035
23,5450
33,2034
117,2096
45,1540
35,695
59,2249
10,567
56,1626
15,1318
37,1379
13,1634
34,1213
39,1533
12,1104
78,8868
17,759
229,6517
53,2457
29,2604
81,5731
82,4500
83,2370
16,2213
97,6242
36,1070
72,4103
90,4104
53,2344
43,1464
224,4278
71,10064
40,3579
56,2219
68,1983
34,4328
29,818
53,1630
50,2485
196,7563
28,1354
21,1554
21,1525
47,5382
32,5191
13,2563
48,1321
29,1057
52,5625
31,1757
67,5541
45,5462
99,5609
48,1359
57,2568
253,11710
22,1027
29,1426
29,1535
57,1122
71,2696
32,685
212,1467
156,2051
63,1497
15,703
49,2164
112,20367
32,1529
42,738
19,859
113,6532
67,711
40,669
39,4726
47,4272
32,1142
35,1056
41,3087
62,4134
13,1639
39,1409
34,1823
54,3179
40,2551
60,1740
79,6460
44,2730
51,1793
382,2949
55,5168
77,4960
38,5225
31,1243
49,960
55,2626
57,4883
297,4926
78,4463
48,3417
56,4601
83,2345
91,11166
71,2747
66,2634
24,1794
40,1433
19,8483
32,4982
30,1676
36,4656
352,5712
62,1708
65,5694
70,1400
21,1488
33,1398
56,2755
75,1599
45,1393
31,1879
13,1565
45,1887
47,1932
56,3916
43,2366
145,3546
53,1653
39,1439
42,945
14,1062
16,4773
65,5059
28,3281
233,3205
514,3432
123,1047
45,1822
12,1294
48,3549
53,1123
97,1377
167,5433
90,10796
82,7818
54,2381
91,2378
12,985
142,3897
58,872
53,1506
17,893
47,793
47,2244
45,2479
27,5214
33,4304
23,1703
22,1230
99,4081
18,2545
48,1037
26,1965
29,4285
245,3495
41,3634
45,7437
35,1220
39,643
22,1631
54,3350
23,3535
89,5172
28,1606
138,3016
19,1391
23,969
18,1266
10,1413
22,5909
77,1084
33,2540
30,8214
74,3431
40,4961
19,1157
78,5850
21,2225
43,1579
41,1893
36,1774
432,3608
21,1165
45,1188
50,1593
72,1077
23,1516
37,5321
76,9126
30,2045
18,1983
212,4067
68,1056
56,1955
215,4197
26,1406
50,1687
74,3008
101,2031
83,3025
87,4479
168,4364
18,1624
35,1368
70,10890
11,2673
66,1111
13,749
78,8354
12,1763
27,2510
35,1480
26,9021
53,3562
50,18927
15,839
59,4086
28,1546
98,4102
65,1887
34,2105
64,2085
32,1257
88,19558
50,2153
40,1928
34,1657
78,3651
94,8017
56,3114
60,2863
82,1934
43,5357
27,2282
49,10033
64,1515
34,3299
54,2014
73,1346
72,2276
29,2038
127,5673
16,2031
315,5813
63,4567
36,2891
61,1167
83,4293
58,1095
11,1307
76,5875
44,2610
56,1983
29,3245
88,5711
55,1023
363,3222
86,6028
46,5610
44,1599
11,1106
261,4320
54,924
76,3642
14,1937
21,1903
54,4175
53,5196
15,1497
13,2873
36,7865
64,4667
122,2807
35,1527
57,2723
117,21448
16,3725
41,2614
66,1136
138,3862
48,3919
34,2394
45,2586
49,901
37,1657
50,2010
44,7065
168,8340
30,3744
51,5331
51,1790
40,1468
93,2945
36,946
36,1820
54,2623
55,3384
40,2030
45,1758
54,2633
31,1963
146,2495
44,1049
23,1403
69,2419
248,6650
108,5180
26,1463
54,1534
106,6479
53,1671
59,3565
54,1808
50,2050
23,1532
66,11542
67,5124
1036,4448
52,1335
13,1400
27,7725
36,3176
314,4866
38,621
42,1186
18,5337
105,2796
26,6059
54,1269
56,978
31,1484
18,5857
24,3248
38,833
36,2684
51,835
147,3611
15,1400
129,5614
27,3735
17,1196
30,1664
33,1386
61,14133
70,2788
21,1354
67,2818
153,7778
46,5280
45,1068
18,1049
128,1589
61,1772
38,1098
33,1225
46,1878
51,2323
30,1929
83,5668
22,2073
105,8902
50,2406
21,2583
15,1447
54,3168
88,5655
59,6400
20,1310
33,1275
104,2819
39,1252
35,737
27,1590
83,5820
30,1678
114,13565
47,1268
105,1371
33,837
234,2301
44,9824
43,1268
42,2296
89,3780
41,1392
63,1356
29,2129
16,1742
24,1395
60,4476
15,1640
12,1367
53,2142
98,1116
83,5642
33,3747
49,1796
36,939
22,1083
106,6370
30,1118
62,4014
45,971
35,1147
27,1637
50,3447
62,989
28,1487
87,2917
51,1470
45,897
21,1683
39,2220
70,1424
21,2562
112,2591
25,1236
36,1762
60,2188
50,1329
33,4551
232,2202
191,19001
64,2216
38,5781
25,646
91,7976
21,616
22,1718
47,3359
76,6434
25,1811
42,2269
41,1066
52,1767
55,1277
44,2587
25,1164
36,1233
64,2314
93,1602
51,1139
86,2376
22,843
24,2556
53,1424
39,1861
102,2713
48,1108
14,1023
48,2211
32,1419
19,2021
75,1515
79,887
52,1178
34,3907
25,1522
112,1751
31,4046
28,1556
29,3700
42,7673
24,1142
54,2529
44,1719
32,2345
62,2183
89,4810
97,1343
26,4385
299,3649
176,3559
13,3365
56,956
35,2396
40,3705
40,14204
39,1983
54,2688
61,6647
65,911
26,1902
68,3095
25,2879
68,1669
56,1464
36,1794
57,5364
301,4683
25,1863
16,1167
50,2940
145,1561
29,1266
82,5782
50,3740
35,9513
398,2638
74,6769
33,3620
89,3114
85,2599
47,3118
66,3265
31,1863
32,1686
18,1634
72,7717
177,5632
62,1395
50,1382
145,9412
30,4045
83,3079
49,5346
187,2032
50,1302
33,1446
47,886
88,1022
10,547
24,1224
35,1255
81,1851
85,2482
97,6003
53,2133
26,446
80,10506
19,3188
68,2127
15,1816
32,1171
50,2457
88,3002
68,911
63,2554
62,2367
104,2552
102,1828
33,2137
114,8324
65,1163
44,5705
80,2779
102,2051
50,3469
40,12717
48,6350
27,1421
128,7845
48,3761
499,1232
42,5055
55,1281
59,7404
75,6736
205,8320
29,1141
37,1528
22,3120
869,6201
61,3463
32,1105
39,2070
69,2361
31,2252
54,5572
8,2902
46,1653
57,4321
13,3873
34,1090
37,1310
21,1289
16,2517
31,3423
48,1652
125,1759
55,2559
51,6777
37,8129
31,2161
14,1165
32,4210
57,3713
80,2663
65,1055
18,1892
15,1298
79,3611
150,3263
34,2059
119,2980
53,2710
46,1158
13,1603
130,3276
60,1631
93,5680
446,2332
30,1788
63,3935
95,2506
48,5077
9,3140
43,2372
82,7318
23,2658
38,2447
13,1193
152,5094
30,2030
74,3289
35,1359
85,1555
35,1625
56,9972
48,725
232,7886
36,1831
56,1343
24,1176
63,2228
36,2909
135,4831
21,1272
17,855
15,1226
40,10208
43,2935
42,1316
63,13626
38,6072
44,1639
26,756
23,1871
42,1374
60,820
45,6057
21,2611
40,1048
68,6330
64,5829
51,4113
57,3120
44,1871
66,2703
27,8296
13,740
49,6656
43,2361
41,702
36,1255
19,2275
87,1695
26,1816
16,1126
46,1545
45,1845
27,1771
50,6033
740,16452
51,2173
20,1834
43,1932
59,1740
41,2200
27,2113
151,2483
62,2646
72,2679
23,1366
50,5713
7,1619
12,1262
36,5357
36,1796
56,3619
41,2062
64,2269
70,2963
25,5197
37,1422
24,1978
92,5689
50,1471
17,1245
38,2085
27,611
43,4441
41,2810
20,2186
35,1547
26,1899
43,2618
49,2742
30,4190
40,2933
32,1935
214,2299
48,2199
28,1277
289,1625
30,1835
71,4239
35,1060
30,1426
99,2150
23,3348
37,2167
40,1877
76,7721
20,3058
23,841
36,1788
235,3175
59,2369
116,8512
29,1275
21,1789
50,1587
41,1323
51,6949
78,3928
108,1117
45,3976
81,1762
66,2192
245,3872
97,9527
34,2332
33,4317
75,2192
27,2550
631,2293
49,5657
14,1389
79,4125
35,1577
74,4135
53,4722
15,1252
12,1191
18,2102
257,6500
78,2939
111,2982
41,919
48,5283
30,1145
850,3547
73,1722
82,1510
16,961
26,1332
16,2310
41,1332
38,1103
20,2804
61,1159
152,5814
43,2092
61,1340
16,6068
36,1871
34,886
46,13240
50,1365
238,1700
24,1197
145,1619
160,6681
25,946
22,1528
41,1496
61,3175
39,2785
50,1339
33,1471
40,2679
17,1479
136,11164
32,1390
100,4330
56,2434
16,1310
27,1522
62,2039
296,3864
26,2038
31,1900
86,2588
121,4175
133,2254
30,1677
45,2459
21,2756
175,3817
38,14465
80,4636
32,1979
31,1804
41,1068
50,2744
47,1198
41,2175
57,1485
51,959
32,1620
147,3125
24,1314
65,2439
62,3980
121,4471
20,1277
42,1157
31,2600
60,2392
44,1608
27,1069
53,3623
25,2871
265,2769
45,1007
30,5329
47,3025
24,6789
55,2775
54,1894
43,2388
42,2649
61,1793
46,3220
22,1539
48,1631
34,799
80,2667
59,3330
61,5000
41,1436
129,2779
15,2160
66,2973
21,8045
76,2039
69,2380
36,1470
746,4657
20,6440
98,10314
138,7028
25,2011
12,570
27,1794
44,1333
19,2113
22,2674
28,1495
23,1195
27,1957
62,1486
78,3340
37,2063
114,4093
45,3600
37,3734
99,1800
11,1612
52,2561
25,4098
30,528
41,869
56,1221
28,1159
57,2283
40,1745
41,1006
111,5951
37,971
21,925
43,2837
23,1237
52,960
47,1526
37,3666
55,2215
93,3487
33,1461
76,3064
61,8105
45,1282
33,3161
20,2433
341,6261
72,5103
48,4641
26,1403
41,2296
10,973
101,1997
51,3168
60,1655
19,2929
129,6886
23,1661
77,2552
55,4855
180,5495
45,1269
67,1451
99,3534
43,2910
51,2536
136,4505
87,2331
33,1381
42,1678
93,1197
295,11073
55,2761
14,1273
166,1226
38,1421
87,3348
22,1648
10,1034
59,6644
56,953
38,1582
183,5256
27,1124
49,3945
181,3769
16,651
23,1168
43,1789
56,2992
86,2037
19,1535
28,1463
342,2094
20,1416
85,2292
102,1415
52,1027
33,2257
54,5059
25,2507
63,4228
24,5253
129,8192
77,14459
61,1009
75,924
53,5343
707,5895
27,1760
54,2954
25,2012
81,4316
13,774
9,1456
78,3469
40,1206
44,6775
44,2844
95,3688
59,7115
36,1420
162,2979
13,1099
242,12439
10,1837
14,1358
28,2285
32,2078
21,1518
104,4432
111,5329
15,980
33,2244
39,1150
452,3571
54,2065
38,2033
16,1597
12,968
12,2445
200,8349
86,1886
17,1199
87,7661
12,1744
75,1955
22,1065
266,9193
45,3825
70,2152
12,2144
251,6510
81,4168
45,1833
153,2179
12,1455
20,1750
44,1167
39,1827
51,5824
26,2000
30,2495
30,1164
78,2090
16,1663
43,1718
35,2101
18,2613
19,1939
29,15637
48,4930
21,1496
25,2458
65,3097
24,1895
28,1779
23,1440
62,1682
76,1416
91,3194
57,2065
47,2643
197,3602
103,3416
46,2117
31,1615
86,4211
120,6156
291,11280
52,5239
50,2369
23,2378
77,4437
52,2717
34,2300
27,1993
32,1367
62,887
28,1708
35,877
42,2406
53,2729
22,15338
52,2109
17,2382
33,3073
50,3669
40,1590
33,1094
75,1529
34,3309
32,2615
29,1613
66,3830
52,1158
36,4862
143,7434
46,1715
34,886
28,1120
44,2187
13,1376
20,2132
311,10615
22,1589
54,1925
61,1573
87,8154
40,3058
28,3869
63,2159
36,2075
29,1296
65,902
29,14005
45,4460
62,3623
81,2395
51,2949
34,4151
39,1143
30,1349
58,1727
51,1399
80,3328
119,3665
52,11193
22,3793
51,2112
24,806
18,1823
70,1640
64,2258
42,7535
81,2971
22,1162
32,1714
55,2154
44,8715
41,3035
28,1075
60,3295
34,2483
35,1120
66,1000
25,833
33,5897
54,2795
12,1112
76,3432
129,7606
157,1955
13,2367
59,2609
15,1938
62,1717
44,6120
43,1342
34,1417
35,2583
53,2050
31,594
52,12858
29,1702
21,1275
114,3820
62,1591
32,1853
15,1459
15,2935
40,3434
47,1794
30,4367
46,2671
43,2445
27,2086
119,1918
71,5597
32,2582
25,3965
16,629
31,1912
38,1353
100,3806
30,1135
40,2025
202,8791
37,1682
36,1454
168,3489
17,2270
20,1503
109,1170
83,2975
33,2385
26,4850
262,3702
69,1912
36,1668
113,3665
150,5225
59,2009
48,4217
52,1778
38,1932
43,3330
16,3136
21,1051
100,4771
60,1620
52,3420
40,6156
61,1511
70,2781
38,7555
71,4683
24,976
28,1431
50,1894
102,3755
119,788
41,2053
33,1710
28,2601
40,2480
41,2517
38,1528
118,2388
38,4353
20,634
21,834
53,1078
24,2766
292,10622
68,24121
13,1038
40,3151
58,3189
26,1224
18,1923
120,1571
222,11801
31,1352
43,5815
22,1694
46,2250
74,7103
24,2567
46,2681
30,1647
33,852
25,1085
63,2533
79,7072
28,2209
48,1713
14,1138
35,1403
16,1591
49,1545
20,1757
72,1076
9,920
42,6930
37,1521
62,4603
41,2537
33,1140
49,1783
106,3579
53,10628
190,9294
31,2642
29,1882
19,1062
205,1405
69,2872
36,2768
20,2323
35,2185
50,1042
23,1526
49,3538
54,5738
24,1141
15,2458
41,2365
48,2548
85,2568
41,1357
31,2058
39,3493
37,1221
67,3370
43,1124
20,1410
48,11195
61,2968
38,3586
20,1056
34,2956
77,3173
33,3096
57,1434
25,2172
50,4094
162,3053
25,1860
33,893
48,1726
71,1637
40,1622
25,1117
36,1308
51,1333
48,3380
72,2378
41,1408
32,2088
69,16334
96,16567
55,2052
38,1545
38,3172
411,7292
41,1665
39,2031
66,2456
33,4120
51,2999
42,2230
35,1761
53,7558
168,6230
25,995
68,3115
20,6124
62,1971
39,1432
82,1892
52,2629
63,2982
64,1921
65,11882
33,4647
21,1238
157,8095
46,1150
137,3683
59,3463
45,2223
76,2754
57,1249
38,12464
69,619
485,2024
319,5151
50,1009
95,3011
18,1460
89,5328
29,1312
42,2034
191,3348
84,5042
43,1079
46,5511
90,2633
94,14096
289,4838
36,1230
22,978
38,1151
59,1412
60,4454
137,4597
128,2074
23,1026
31,2788
19,1500
67,5157
204,3384
28,1910
88,5469
31,3225
73,3896
13,1551
64,4274
35,2763
50,2438
26,1091
17,1700
276,3956
26,751
181,3403
34,2731
76,5267
59,1924
35,1108
50,3091
29,1073
86,2330
83,1371
28,1457
61,3571
45,1217
35,1042
26,997
37,2950
24,1808
18,1871
33,6728
14,862
20,1564
34,3013
40,1443
20,1212
74,3287
11,1085
195,1926
99,11208
94,8441
18,2033
47,3117
16,1414
38,2661
20,1099
27,2913
19,1196
46,2188
24,2040
16,1127
73,4209
60,1168
28,1123
68,1974
52,1408
56,2849
21,1239
61,4986
35,829
34,2218
45,1163
29,1903
57,2213
42,4955
76,4351
194,8995
88,1086
59,1598
31,1689
35,3559
145,3928
44,2758
92,17668
30,1076
18,1959
44,3098
26,1804
53,2103
43,3118
28,1930
75,7905
64,2908
41,2143
39,5476
50,3548
47,1242
53,2210
98,1469
62,2713
96,1190
60,4406
89,3198
47,1531
15,1065
49,3365
114,2397
43,2111
95,5693
67,2123
53,1992
40,2579
50,1400
49,2325
15,680
161,1616
13,3509
61,3338
55,3397
18,1940
14,2177
42,2517
324,10173
90,7214
43,3264
43,931
103,3455
13,1636
217,1721
23,2172
14,2207
67,2462
46,5494
10,1510
21,2130
80,1219
47,1565
72,1704
39,3199
58,6760
30,2560
59,2293
23,1333
54,2312
22,1449
38,3277
39,2411
69,7570
17,1242
37,2022
43,2968
92,17352
28,3697
26,2337
22,2662
53,1925
30,7666
52,2599
52,4990
37,2029
34,958
28,2639
65,4465
52,2382
37,10119
48,8004
26,1149
45,1956
41,2540
28,2227
39,1814
38,1010
32,1100
619,5086
42,7378
51,4709
37,2346
66,5741
41,3439
217,4422
37,3210
32,2822
31,1626
30,1835
48,1330
20,2031
31,927
23,1997
79,2099
222,2512
34,1638
42,1358
17,919
21,1333
59,2680
83,2535
276,1272
21,1982
79,4203
64,4442
32,1117
61,1424
27,2368
30,1487
19,1412
60,6718
279,3378
48,4347
102,5685
114,3651
12,2063
88,8274
34,3654
51,3004
235,3336
59,5995
48,1541
125,3489
64,2875
29,1269
45,1291
81,7600
19,1177
38,2523
44,2849
37,3405
219,3041
25,1505
9,997
68,4091
28,1224
27,1050
42,1257
55,1578
83,1664
93,1561
37,3446
54,1960
31,1206
33,1033
59,10066
18,942
223,8070
71,5821
86,1688
24,11976
88,5724
47,4711
36,1100
35,4384
21,725
67,2672
18,504
38,2376
23,1512
94,3683
46,1372
36,1921
50,8430
26,1282
98,1830
51,1421
52,4220
33,773
53,666
59,2672
34,3148
19,2627
39,1481
70,2846
68,884
38,1422
26,2256
647,3007
10,1700
44,1481
35,8276
22,2763
47,4047
46,6580
52,1135
52,1338
60,4680
37,2738
576,2729
15,1504
54,1389
61,1431
19,2051
96,1645
62,1552
98,1634
60,6061
58,5408
22,4426
42,3929
35,2007
35,4058
59,1410
107,1805
40,947
17,1561
51,2095
369,5144
66,1660
100,3416
22,1343
29,1212
62,4794
73,3104
22,1167
82,2193
43,1389
19,951
32,1097
148,6376
42,1574
38,1063
50,4951
67,2500
23,2619
31,2573
67,7659
20,3039
167,3744
38,5384
33,1354
14,1956
49,3210
60,3867
55,2392
32,4261
29,1021
19,2135
49,2459
82,11069
79,7482
17,994
319,3368
29,1654
43,1615
63,1892
18,1046
76,7002
68,13962
37,1265
71,1579
24,7166
51,3918
30,1741
87,1668
66,2593
15,1999
42,1849
14,2063
94,13416
13,1528
87,3097
62,2958
25,1579
79,2701
50,2998
119,1404
46,1028
41,2262
32,1252
72,2229
32,3205
13,598
61,2668
94,6611
19,725
30,1405
37,789
21,1204
91,3038
55,2443
47,1498
22,4863
25,2300
26,2353
33,923
39,4987
71,8899
18,915
110,3405
99,2879
16,622
97,4534
66,3096
237,5590
150,2259
83,10572
66,1410
43,7503
16,1644
92,6725
27,1374
45,1335
83,2021
48,1535
43,2188
29,3438
34,1455
14,1477
98,3186
19,1802
55,1171
89,4965
47,6711
34,1779
34,2348
14,2510
35,5498
22,3781
37,1913
39,813
63,3241
45,2047
20,1307
46,2201
67,3797
27,1151
20,1586
11,1674
17,2661
88,5950
90,12188
35,1641
46,1807
59,11587
25,1581
37,1363
102,6450
86,2000
14,3566
44,2228
54,5033
60,1363
109,2980
43,5340
35,1820
49,5284
76,2410
43,16493
60,1718
23,1988
36,1530
1012,2514
26,1415
28,928
37,1161
93,5637
22,996
48,1097
64,2919
59,1246
43,1602
36,1631
38,3403
99,5278
79,11840
47,2615
48,2817
47,1319
91,16004
317,2221
59,1034
79,4560
26,1675
57,2073
43,3482
55,4292
70,5266
42,5130
123,4848
56,987
43,2205
33,2694
31,1603
17,1712
28,2125
49,4636
25,626
50,2858
39,2015
83,7819
64,5406
42,4221
61,991
47,2322
89,5450
338,4178
50,1304
71,11287
134,876
231,3909
46,2640
38,6457
27,2070
38,2875
56,1518
37,3093
31,1582
45,1666
25,1000
48,4832
24,1205
31,2033
47,2870
32,1280
15,1127
66,2671
36,2048
69,1389
75,2619
61,3278
244,5758
29,1510
65,2673
50,883
38,1009
45,4196
35,1161
16,1338
64,9167
33,2856
41,4015
20,1394
43,1030
52,1829
17,1244
91,5804
82,4758
37,1168
84,5757
66,1898
31,1181
57,6299
60,1813
50,4367
30,1015
25,3244
77,3454
22,2197
60,8182
77,1700
43,1667
25,4283
16,1790
17,3000
20,1412
106,850
19,1519
21,837
45,2594
42,2736
83,1927
40,1484
67,2187
33,2452
28,2448
23,4358
47,7246
106,1696
125,15314
126,3352
126,2394
66,2155
128,1892
152,5003
101,1682
116,2441
167,2665
100,3746
227,3251
135,5360
115,1306
83,3408
85,1841
128,2221
151,1293
68,6267
63,4104
85,2766
104,2239
118,3124
117,6664
127,5980
104,2854
126,1226
131,1301
95,5714
86,10365
76,4224
123,3109
95,15157
105,2650
122,2414
105,1713
87,1358
99,1338
84,3203
94,1441
349,5462
85,2084
124,4592
140,3137
136,873
113,3668
193,4182
26,6689
177,6020
105,4242
93,1589
99,6099
151,2534
126,2574
105,4228
98,1644
114,2573
197,5260
103,2659
188,7843
81,1988
144,5944
67,6004
81,1707
109,4108
99,1862
128,13347
106,1514
59,1525
141,3639
91,2682
171,10373
157,3351
112,922
182,2391
85,1734
121,2509
123,2634
87,9967
92,5573
93,1450
150,8555
93,2222
86,2027
111,3327
97,1750
94,2701
103,5077
241,1778
84,3654
78,3086
99,1575
118,1397
161,17050
156,3136
104,1968
54,2875
92,2911
92,2083
89,1933
121,1466
81,5426
84,1062
190,1564
125,2395
73,2128
132,3241
96,3651
101,3724
108,1457
128,1302
134,2667
119,3425
108,2562
145,2322
112,4005
108,1164
115,2457
66,990
55,5331
156,2802
96,2475
166,2390
108,4066
101,1657
148,2730
178,1760
65,4035
203,1499
122,3417
139,2387
91,1906
105,1134
134,1573
105,1813
47,6428
249,4603
84,1849
94,2578
112,3832
117,8210
153,4546
164,2835
153,4159
129,3899
87,1355
128,2158
121,8452
181,1867
88,2152
78,2227
55,9901
89,6752
78,4716
190,4210
115,6919
60,2276
123,13621
155,5384
125,2532
82,3489
145,2965
142,4830
139,4606
121,1671
84,1484
110,3447
69,1148
117,3187
102,7827
332,5082
105,1388
78,4184
116,1834
73,9056
101,1823
209,7255
99,2320
96,3188
93,2890
150,5879
82,1473
107,1719
110,2773
157,5216
93,3297
100,1205
102,3002
224,7394
162,5261
69,1477
134,3794
120,1518
99,2558
167,2384
114,8005
107,1561
92,1261
86,1771
259,2600
103,3242
64,3557
75,1729
122,4834
88,3283
131,4758
132,3447
128,12787
87,3030
109,4560
60,4037
123,1799
114,3761
136,2164
56,2354
79,2853
106,7414
63,5063
109,2045
96,3455
86,12101
98,3301
135,21650
106,1835
192,3630
60,2283
153,3003
122,1720
121,1446
174,14937
95,1757
102,4387
86,1655
81,1103
108,4749
106,2560
126,4517
104,5423
114,2610
53,3188
86,4266
93,2758
211,7475
82,2297
130,1406
130,11507
129,1708
114,1829
144,6269
78,3097
130,4539
90,1615
111,1868
258,2766
126,9946
118,5422
147,16910
128,13599
115,1642
121,2425
79,1564
95,1795
80,2148
92,3110
146,1907
93,2912
90,6224
98,1254
142,7168
77,1697
130,3463
64,3478
104,4031
81,1967
92,4000
65,15838
95,4629
81,1788
77,3257
95,5899
149,11195
92,8951
119,1630
97,5636
93,1997
163,2922
367,10647
141,1972
100,3918
245,15179
223,1430
59,969
76,4038
110,3120
114,2030
145,1306
137,1151
97,2894
95,2496
73,3189
110,9202
75,4023
107,1665
194,3003
102,1587
89,11103
101,1589
210,3998
61,2298
111,13813
82,1444
131,11974
79,2991
84,1373
96,2989
174,3381
105,9585
164,2806
120,5710
93,2753
98,1223
101,10355
107,1615
115,3777
133,2107
86,6814
173,2673
77,2811
80,1723
159,22883
118,1751
213,6805
132,3161
96,2105
181,8686
92,7414
173,1883
117,19887
82,6340
66,9555
98,2000
294,5613
80,4396
111,2089
128,6500
120,4890
87,4353
118,3013
105,2453
92,1930
133,2509
66,1595
239,12425
86,9121
94,1500
147,3122
67,1513
103,2813
83,1337
110,5827
116,5255
106,3202
89,1708
128,10109
176,2078
102,3991
164,1405
105,2334
110,2742
125,1653
173,6178
77,1777
150,2677
128,2820
213,12010
95,2453
128,1955
138,4475
171,8766
115,1807
109,1616
110,1723
177,1894
102,1326
76,3844
95,2683
111,7217
112,5255
107,3633
130,6794
87,10564
87,1344
89,1665
237,6472
116,1569
75,2075
40,7419
124,1768
113,2641
116,1783
156,14339
186,2224
86,2193
148,3637
138,6197
132,3769
100,1573
115,5900
116,9838
87,3113
108,2988
116,2548
141,2418
130,14409
184,4433
120,1827
83,3322
89,2186
87,1167
83,1873
79,6333
110,3800
155,1397
244,1266
122,14993
181,1165
67,2455
122,1415
138,8396
133,3700
353,8833
159,7692
149,5670
102,5327
84,2353
188,1471
237,3726
119,1931
97,13841
87,2818
92,997
143,2472
48,1434
133,2473
269,4938
169,6016
235,2388
128,6103
238,6331
85,1220
66,1763
108,2200
139,7770
80,1366
89,1485
89,5271
110,1969
91,4590
96,4130
119,2945
72,22200
186,6604
169,4600
141,2043
143,4378
101,7797
121,1245
134,4339
93,4459
92,1510
79,1577
140,4866
188,2782
102,4958
285,9613
128,1396
117,1165
77,6214
83,11818
159,20070
111,6335
116,2448
172,6019
33,12754
76,3381
92,2444
123,3885
156,2152
135,3461
136,3270
80,1150
167,4813
143,4683
115,1405
130,5420
82,4947
172,1984
85,2122
141,1057
120,3874
120,3356
130,3157
92,3362
89,1823
28,2558
119,2627
125,16627
110,2244
179,7048
95,12534
103,1769
90,5694
82,1827
120,2410
112,1346
100,2441
98,4455
77,1666
95,6438
139,11395
157,1230
221,5213
112,2435
164,1178
169,3418
76,3715
72,2035
121,1859
104,4560
103,2156
72,1659
102,2530
119,1981
132,5211
121,1429
102,2413
231,12897
110,3249
128,2513
356,7888
188,6524
114,1793
106,7424
142,7857
80,3311
123,3174
134,12162
78,9488
75,2197
79,2362
142,2972
107,2499
119,2270
125,9840
101,1456
136,3080
765,6213
108,1690
162,5437
131,2561
182,4322
111,6714
117,1505
86,1146
57,3061
51,2957
68,3829
142,3415
147,5674
141,6953
112,4182
86,1225
104,3811
110,11504
80,2676
150,5328
167,5471
84,2217
90,2788
83,1999
28,6786
91,1448
106,2275
84,2182
116,15458
130,2470
235,5772
162,12736
82,2122
167,3384
154,2212
66,1024
72,2041
149,2187
100,3481
129,2708
89,1829
134,3076
71,3989
92,8751
126,2178
99,1735
149,2929
127,2190
142,2697
124,1784
95,2159
167,6156
100,2345
104,2177
91,3535
103,2440
93,3957
95,1746
106,2242
114,1284
194,3606
123,2044
155,3020
117,7976
173,3432
97,8596
123,8198
111,6830
152,8487
79,3846
118,2411
153,1844
55,866
107,2168
113,4419
117,13084
139,7494
76,1239
102,1006
57,4385
106,1791
36,8534
141,3717
163,2917
93,4149
106,2508
85,8020
65,1354
94,1902
168,2514
68,4773
94,2235
123,2072
86,3834
100,2622
119,6994
189,4057
71,3821
149,3566
79,815
170,7263
180,3659
103,5115
88,7142
140,6348
160,1957
135,17163
206,10143
71,16586
135,1127
55,5205
202,2455
116,5066
106,4238
103,2432
96,7637
106,2670
123,1531
161,3193
74,3682
133,2594
99,5436
68,4153
283,5855
117,4092
140,3773
88,3707
142,6239
63,3284
95,2723
134,2545
95,2102
104,1577
85,6445
87,2645
88,1193
77,4614
161,5591
119,2245
72,3108
80,1834
135,3780
119,2547
88,5101
122,3842
96,1763
85,1691
110,5700
92,4202
103,1884
103,3329
85,2855
99,1654
125,1341
72,2497
125,4263
139,913
80,1399
101,3089
111,1680
153,1486
96,1831
119,1886
82,2481
87,3900
128,9013
113,4680
79,1124
45,4058
86,6273
99,1809
114,2005
138,1480
87,2508
110,7385
145,9104
118,3317
128,2700
66,6466
170,4103
141,2002
103,2212
77,3755
113,2434
194,2213
119,2660
80,1782
154,3012
270,18279
74,1395
86,1296
114,6351
139,1928
102,4562
85,1175
72,1539
115,3209
89,2583
88,4758
105,2639
111,3251
78,1506
101,1493
79,1262
80,4325
122,5232
99,2677
91,1566
106,7215
120,3707
94,2503
167,12207
116,2986
115,5688
139,4792
182,2581
98,3447
416,2985
86,6976
78,1185
114,5601
152,2386
66,4692
151,7530
135,8436
73,7016
93,4790
95,5305
97,4709
186,24934
80,1572
102,3023
263,8203
74,2505
122,2475
126,11829
135,2926
144,1690
86,2178
132,3285
191,5426
120,17154
69,6739
131,2217
62,4045
125,2167
90,1403
113,2231
88,1720
162,2425
132,2716
180,18123
71,2380
106,987
94,2763
119,5339
117,2257
152,5232
113,4003
96,4356
134,3122
82,4034
150,2141
112,6766
237,3635
144,15462
63,2827
143,2242
145,5368
107,5008
85,3322
103,6988
119,2002
115,7343
140,1675
136,9334
117,2187
43,6420
102,965
100,1618
109,5417
80,634
99,2058
120,11637
62,950
149,7582
75,2137
134,2066
108,2259
106,2382
32,6613
94,1787
123,8345
196,2723
135,2584
199,2328
142,2736
160,1477
118,2835
111,9654
98,7532
100,3170
64,2125
31,3523
119,6109
148,1911
77,1684
119,2684
67,1643
103,3750
136,4370
132,3500
269,13822
190,7645
91,6130
93,1452
91,2695
87,3258
123,5452
78,2176
98,4098
121,2558
133,2732
117,1240
104,4667
118,5424
1312,2162
114,2020
134,2720
67,3688
125,7211
88,2931
100,4361
108,2204
147,8535
90,3279
84,1473
117,1922
102,1710
175,1167
115,7160
82,1691
110,3122
154,5594
101,7467
126,7003
76,893
107,7719
160,14932
92,5865
139,4867
165,3735
104,2872
72,2843
117,2526
179,2905
151,1379
70,4338
91,1616
109,4359
103,18357
115,6742
102,2360
116,6513
113,1089
128,1092
49,1215
79,1194
114,2026
68,5256
113,2076
102,13962
87,1803
161,6042
132,6773
182,3118
149,12010
68,4304
119,5108
102,2536
81,4535
55,1316
126,3204
90,2311
110,3961
64,3160
72,1482
280,7715
136,2114
92,13249
119,6750
89,1395
84,2863
78,2380
161,4106
108,8404
86,1499
69,5265
140,10575
154,6209
72,1678
148,6133
78,1552
103,2006
152,2596
188,5104
136,6727
167,3513
85,2679
84,1226
109,2571
109,8919
111,5596
153,6609
102,2308
86,1750
277,7583
166,17271
127,14579
95,1842
125,8706
172,4904
90,3253
98,3498
69,1473
83,1312
116,7880
165,6389
104,4189
101,3020
101,3355
200,3742
109,2605
106,2157
132,1695
79,2649
119,1470
89,1415
85,2869
124,2197
98,1487
102,2277
141,2424
200,4574
126,2885
99,3350
87,1516
110,6914
40,3566
304,3226
127,1377
113,1815
109,2087
89,1205
147,3522
79,3245
129,3322
148,23796
125,1881
82,1727
67,2445
123,5012
49,4423
81,1287
91,3703
91,2374
132,1696
255,7619
123,1234
123,2067
111,10399
81,1574
112,1778
136,1545
100,3488
100,4270
149,5118
104,1314
106,2006
154,5594
175,2692
147,2028
85,9930
160,8036
143,12229
104,4286
97,1451
122,1817
100,1654
57,1591
115,2963
71,3455
147,14582
88,4220
94,2281
61,2708
104,4697
50,8896
123,3778
103,2265
94,3959
128,3532
71,2101
98,4534
189,2668
121,2010
164,12341
137,1469
119,3006
81,6316
99,4304
121,1823
134,1189
168,1384
132,4484
72,3316
71,1884
78,2312
50,11048
70,2450
78,2745
100,4671
82,3353
96,11295
109,1674
151,1228
95,1062
117,2130
135,3663
66,1969
122,4355
156,2528
84,1679
94,1538
131,2576
183,3017
126,1890
115,4639
66,1514
152,1821
146,1221
222,5526
107,3633
86,8754
95,3272
145,2379
156,8860
193,3132
92,3899
81,2264
77,9731
132,4077
66,5146
116,3874
137,1686
138,4410
168,2179
129,1754
66,7351
104,3286
126,9421
70,2019
78,940
135,2887
101,2352
93,1525
40,3123
74,1693
160,1147
106,5259
55,1570
124,3237
137,2102
124,2157
345,2296
125,4827
99,4115
92,2075
195,2807
116,1968
124,12208
125,5879
121,2513
76,1712
121,3252
112,4273
138,10779
91,2342
130,4593
99,2608
88,1367
159,8343
201,8466
144,3861
96,5900
110,3192
116,3026
99,5297
150,9249
108,1656
80,1231
83,4180
77,3380
134,3463
99,4269
129,2721
85,2266
95,4137
125,2029
121,7802
95,1696
110,4913
76,2438
102,1518
173,2698
112,4588
120,2028
138,1553
153,2225
115,2542
128,5218
96,1752
142,3999
124,2586
124,5201
93,1977
54,2623
80,880
101,1701
104,1754
109,2123
102,1879
88,15661
166,1152
112,1490
110,3466
100,2996
96,2965
69,3266
105,1097
95,3073
147,11667
70,2170
76,2546
106,7529
93,4197
69,11389
85,3482
148,1641
112,4260
113,7744
86,2282
299,4110
65,1779
103,3925
81,14360
129,5492
159,3126
116,1400
94,4170
92,2580
159,6203
105,2653
130,3426
89,2907
139,11927
100,1635
99,4916
206,2843
168,6933
80,1600
146,3123
72,4778
103,2349
142,2641
90,2832
76,1372
84,2268
127,1482
134,2206
155,9122
154,11421
107,1638
141,2085
102,5833
91,9532
126,3939
73,3015
124,1453
157,2506
114,6145
105,5856
106,3722
96,7572
156,4123
124,2231
119,1296
81,3406
113,2659
59,1520
102,3751
110,5424
97,1462
130,2310
179,2852
121,2571
98,1533
110,25384
116,7924
142,13884
176,2087
140,4434
173,2554
166,4992
88,1300
170,4094
103,12322
112,4614
134,3902
176,3487
169,5111
149,3535
73,11117
53,2955
145,4200
117,4107
98,4362
102,1166
89,3300
129,3339
121,2301
162,7476
139,5264
275,3644
154,5733
82,4767
167,1706
116,7299
98,7648
136,1496
93,1688
117,912
86,4759
106,3088
156,2262
132,2952
128,10246
93,1472
73,2690
191,3423
105,2640
79,1365
99,1454
128,2131
175,1304
28,11384
95,8894
149,2222
59,13404
102,3874
158,3278
256,3920
152,6593
414,8008
107,2329
75,1609
100,2436
163,2101
131,2613
195,6536
100,2902
110,15158
76,2071
144,2982
92,3242
83,2283
85,3117
479,2951
77,1734
66,1304
108,1639
205,7380
109,9187
66,4417
131,4216
62,2299
98,4275
124,11821
111,1243
70,1973
128,2660
99,2210
113,4813
143,3447
100,2831
79,1690
139,3625
89,1476
107,2895
82,1977
172,6149
108,2664
130,1152
131,3289
95,1713
99,2162
81,1018
75,2439
107,5158
125,1081
100,1886
83,2178
120,2501
97,2292
123,9144
153,1799
96,3920
182,6035
89,1768
84,8865
83,5925
128,1614
79,1263
73,2050
108,3815
129,8919
86,2661
92,1184
79,1688
75,5291
96,2077
127,1737
133,1159
80,8704
192,1435
102,4286
111,2329
114,3217
91,5772
102,1691
93,4496
93,1709
136,4898
105,2111
96,1881
173,2659
130,5224
120,1355
103,7105
164,4048
118,4979
159,4120
167,1900
83,1551
82,971
95,2929
71,2556
139,1141
164,3667
211,4320
110,4526
153,2233
79,4680
240,4323
141,3609
81,1396
118,1595
92,2415
83,1919
176,3177
153,1466
63,2666
78,1463
152,3268
112,6452
115,1155
118,8553
128,3860
109,3610
75,1571
78,5758
64,2026
113,1879
108,2159
111,1903
140,14366
52,7805
174,1936
133,2818
88,5746
110,2244
177,3671
130,22623
97,4190
99,2307
106,3064
158,1417
110,1742
148,1769
129,2658
128,1478
118,13233
88,6243
129,5142
81,1438
157,2442
97,5613
80,2007
145,4879
76,3430
108,7749
88,5566
99,1550
184,3533
77,2602
165,2781
78,1333
124,3835
219,7118
141,1997
89,13908
117,5233
117,4252
139,1794
83,2069
111,1872
103,1748
86,4401
143,3650
95,1168
90,5613
98,967
113,4050
115,22184
97,1919
102,2320
127,2518
173,2669
87,2043
148,8020
111,2497
89,1902
91,6707
81,2629
111,3652
45,4599
96,2473
111,2766
97,2650
92,13196
46,8351
133,5553
130,2861
103,5565
144,6504
122,4388
73,1604
108,2484
95,6783
218,2513
121,2914
104,5425
63,1954
145,1465
133,3242
35,8369
145,1863
125,9660
145,2491
145,2052
155,2564
125,11753
100,4338
101,1174
90,2823
212,5512
67,2372
197,3162
153,1882
70,1441
118,2625
149,1617
111,8361
120,2219
162,4746
181,7888
155,5331
152,6490
112,1518
92,4774
65,3427
109,16008
146,2075
122,1578
80,3153
119,1273
91,3534
53,9388
79,2005
113,3899
92,1780
29,7670
185,3929
88,2911
110,7057
108,4574
113,5093
142,1401
176,4389
122,3978
171,2802
75,2181
113,4733
113,2543
130,3927
108,1772
150,2502
115,2673
92,2488
51,1827
102,2453
127,2733
103,4306
63,1852
112,4782
71,1725
121,2557
127,1779
97,14717
97,2031
87,1711
98,4383
88,1584
162,1813
92,2986
47,6702
143,2958
97,1281
83,4766
75,1665
102,3965
123,4922
114,2579
106,3654
102,1829
86,1430
114,1952
56,6385
160,10695
69,4736
77,966
189,4198
135,6048
145,4233
122,2109
110,4132
97,2850
189,6827
71,1890
102,6976
85,2768
137,19215
93,4952
175,5237
112,9029
83,7565
99,2686
102,6920
102,1858
113,7813
81,8793
166,6019
100,2599
84,1172
138,7057
187,5972
90,8255
189,1863
114,1251
108,1680
63,2405
156,15001
90,1269
107,2622
115,4053
126,2465
87,2212
63,12204
104,3697
74,1851
61,1315
124,6864
103,2565
128,1797
103,2404
166,17862
113,1605
104,1714
179,4105
166,3797
87,2602
96,3500
152,3637
68,1859
144,2561
121,3327
109,6697
111,2643
104,2606
80,13461
81,4610
173,4981
101,2591
140,5259
109,2511
83,2237
75,3276
123,20167
125,3127
124,5796
80,2058
81,7428
78,1745
136,2424
146,2082
141,3679
238,5487
211,14764
102,2942
120,8800
51,14984
94,1818
125,2760
85,1289
141,2454
110,1084
92,2408
112,3933
224,11210
110,1719
74,1554
99,4206
190,6666
159,6783
111,2611
81,2549
128,2141
70,2781
102,1841
97,3777
161,4788
91,4000
57,6169
87,1364
105,2139
123,1129
124,1594
94,7566
136,2892
138,3245
151,2146
105,1714
92,4809
62,7297
142,1573
66,5667
114,4672
112,5894
110,1557
115,1794
96,2014
54,10422
48,1190
179,3290
78,2456
94,4262
80,978
137,8621
156,5425
116,3751
124,4800
108,8334
69,1952
118,1816
124,1919
170,4586
191,3053
109,3457
126,12864
179,3325
115,2550
97,4666
259,7241
119,7157
103,7783
134,2108
458,4565
122,11464
72,3326
238,2039
149,4408
109,2876
195,2314
164,1220
120,7653
88,1047
82,1505
127,3203
53,2459
157,4568
65,2327
119,2131
160,2934
104,1476
117,1539
129,2361
130,1146
117,6842
83,2071
71,1222
111,6705
84,3669
46,8478
106,1489
146,7646
125,2053
123,2538
116,12768
102,2365
77,4429
166,7402
72,5896
208,8421
108,3065
130,2654
170,1532
91,3682
176,6388
92,5139
66,16405
113,9209
107,11652
120,6728
82,6244
52,2117
107,3647
114,1750
124,7048
95,2501
88,1174
125,2986
90,1654
80,2865
168,2720
145,7338
135,1800
141,1766
110,5144
94,1796
127,1267
102,1406
86,3704
123,1778
82,3131
127,1868
125,1901
99,4841
127,4552
66,3644
124,2978
110,9587
115,4008
109,11458
500,4727
101,2590
90,1682
74,3417
68,4264
113,6273
129,2780
124,2945
90,1633
118,3111
165,11052
99,6837
105,4114
53,3113
167,5086
290,3508
121,1595
101,2031
104,1859
69,2224
130,3936
116,3677
103,12252
134,2482
107,2622
100,2656
107,3192
151,1975
120,2629
137,5609
107,2945
78,2098
100,3460
107,5501
103,2736
101,3959
245,8239
82,2768
132,2907
112,1276
78,2726
131,1804
111,2986
119,3432
73,3888
154,1324
114,1913
94,1094
104,1731
189,4308
68,3839
155,1407
151,5070
91,2849
70,1542
122,2467
123,2324
116,2578
104,3618
92,5523
91,4794
118,5049
132,3162
113,4863
99,7411
158,20377
121,2381
82,2089
114,4055
91,1605
125,3054
88,5847
100,3588
123,2599
115,1216
96,1580
163,3986
126,7792
103,1395
174,4699
210,8919
93,2994
208,8462
119,1954
213,3898
79,8595
93,5849
55,7957
80,5988
201,9843
184,3093
120,2723
96,1776
145,2032
20,3800
85,4143
132,1862
49,6067
121,13726
81,2443
75,2439
70,1294
90,1339
147,7760
85,2462
163,11824
255,3314
143,4500
83,1236
102,5719
77,3495
116,3058
122,1799
88,2154
115,4654
107,1539
120,2519
105,1935
92,1592
70,927
131,2492
121,3546
105,2404
120,12798
171,1640
110,7249
88,22030
87,5317
89,2302
114,3444
145,1886
108,5616
118,1607
123,6159
91,4261
29,3871
119,2628
86,3996
77,5102
98,2965
158,1637
159,9715
87,2337
99,1872
138,2711
64,1902
124,1772
100,3996
130,2224
148,6081
69,1621
88,4072
114,2738
86,3437
114,4176
133,2169
23,5305
110,5302
113,5642
103,2867
129,4989
184,11642
149,8023
88,2350
115,3399
88,11088
144,1570
98,13412
155,8555
57,1954
92,3245
147,5027
99,2716
93,2118
75,6622
65,12567
178,3156
98,1707
99,5442
129,5255
141,7696
141,6133
186,3754
125,2838
111,1296
108,1475
113,1985
108,2720
86,1556
120,3112
90,1654
89,3819
187,4227
157,7471
196,2895
133,2551
121,5533
100,2405
101,3359
125,2281
197,6046
89,3404
80,1164
73,1310
72,5366
105,1857
126,11033
123,2818
120,1088
145,1513
152,3034
118,3776
143,4773
125,1778
148,4901
108,4683
113,2301
65,4021
179,3060
79,2791
121,2842
112,7137
363,16436
146,2744
156,1960
121,1475
126,2989
116,1640
152,3942
131,2809
128,2445
149,5424
167,1785
143,7264
76,4275
93,2534
139,1872
135,5262
138,3473
126,3324
133,3095
107,6876
91,1822
94,1060
127,2210
135,1665
63,6452
131,6249
95,5592
100,4103
79,2556
111,1647
75,10132
74,2122
89,1163
181,2660
112,2094
93,1385
108,10405
101,4156
81,2322
105,2167
104,1809
69,15363
106,3425
103,2521
76,2113
67,1330
57,1633
114,1766
162,2143
38,5986
135,1760
60,4341
51,9536
117,4796
137,2305
102,4304
65,1418
69,1224
232,2140
122,1429
102,3455
87,4075
94,3217
146,1697
118,1667
111,11402
98,2064
122,6048
99,2867
590,8298
165,3777
88,1662
111,5356
145,1906
110,1068
150,5791
66,1879
104,6730
81,6018
106,9512
186,3715
219,4175
104,7460
92,1865
123,4166
74,1836
98,4706
94,2194
124,2995
66,1706
110,3270
82,4885
103,1688
103,969
144,1710
103,3359
100,2520
97,2091
231,9882
93,2099
87,1324
115,3248
127,6788
101,4320
76,2170
100,3488
77,1736
114,21139
120,6637
78,3160
69,5807
125,5039
105,1871
114,4773
85,3160
98,3045
123,1457
136,1847
92,2131
111,1696
62,3303
137,5828
83,2499
228,4241
120,3916
223,1656
104,5408
116,1511
115,2954
132,3649
214,1339
107,18517
128,1484
73,2304
111,1206
126,12178
86,2996
100,1902
85,1160
124,2987
83,2069
106,2194
71,1749
125,1446
85,2063
102,2284
111,2006
132,3745
105,3642
108,2935
84,2177
132,3108
146,3691
137,6210
89,1933
187,5734
117,3767
84,2023
113,6647
97,1514
174,3449
71,9672
155,3001
68,2237
100,2071
120,4692
37,3624
107,2704
88,1403
111,1519
90,2007
100,2182
88,2825
142,1099
109,5056
148,5997
114,1413
133,19183
113,2810
281,2731
109,3608
94,1458
108,1270
94,2159
97,7165
185,3476
116,1337
135,4006
101,1575
67,4786
98,1066
86,2772
138,7650
97,3219
136,5522
299,2026
124,4477
109,8972
62,3150
162,4017
76,2903
73,3523
145,3198
180,6900
134,3235
85,1978
118,4122
140,2601
152,7453
120,1787
95,2649
77,5051
86,3861
30,3838
81,3522
104,1360
100,4018
125,1031
185,7549
141,9451
211,16551
162,12406
120,3856
87,5808
105,1347
89,2640
187,1472
76,4567
90,4132
129,2758
83,8163
79,1767
146,3082
120,1249
73,6788
95,2709
159,4896
128,2437
102,1474
108,1277
92,1400
100,3569
215,4801
78,2016
154,2860
147,2953
93,1026
91,2509
135,7440
88,2256
163,3272
157,5104
138,5967
145,3103
117,1345
72,1679
127,4643
90,2858
138,13868
133,3517
171,5358
77,3182
94,13241
96,2601
141,2469
86,5623
149,2137
149,2316
172,1530
126,7735
120,1565
183,2832
87,1584
95,2787
76,1056
79,2981
78,2104
154,2657
86,1476
102,7198
90,8929
119,1903
143,2399
166,4159
141,2236
119,5180
57,5886
185,3464
80,616
102,2749
129,16664
132,2485
90,2363
88,2648
85,2720
104,1706
147,2760
96,7202
74,5670
135,2606
93,3741
89,2214
111,1943
133,5049
76,2817
306,5466
172,3131
107,5020
100,3957
85,9468
101,1326
122,18412
154,4409
98,6573
114,2818
97,2895
74,9500
102,4311
71,4364
88,8694
104,1013
116,2723
84,1415
155,8738
102,2409
66,2310
96,1786
156,1585
118,4226
110,15727
165,3639
84,2486
134,3007
133,7148
101,3465
240,17588
107,2009
45,3896
108,3736
98,2337
93,4733
131,8526
142,3547
97,4847
84,11466
96,2730
104,2183
115,10038
72,2786
126,3367
82,3009
226,5835
96,2074
176,5402
137,4628
134,3859
93,1436
97,5798
192,3000
103,2692
140,11780
96,2634
134,2430
61,1637
117,4619
81,2074
106,2370
104,4605
156,4328
157,8565
107,6518
148,1685
73,3302
72,1098
114,4428
260,6858
216,7595
57,1270
109,3210
86,4082
107,4637
85,2328
128,4718
118,1099
113,9243
85,1779
100,14049
73,1669
113,2432
100,2769
139,3799
92,2326
94,2379
65,3862
169,11824
146,2961
111,1915
380,9577
117,2357
81,1474
108,2847
65,1451
113,10389
126,4318
98,1787
238,4779
147,4148
58,4078
76,6972
129,1736
75,2034
116,3301
131,1809
84,8699
86,2281
120,5355
207,9976
84,2749
122,1590
149,4852
120,1545
116,3203
144,2780
226,2788
99,3112
104,3725
180,4141
171,1792
138,9571
122,3539
156,4075
249,3255
134,1438
127,15070
141,6306
57,11816
44,3368
94,12098
50,5380
93,3030
78,6397
61,2539
92,4401
65,9619
180,5679
80,4939
100,6102
53,2353
77,4239
254,1646
109,6421
93,3860
148,7798
56,14886
70,7037
46,3129
106,25497
137,22051
87,3076
92,8596
58,13043
63,10092
81,15787
145,3674
50,4226
55,2826
87,3198
51,6701
133,5381
74,10484
66,7189
96,11406
74,20101
147,4147
161,2219
66,9225
82,5146
121,10713
188,10742
65,4610
103,8088
79,10248
183,13914
88,16440
119,4761
31,1895
101,16003
119,2941
69,3865
109,1786
71,10287
41,3473
53,7082
46,11833
39,8818
76,4756
94,4590
78,6111
65,2203
96,9288
142,6774
82,22727
56,8286
103,12560
96,7276
196,16196
57,5599
63,3271
86,16941
145,5418
94,6823
104,10784
106,11751
95,7959
31,11711
122,7002
185,13013
168,7648
54,1003
50,8893
218,13824
139,1315
109,13427
40,4990
47,6450
73,8056
76,17102
40,1845
75,2774
98,19488
136,2872
56,7003
140,9071
77,7546
171,6995
81,6917
146,16117
67,6308
95,6105
65,8413
88,2655
135,3369
119,16514
141,3240
61,6379
85,8862
91,7730
41,5128
110,8689
174,16057
73,4662
87,13856
48,6029
113,9897
50,5588
90,5280
203,16084
239,5556
144,17808
88,2386
119,3935
74,7566
177,12733
71,3634
95,4437
118,3998
107,5685
35,6496
56,11930
93,12870
45,7420
57,12310
76,13754
72,6039
106,4917
105,7825
147,5144
98,15139
123,7385
92,3482
104,2384
173,4447
156,1624
156,12514
110,5407
59,9367
139,7877
108,4135
93,12822
76,3272
83,1735
131,8526
52,6858
234,20797
302,2626
188,18854
147,7250
38,3873
54,11072
42,8760
190,3097
85,1452
110,3857
85,5465
66,6783
105,3596
57,2152
79,8301
203,14442
65,23520
172,6047
72,5617
167,8559
240,15364
163,10481
204,8633
177,10133
230,14552
49,3453
187,3147
100,8284
65,9859
68,5735
70,4758
145,7136
114,13859
118,6608
130,2719
138,19090
198,10995
145,2179
63,5441
137,2545
74,7666
140,5285
120,6846
56,5123
123,7321
149,10781
54,13242
63,11430
53,10717
62,4326
186,17017
54,5948
96,9767
121,2865
119,8690
82,3217
94,13433
67,3815
39,1825
57,7119
218,4156
181,6375
76,2927
88,2540
101,3940
94,6932
116,6469
41,10230
409,5954
72,4562
43,3422
151,4305
123,17850
42,8608
131,20528
56,7190
125,5094
25,6382
88,2475
111,8074
78,5001
53,6608
88,7836
179,13488
73,2833
59,8941
59,9475
97,4309
109,3498
95,7853
82,11283
152,12391
87,3655
162,8785
114,18967
154,11258
47,7473
194,10744
119,15616
74,14412
62,2214
33,8693
148,4410
48,4057
82,6915
85,2400
154,7386
89,5711
119,3472
110,3425
90,10140
48,7262
99,10757
103,3899
132,21273
64,5943
96,17254
107,10668
82,1456
57,8339
189,5610
72,11032
114,11359
91,6764
144,9259
68,6712
166,6854
223,8400
60,9872
209,18163
101,10910
117,14348
92,7929
63,11644
121,16983
85,17247
83,7916
108,15003
33,10645
48,11099
101,2336
102,2456
42,4681
69,10534
181,13209
109,4249
81,5943
55,11237
117,2147
142,12852
104,13297
94,14347
121,3691
64,3224
131,6426
82,9067
80,4471
104,4001
38,7434
69,13343
97,7305
189,14843
107,18551
82,8524
120,11333
71,7032
142,11187
190,1305
97,6839
70,2250
69,6388
126,4168
142,9340
118,12185
144,10939
97,8010
145,14551
157,6463
52,7662
141,9219
93,15260
46,987
128,17798
136,14545
801,31350
45,3782
93,5028
78,7342
65,8014
113,17657
54,2789
82,2787
98,1968
56,15527
178,17919
139,6232
186,10086
101,8479
114,14399
286,9334
124,10489
77,4084
102,4332
63,5745
99,14357
200,12662
134,7837
106,1565
61,5551
111,11590
179,13279
141,4596
46,5354
42,4477
250,2423
44,4604
130,10946
110,6049
299,5766
98,14809
123,5932
57,3082
69,9121
131,3500
72,4847
95,15381
41,5452
128,5635
57,8528
284,2659
111,9958
97,4762
45,5939
76,4831
160,6147
62,2332
75,4717
91,5310
172,14030
182,9372
369,10182
148,8919
179,8145
69,10112
84,6266
125,16212
65,3192
112,11453
53,6524
117,17782
119,15055
189,12694
206,7671
97,23681
257,10524
71,9703
72,16836
48,3909
87,22736
78,6905
66,1159
70,5711
55,1883
39,1556
840,7438
79,9261
65,7169
305,4499
134,3681
80,16330
95,9843
180,10364
94,3961
117,2529
89,6680
109,8758
118,4085
119,11517
66,13728
102,16491
109,2346
66,7707
131,9358
63,3595
84,1932
60,2642
132,15754
44,3813
95,6193
106,14280
62,10305
82,3701
60,2332
167,19872
142,13850
50,10030
93,25997
73,6047
64,11543
189,15038
102,2960
67,16970
45,7016
121,21277
209,14966
129,18422
111,6775
72,9536
32,2103
59,2678
40,6241
99,5247
73,5760
48,6786
125,15855
87,22269
115,5910
126,3193
94,1694
87,8729
93,9586
61,15610
87,7939
94,3223
86,7568
103,9356
58,1543
181,19113
126,7286
127,8176
80,4600
58,7437
70,8733
37,20409
167,9561
44,3926
176,11750
106,3203
70,1493
125,15970
113,8068
80,5125
143,7490
90,1995
162,4321
216,11274
137,8415
52,1889
60,9110
88,1939
104,4275
214,5448
93,10337
240,14275
63,7803
79,2544
73,10808
131,14057
125,15268
96,12968
102,7741
133,3081
40,8421
125,8898
103,21585
74,4220
103,19177
33,3655
74,3550
117,1794
94,10640
100,16580
117,7208
95,3417
60,6273
103,5870
102,7313
140,9076
45,8958
108,18432
73,4979
142,9179
70,12052
204,19476
170,5320
188,14697
86,1933
67,4633
109,19019
100,13363
83,4185
108,9198
62,14808
111,2991
81,1114
135,9541
132,14406
122,6322
46,2426
141,7139
140,9410
80,15598
73,8434
30,11091
181,14010
111,13449
147,10290
54,6185
66,9247
104,6657
58,3495
83,4133
149,10631
40,7852
145,5028
62,11325
40,11877
803,3833
47,8978
71,6477
99,3393
82,6282
95,3956
66,4610
93,4916
74,6318
101,7996
69,7037
103,4045
145,9286
38,6910
87,21428
69,5693
77,12386
141,5728
143,12568
65,4954
116,9573
308,19865
69,2200
151,7027
123,8426
45,3812
106,1009
113,5409
52,3715
58,8693
75,3403
123,8023
57,3845
149,14043
107,10869
117,4280
101,8956
69,1201
75,5244
233,8115
94,19071
45,4596
69,4943
123,7711
93,10708
126,2628
46,4280
77,15473
53,8996
54,4243
77,2105
41,7538
52,16798
259,6683
298,4021
116,6380
111,8408
44,2850
104,12270
72,7126
171,1630
64,6069
95,3448
113,6738
149,7883
35,4228
89,3159
110,10716
107,27907
69,15065
58,2478
52,7250
76,5846
166,5685
120,5055
37,6030
106,15671
74,11043
107,10121
124,13810
171,5882
152,15109
80,5056
63,7595
146,4806
25,6908
134,8583
38,6388
53,2241
142,7234
179,10868
91,21041
97,19727
97,16405
33,7204
67,7123
156,11172
54,5932
96,20407
177,6248
140,14848
175,7919
105,8503
90,3619
72,3664
128,19559
92,4647
121,11891
104,4114
115,15455
74,21451
74,3717
151,12288
56,16834
65,1888
81,14825
82,4466
99,9011
91,5015
122,7729
114,9856
55,5599
93,3544
1137,28210
85,5653
91,4752
96,5565
161,9017
37,10736
50,2885
176,11022
138,15311
80,8146
64,10191
121,4777
60,10752
109,4374
95,9142
75,1404
65,10415
124,19364
149,24561
52,3558
94,1353
192,3893
85,2693
115,10191
33,1740
145,7456
129,4708
49,4856
128,5394
156,11138
207,9213
50,13244
101,12352
71,30229
108,10088
155,1572
174,10834
217,15101
199,1342
38,1884
116,6419
103,2327
94,3167
124,6619
118,14522
56,11889
288,2712
88,3424
104,2692
128,6054
85,3768
106,17685
32,7354
85,19121
141,2130
96,13332
61,17773
126,8262
78,1825
59,8807
64,2274
74,12838
75,3187
125,3403
57,7799
176,14385
95,24093
131,18942
112,4314
75,15260
80,6039
128,4969
73,4690
137,8412
110,9764
115,6548
110,13537
89,6658
93,6087
60,3943
106,10163
125,15471
101,3404
67,2132
80,7332
41,10674
161,13189
117,9020
180,16102
66,6251
96,7765
88,3257
223,13332
102,7593
109,18478
30,14338
85,4673
80,3723
96,4028
142,12930
87,11787
251,16494
43,7453
161,4071
93,8663
80,7703
59,5355
68,1547
146,15374
92,8311
116,5534
215,6932
60,8296
108,7917
67,9807
57,6906
145,12848
48,3296
117,5314
57,5926
118,10285
101,5525
90,8694
135,4639
80,9734
96,7785
43,7823
105,3954
444,15446
100,11075
76,2981
89,12052
73,6436
44,8042
181,11369
132,16646
73,5915
102,2841
65,5398
86,11962
79,14914
54,6758
69,18561
71,5022
55,10341
75,4138
136,12796
108,11409
172,19946
479,6548
98,4827
99,11952
61,7017
77,5713
196,13247
97,3755
216,7423
97,4305
93,6967
152,6942
80,11161
138,7848
118,17942
51,12845
57,2730
97,1153
51,5273
72,3896
71,5897
60,8078
137,18902
37,10767
198,12212
103,5752
47,7854
79,13860
73,9965
72,3070
45,5920
119,9744
60,11859
98,2050
169,4957
84,2030
403,10983
72,9508
75,6893
72,8938
47,2194
95,6859
53,2871
98,15576
46,4370
74,7700
102,7933
99,2697
184,7906
30,6781
58,5448
32,3129
122,6334
68,4808
141,9929
91,3658
116,6059
86,5114
190,11093
245,12679
87,10883
124,12313
104,4271
112,7865
146,22252
800,6741
53,10395
157,16486
77,1938
51,4821
42,2552
144,4866
107,4971
91,12022
83,7838
131,14235
150,8987
73,2487
40,3771
45,8099
82,3213
75,8969
156,2531
35,4307
118,17710
81,3414
129,1111
97,15001
145,10946
134,15271
96,17886
292,16423
65,3813
264,20454
84,11815
81,15363
94,6991
80,14514
440,4209
75,1547
60,3603
85,2170
90,17006
34,5868
45,9067
56,8348
47,9631
55,3931
60,2975
141,22069
239,2758
117,8513
87,3013
120,18159
98,3533
117,3924
114,8796
130,5407
71,5540
122,2580
99,3981
174,4011
83,7338
105,12899
115,2518
165,4385
66,5254
115,11056
41,6010
53,6205
128,11189
54,14140
120,1680
109,9065
123,2509
167,6809
156,5148
87,12609
66,14088
190,15891
51,7186
123,6478
46,2930
73,5321
132,2179
38,7210
152,2886
88,6197
117,5631
57,9514
144,6314
75,9091
124,5408
257,5464
107,11211
76,3385
73,5214
163,3731
194,10147
98,7610
87,5334
101,4463
107,3492
82,12142
78,1734
35,4808
50,2334
48,8995
52,2643
138,9301
58,8423
144,3199
39,6932
119,11724
60,12997
85,13852
44,4811
54,9820
106,3633
113,4384
171,8944
75,8648
183,7264
77,1760
133,2173
116,3072
100,2694
48,4409
68,1949
98,3802
128,8285
108,7053
138,2577
48,9999
132,9394
41,8410
35,12866
43,8381
68,5139
380,7773
58,2657
103,8909
39,7133
199,16263
156,7073
159,12120
61,16635
106,9861
95,1925
52,2704
223,5406
59,5903
59,7827
90,11182
75,7110
100,9996
104,5865
44,10728
118,13864
101,8116
120,11112
126,17387
58,12928
162,16749
91,19254
47,8227
59,17359
153,850
145,15145
217,9307
159,3223
53,2110
126,3640
106,10152
85,10034
70,7359
74,5424
64,5530
44,4229
149,15380
123,6989
76,4875
140,7439
65,12513
194,6126
65,8729
99,5082
43,1976
66,8693
42,6283
177,3856
62,7893
68,5878
124,9767
274,19573
128,8174
236,6238
56,4395
169,23941
37,12163
72,2077
41,7546
41,2445
71,15450
111,10963
99,10476
60,7045
56,14351
60,7338
84,10498
65,3081
144,2758
83,7612
65,14786
116,7883
130,10859
172,10299
104,14130
58,13966
131,2851
259,5863
114,8427
126,3261
102,2798
97,10899
73,3732
85,10757
263,22375
839,14842
140,6563
82,12667
117,5694
76,2243
93,13530
90,11749
127,5907
67,4898
46,7649
188,5555
52,9985
152,4281
83,3726
201,6625
98,2975
149,6456
124,12951
79,4796
139,11008
34,3138
60,15701
185,8115
81,3416
88,2774
100,5660
158,10199
211,5227
101,11841
61,6976
42,2377
44,10360
66,10560
113,9226
117,10182
105,2002
174,1763
74,2250
59,4262
92,11049
81,4765
127,1755
114,9073
78,3036
142,9232
73,11144
53,2368
50,9345
42,6427
160,4913
153,13722
229,11460
74,7342
49,7457
72,7997
91,7914
67,1673
27,3080
139,15790
85,10553
91,14415
292,14465
89,9812
802,30411
68,6047
111,12377
33,7097
93,6354
113,6083
46,13617
73,13266
102,3906
64,7415
61,6892
103,3537
113,4688
53,8673
58,13270
46,5895
51,4632
44,4244
65,7551
184,15255
120,11892
145,5862
88,4903
46,5488
77,10743
122,10205
214,6928
78,8214
75,6089
68,7245
70,5720
67,4725
117,5638
76,5895
131,4878
87,7179
68,1154
145,14578
72,12764
69,3404
53,4162
51,10082
62,2494
159,1460
161,4521
93,4238
115,6947
48,4432
136,13299
47,4616
133,2836
122,9134
53,13480
87,20799
55,2573
98,2753
75,5618
114,7728
116,9406
41,2309
98,12665
243,18958
764,13899
203,8320
122,5888
91,7621
54,9806
64,15365
81,5601
58,12620
123,11125
43,2930
71,13345
105,3751
102,11119
126,13521
116,8876
77,11505
133,10687
97,16895
102,7174
73,4389
161,8193
57,4677
82,2264
210,15944
49,6389
108,9884
134,20564
79,10136
1022,3247
351,18189
53,5883
122,2773
119,7297
65,6372
115,8075
121,5165
101,7041
165,16509
173,11670
76,7810
155,19970
81,8683
48,8170
67,2194
59,7515
153,18976
76,8541
114,27501
67,2940
131,5818
189,9236
136,8432
58,4748
103,11875
128,5935
131,6397
110,8575
72,9250
34,2639
54,8557
141,3949
25,8507
138,13537
69,8127
123,8738
62,10154
134,9390
34,4893
56,4613
72,3961
97,4800
72,4220
300,8748
114,3049
141,7427
46,1496
859,13181
103,8987
134,13266
144,9708
66,3757
125,9992
50,4845
50,4728
34,3969
89,6255
131,4908
258,14303
185,9872
62,4619
77,2282
67,3263
42,12544
62,5849
115,13076
85,20204
101,14474
90,3758
132,17718
46,7469
56,9249
89,10352
95,4501
107,9791
48,5214
48,2964
51,4357
72,3225
75,13339
55,19328
121,4601
62,5552
89,5635
107,3484
49,12296
79,9110
60,2077
57,7290
50,11476
183,19148
109,13986
56,6154
57,11327
36,2606
122,14423
122,2790
91,1533
93,10650
69,3746
50,7769
183,7668
47,3259
99,7599
95,6546
167,6812
99,5421
68,8068
188,14877
47,15010
88,3153
128,4044
71,4106
76,4749
427,9818
68,3261
91,5879
134,18168
197,6231
71,1568
96,7301
101,7618
76,5664
61,2884
100,10379
76,3015
155,5156
160,18702
79,4429
79,3338
76,4939
147,11595
68,6503
64,6919
54,1537
147,3102
98,2871
53,11948
99,4058
102,9356
121,5186
82,4822
125,10936
146,4982
50,9266
184,13821
176,7178
87,1754
127,16401
119,13954
147,3479
173,16706
55,7353
221,13426
71,5932
69,9730
42,5280
50,10038
132,11160
58,3546
136,8306
41,3890
91,8689
54,9958
100,8167
114,3333
47,4968
125,13013
40,3576
60,4123
89,13826
56,9796
140,3261
552,13104
265,16124
121,10743
136,11243
87,9418
114,5132
72,4541
133,19422
33,7198
134,5664
152,6461
71,18345
70,3090
267,10677
58,6401
90,4949
76,3727
134,3436
118,16737
34,6863
249,3579
134,17708
73,1276
80,6946
40,8318
155,8184
45,2065
57,3816
168,15519
159,12934
120,5197
188,9205
67,11456
38,5734
148,11843
170,10034
97,23174
116,14825
107,2035
34,6121
195,11159
72,8504
53,3100
132,6289
37,7679
70,14807
80,12704
109,3587
146,7492
188,13921
55,13132
42,15967
62,5521
64,4472
210,6689
124,9383
142,16815
103,14924
46,3405
78,11976
78,11108
92,6038
90,9729
991,17398
805,22455
78,4681
171,15673
89,6046
189,16624
107,6983
66,782
97,17839
68,13902
99,12064
127,2771
37,2917
99,14312
52,8121
217,6659
117,11128
64,10271
84,5616
72,2697
787,19966
111,12955
178,7126
115,14962
49,10099
110,2730
61,6985
98,4636
69,3234
57,4270
82,2676
61,2252
55,4626
52,11736
58,4795
71,9065
116,7302
76,13353
240,13270
35,3765
28,12004
71,21340
43,10998
170,19376
361,13342
48,16951
96,4454
133,13499
55,4402
62,4278
65,3769
30,4468
106,7041
77,4713
32,2250
132,1619
89,2579
172,4954
145,15700
70,12287
91,5934
67,3472
180,10198
88,4321
68,4021
37,3454
107,5858
86,2848
47,5203
46,11061
94,16128
109,14151
105,12398
74,3710
55,1683
70,6370
72,14019
135,6352
91,2451
70,8792
60,5344
253,2824
141,7157
68,6985
167,5792
88,10797
67,7178
118,3414
113,4301
60,17452
127,6429
106,2559
41,8508
192,6149
37,4612
159,6308
396,3230
111,10978
180,8760
170,12008
121,6316
68,9756
68,5605
62,14570
129,6538
80,14383
111,7167
144,13264
74,9291
258,9298
55,4246
85,12129
123,8160
64,14226
61,10608
85,4256
366,13225
43,4135
104,6832
241,8608
29,1558
50,5581
56,7134
101,7192
44,11641
56,4815
38,7659
75,1501
174,5306
325,2940
136,7096
374,16000
55,8411
907,12970
32,10350
135,16169
47,7915
79,9861
71,9161
57,5573
50,10020
113,2598
144,5790
343,9942
111,8967
52,2630
96,12716
46,2772
54,7666
55,2074
40,2687
56,3795
95,13544
141,8425
78,2712
71,13326
39,10372
88,4180
94,7775
193,19882
117,5499
109,11175
94,9915
116,4375
191,4269
54,5943
73,5957
96,6039
48,18915
38,5871
53,13049
99,11361
60,3180
79,6122
193,12265
122,15882
170,2917
142,7952
40,5699
100,9414
129,4382
45,5497
101,8788
175,7645
89,2543
102,4044
63,4457
325,12586
139,10507
114,4156
59,5090
151,6282
141,9718
67,1939
118,7239
116,6260
47,6467
103,8951
93,6194
77,14099
112,29287
114,4747
84,4745
96,12248
26,24155
33,3230
65,10516
148,3721
130,14693
42,5571
118,5362
70,2147
37,2708
107,19082
214,2877
117,12124
86,13645
126,2616
133,9000
124,14097
194,3984
92,3485
101,4510
107,7793
202,7631
97,15306
445,3321
63,18215
145,10495
92,7504
75,13509
82,3080
70,7645
82,4341
122,14400
95,4455
52,6795
105,7893
61,1902
167,10507
107,5411
895,11096
117,6168
75,5931
168,13762
132,5768
142,14528
71,2172
87,7521
95,2452
165,3751
158,3450
36,6259
51,4776
107,10956
239,10279
77,13717
69,4383
58,1903
153,12563
82,13952
152,2330
49,5104
157,10639
120,6885
183,5464
30,9558
102,8990
144,9335
95,7964
43,8219
188,14478
56,9924
211,12566
30,1746
87,15314
48,5998
245,12359
48,8200
167,15948
240,4798
75,17101
64,16331
149,5714
84,12705
116,12454
127,12857
104,4600
112,2673
127,16818
87,11721
67,8646
66,5504
90,5767
104,3799
97,17907
73,2130
67,5241
165,13450
155,7805
140,7468
90,3566
123,3156
115,4119
48,6844
145,8301
136,3263
154,9008
62,9749
85,1967
69,4136
83,7491
46,14900
155,2252
151,7096
63,13382
118,12358
79,5305
169,5946
176,8971
71,7095
94,9224
92,7322
83,5544
85,8398
223,11041
115,4377
51,8923
99,3560
71,9007
53,6997
161,11160
189,13269
76,2318
41,11855
105,7231
114,2609
36,6630
50,4142
170,5890
96,3041
80,2861
91,8572
112,2619
128,8844
93,8403
183,16307
78,6326
185,8867
34,4556
98,14324
112,5617
124,3651
165,23126
37,3002
121,8098
77,9497
226,2799
133,13446
97,4583
110,9596
57,5090
136,6213
86,6723
182,6536
62,2533
124,10400
74,1996
51,3261
137,3564
73,4843
107,10123
62,11870
50,7731
92,10655
63,9404
69,6217
59,8380
132,7551
242,3001
214,6468
187,12357
112,9490
111,15687
170,11685
54,3434
51,9910
43,3530
134,7467
123,17171
219,9354
114,21951
61,12990
85,3256
60,17163
53,3370
54,6105
43,7530
140,2276
157,15675
77,6683
95,20751
80,8975
141,17075
149,20726
112,5852
97,6874
66,1931
41,2730
65,4196
123,12424
52,1531
148,4053
64,1960
115,3854
121,7978
88,2664
94,14933
37,2984
141,22139
71,5877
102,5402
90,12084
209,6316
144,18030
45,4121
71,6569
148,7520
143,9254
34,1443
595,24588
120,6952
109,18743
96,2012
141,10131
160,9175
64,7009
65,11348
189,14249
250,4047
90,7332
44,2544
90,5928
59,10417
104,1414
85,15988
82,10591
64,9440
118,6691
84,2797
146,9337
56,4154
98,6922
64,4482
84,14027
47,5214
172,3719
175,7222
102,2871
981,30973
115,3360
69,4723
94,14348
119,6940
113,4007
41,4506
43,2057
96,11000
147,12458
81,4776
64,4301
50,5216
38,9581
91,7066
55,7818
71,2147
139,5409
105,4792
171,2447
59,4577
116,15505
49,5722
56,6960
456,6967
107,13231
98,3315
161,5591
52,7886
114,14346
199,7446
167,8251
160,6210
258,10614
225,9202
68,11897
99,9269
49,16067
44,5345
167,12961
40,12071
68,9549
93,4567
151,8375
227,12777
85,12737
119,15146
50,5069
66,8297
53,5050
73,11160
79,10179
92,14617
47,4928
248,9053
89,16012
67,14214
102,2657
77,1587
106,22488
194,11727
117,9786
90,7627
89,3815
110,21025
102,4206
38,1559
183,14876
113,2587
232,10303
53,4512
72,5983
137,15673
122,12894
219,2044
39,2302
40,6838
95,8355
72,7183
130,2976
50,7498
97,10923
136,12893
88,5920
106,6609
61,9746
74,4613
124,21334
193,15577
86,8066
127,3952
103,4265
106,5853
249,16460
127,5154
68,3109
135,9603
82,10291
180,9436
62,3152
84,10315
145,3846
46,8151
113,2882
58,8408
61,2106
64,1774
164,5307
96,5004
104,11340
99,4099
84,3382
111,11832
80,5767
92,4770
175,4208
97,2085
104,1943
103,7281
191,7022
67,7129
154,19077
141,9998
53,13184
59,6707
56,2565
87,4181
49,5409
52,7675
60,6265
60,4923
179,5858
40,3861
63,3670
114,13914
45,6503
66,9397
103,4841
172,4135
31,5540
68,7092
134,6819
133,14291
304,10548
61,10680
56,5929
96,2613
44,3314
60,8807
99,13054
84,5794
126,7552
95,15950
201,2888
77,3630
93,8488
57,8280
100,8773
66,15072
139,9474
46,4835
107,8388
110,7048
871,2004
95,4335
118,4323
122,8692
59,4158
78,9198
172,14100
67,11534
71,3121
148,3414
151,10056
63,15598
58,2907
69,4338
112,8253
65,2243
87,5633
54,7779
212,1447
71,4322
81,4623
77,5531
140,3433
53,6301
1583,3068
80,3479
69,8074
98,3450
141,10054
118,10056
85,5241
134,3640
93,8684
118,5273
89,11709
116,8420
56,16707
76,5026
62,10288
142,10216
85,1642
134,5282
104,9752
101,7419
114,1319
80,3869
52,1581
42,4239
147,10763
87,1713
52,4184
71,5735
79,5283
81,8449
74,4316
65,8996
100,11541
93,16065
197,12269
59,3185
44,1952
36,11056
170,7888
46,3535
203,3024
26,3818
60,5867
53,10020
46,3932
77,6789
84,4501
115,9671
59,10401
128,1389
150,5076
76,5802
62,14592
75,1302
25,1784
343,4875
154,4314
55,16191
120,10437
93,6220
55,6444
116,6926
52,13270
95,3255
63,4252
123,10517
197,6510
163,18597
152,14149
59,7333
120,6635
118,2270
133,4032
152,12216
110,3843
57,4411
145,5319
102,7591
90,8944
190,18060
126,2753
81,12854
143,2390
57,3801
67,7760
35,10265
149,22100
130,18032
123,18714
28,3057
28,3042
137,4236
31,3141
148,7348
229,12864
76,3373
81,9757
56,4611
74,11455
88,9543
83,10179
51,7330
86,4225
59,3695
129,20511
126,3246
147,8757
118,4279
62,4205
140,14323
121,13753
130,17835
148,8523
150,6493
781,23120
141,7163
105,5173
75,8067
96,9670
49,2472
81,6271
125,7123
96,7350
144,15124
84,9483
39,4618
76,3522
166,12528
102,16256
70,4092
103,13921
87,5374
128,8607
63,7918
53,3859
1500,21376
177,12407
156,624
117,14421
85,4330
44,2918
129,4884
117,16450
36,5361
66,9179
150,23890
110,18218
76,7228
85,5010
146,5503
141,9326
94,2822
102,1745
80,3012
237,5804
86,3409
329,19684
111,9405
114,15213
64,14082
91,1761
126,7003
213,5982
155,6232
120,7226
40,14567
57,23669
217,4567
92,2607
270,6166
129,12066
53,2218
66,18424
38,6083
99,4507
96,12886
79,21819
131,4754
111,6144
218,18413
58,10072
100,21053
45,4113
103,3549
44,3067
79,1757
98,8563
96,2977
136,2940
143,8152
146,24699
79,10078
75,6552
136,6469
56,9126
107,9888
79,5531
71,8865
96,2741
545,17648
100,4121
52,3558
108,10580
89,5492
186,7666
102,8157
283,5935
90,10789
89,5586
144,13810
162,7406
282,16024
58,6815
121,4754
47,8634
46,3174
128,19315
79,5715
39,3960
105,6059
41,3217
1348,19206
86,8543
68,14225
141,8074
69,1930
47,6288
121,6648
71,3880
42,7341
106,15002
83,3354
53,6481
54,4271
88,2219
57,2322
81,8980
136,14580
94,4141
124,8949
109,10342
32,3967
106,6823
85,6253
74,9889
72,6221
86,14389
58,11349
90,18635
228,14796
60,4644
63,5811
147,9096
95,4676
104,4340
38,11121
81,2841
140,9892
105,6937
67,2539
47,8237
222,4975
142,2834
114,12097
51,18413
286,21432
96,18912
77,6013
107,13513
148,10703
108,4910
59,3194
74,3885
35,4738
120,13853
53,3470
52,3794
74,8915
174,12929
55,6146
62,2006
93,3383
55,7207
50,9118
74,2797
76,4658
110,7086
202,8575
52,5088
51,12295
69,10610
87,6075
56,9861
198,7913
120,19214
91,9143
98,10895
104,19134
82,4046
73,7084
176,6445
43,6432
139,10612
130,8959
125,4002
147,6479
128,11913
85,9027
37,8343
68,11301
130,8646
32,4288
54,3418
36,3325
51,13767
54,1547
43,8477
64,7689
154,16614
120,8699
54,8389
48,1762
110,7588
143,4933
63,10454
143,7177
86,4170
77,15045
92,11045
108,11725
51,7226
88,12738
67,10288
84,14239
70,4179
69,12765
120,8366
253,2694
248,5479
97,15823
103,8166
105,7117
187,20029
80,3341
67,14989
259,18373
111,4444
75,6472
55,8043
106,15432
112,7615
106,19795
88,18191
116,11328
189,4025
90,8631
121,3190
134,3576
168,11123
95,6818
118,16212
72,7568
57,4546
249,4970
39,4853
183,8755
157,12043
54,3649
119,2686
119,8715
110,5475
50,2231
126,16031
136,8384
101,4626
54,12013
169,9592
160,7308
50,2126
119,6208
141,3095
201,17698
121,3225
90,12844
139,10574
72,5848
78,5433
141,4275
100,10286
1412,12549
83,2991
98,4693
88,13317
83,14885
109,3811
49,7289
141,8505
83,20580
58,8365
140,3074
76,7514
121,4901
60,8119
61,2211
113,14276
177,14018
72,5247
81,5404
61,9624
34,11170
209,14966
96,14574
81,13692
80,2942
95,5373
39,6498
90,1896
60,11952
99,11625
178,9579
98,5800
91,10855
258,8385
183,6770
165,6916
99,22393
54,4087
133,15384
77,3677
58,8257
89,6620
37,4965
113,3688
166,3405
74,4148
43,7089
89,1866
83,7606
115,8721
162,12523
98,4760
126,19962
89,7786
127,5509
133,13119
87,3324
68,18900
161,15256
76,3234
65,3627
104,8855
31,4759
120,3301
175,1984
62,5209
83,6361
94,14493
99,6848
50,9786
41,8477
52,7546
113,2362
74,3658
151,5635
107,11816
126,4304
90,7527
136,12945
117,4049
31,1257
34,7099
117,16032
85,3825
224,8147
98,6049
125,13267
89,9156
83,5371
82,6462
63,18843
85,4099
70,13449
122,3710
140,20574
73,5962
155,17825
50,1541
164,13251
61,4515
92,7737
48,6532
140,11510
96,14368
122,6312
149,7781
74,10454
131,10977
144,14931
112,5460
60,8552
87,4408
105,5132
120,5343
99,13574
103,10797
67,4364
65,5447
54,5153
74,7219
65,2171
62,4083
124,5170
112,19602
107,16026
119,9464
71,8930
58,5086
44,6817
55,4335
327,16486
74,4597
50,1988
87,5582
126,13036
79,2647
145,15793
94,4290
86,1587
85,5954
151,3016
84,1702
108,4149
79,2471
70,17239
199,3881
37,3138
73,5399
73,17344
63,6675
81,6358
49,5949
98,5836
62,7050
122,4302
247,10024
130,8561
92,11617
91,6292
196,2071
43,5575
83,16645
45,3398
133,7296
279,11246
117,5089
71,12306
26,5381
95,7657
282,15451
62,7592
49,9752
70,9547
67,4358
48,14440
61,4178
182,6428
28,3152
183,4266
47,1666
138,8318
66,5532
88,8714
71,9101
405,16469
184,5399
188,5692
78,8481
78,15605
76,3720
148,12939
82,7283
228,19269
117,8195
53,2820
124,5499
51,7493
77,4771
113,14900
81,10714
235,6175
207,4241
44,6651
86,12669
102,13325
108,3540
80,2984
43,4787
127,17787
151,7537
28,5032
123,19838
150,10382
78,2394
65,4493
29,3884
49,1517
96,10122
165,5505
116,9074
190,13829
108,9989
130,9965
145,14184
135,8593
127,9273
157,9014
119,6641
135,12449
110,5109
83,14000
104,6422
99,24694
99,13005
136,6348
70,7912
38,7752
83,3067
78,4556
93,4881
55,13926
107,5604
194,18900
148,14890
54,13644
66,10194
122,17129
130,1486
79,9823
89,10794
91,8081
55,8995
151,16446
113,7354
127,6397
108,5099
100,3594
119,2360
102,4880
108,12319
71,6234
164,4417
281,12897
54,3091
67,12800
33,1788
44,4263
104,9280
111,7880
141,10300
208,14667
156,12313
53,6796
56,11985
155,8888
122,5720
47,4097
103,11114
62,5949
248,21261
48,10759
71,10877
136,2424
102,3708
29,11239
104,16776
70,8568
76,10651
119,2402
98,2208
91,7068
113,5422
212,16531
107,17153
49,16397
127,17099
48,7495
98,6982
118,16400
62,3268
86,10731
53,5869
133,4990
131,7869
56,7863
43,3056
213,5161
108,9954
80,12352
182,2206
186,3001
166,5676
172,11646
104,9571
112,1978
55,10669
137,12267
90,15812
65,6146
48,7270
125,5632
136,16091
54,3406
59,5034
101,7062
50,4166
1409,16194
48,9967
54,1426
55,1327
120,12017
136,4681
70,3588
126,9097
141,4833
63,4328
48,5331
70,14496
73,5925
73,10128
103,8881
76,5430
78,4493
76,1380
43,4229
201,19227
34,2287
116,14504
69,8287
94,5219
121,3216
109,10578
45,3630
128,11173
73,2751
64,4732
113,4359
62,2893
108,8001
99,1816
72,11147
105,4688
75,4800
70,2498
137,18363
171,11472
30,7936
133,6811
77,7409
52,9748
156,25192
109,3371
90,10169
207,10680
95,4520
1085,21583
128,11286
52,3451
57,3170
99,18897
79,4145
92,2532
68,9763
87,7122
205,1872
208,5740
136,6999
128,16156
49,4947
115,1986
130,7251
42,2057
148,18897
75,7244
56,4527
44,4141
87,1647
95,2642
98,9444
75,3367
121,2214
75,5294
44,5142
72,4302
143,4539
30,1713
71,6909
76,7624
109,5511
79,9283
146,9984
99,2862
76,5208
153,18671
106,2230
50,7109
128,19216
370,4052
94,6010
101,12476
46,6162
50,2888
97,10339
97,10379
149,2732
75,4331
103,8035
110,18412
71,8471
79,10613
45,10008
78,3397
115,2874
227,10343
121,13609
86,8896
31,2772
97,1363
97,6473
43,4896
71,1644
118,7752
83,8645
31,10675
99,7631
51,5227
90,2263
52,7305
193,4154
50,2741
71,13000
105,17847
90,10161
120,12309
76,5244
44,2168
193,14999
94,2594
120,10033
47,1973
104,13621
58,5790
124,4224
98,11374
72,18434
53,2692
75,14073
61,7299
138,9074
90,9806
39,1968
99,2468
116,4295
113,12503
46,4579
114,7014
107,16345
127,3575
188,4723
97,6510
83,4037
153,3705
30,11446
135,8098
101,6253
124,6906
123,6991
89,5206
122,9892
77,14702
40,4909
43,9551
190,6270
83,13526
73,14427
96,3066
97,6952
92,13427
168,11278
55,7185
170,14754
37,6046
214,3756
116,5198
44,2910
75,4265
77,4626
307,4197
160,2843
118,17414
38,5934
41,2121
60,9612
88,6240
59,7119
116,6016
52,6163
200,11729
62,8079
65,11164
106,18118
84,5448
143,14272
155,10399
89,10674
79,3959
85,10085
303,4699
67,6945
128,6937
53,2904
37,11191
31,2706
45,3450
128,10147
95,2950
61,7866
61,2308
166,3046
91,3509
52,7057
129,14476
98,4152
80,3195
108,13517
175,4678
103,11585
82,9384
57,14428
108,5258
44,10824
58,7449
135,12959
152,7646
153,20776
56,5106
96,11316
91,15389
75,6328
84,7600
74,4137
88,2955
262,13574
84,5009
146,2892
127,11840
68,5522
59,6564
90,8924
64,7507
124,4612
129,8975
198,11323
32,3141
62,10476
83,8449
101,13740
95,7458
87,12438
70,3633
100,14127
60,8780
57,2719
211,19709
51,5037
80,2449
123,3071
221,4445
41,2825
479,6358
100,17680
88,4392
59,11510
244,17821
91,3280
78,3335
162,23233
87,13184
211,17831
59,2643
178,6614
75,3748
45,11442
119,5451
141,4842
96,8859
180,3861
128,18295
88,4419
38,4689
107,8207
65,20807
73,12261
166,13130
45,6624
28,11580
100,11238
57,5677
94,13923
164,9019
136,3053
86,3975
69,6781
40,2228
60,7630
156,10782
438,24313
74,6755
95,10405
82,2137
49,2179
69,7641
64,3805
68,18077
125,6349
49,6357
49,6856
69,6649
341,4671
140,13992
145,19108
66,9583
97,5570
62,8523
1344,22554
54,8988
68,4634
76,20042
56,1585
105,8854
59,2556
141,13460
85,5105
219,12308
82,4504
71,5070
95,5499
115,17374
103,10671
65,4946
58,11461
121,11659
119,7352
53,1504
80,3255
63,6483
53,2012
63,20756
125,8343
162,7106
130,2808
184,3509
311,12945
96,6393
70,5747
133,11317
153,9734
128,8338
77,13405
34,1031
90,3374
96,6297
42,1907
105,9134
91,8729
99,9943
55,3222
56,13680
141,6743
88,3734
39,6989
68,11983
105,2540
158,6352
69,13919
81,18255
156,9298
80,2112
170,3695
77,4730
92,5637
73,18338
64,3071
73,18187
87,8864
29,6557
104,15809
51,4662
323,11233
115,9005
234,7217
73,3649
75,9821
111,1513
66,3970
60,12958
84,3014
35,11028
169,7772
57,4864
144,20435
44,13025
82,5827
87,5798
107,2984
75,6889
68,3667
59,2188
98,2304
61,5397
50,7092
75,9240
86,6597
61,8903
169,8202
78,9121
75,1819
94,17075
107,12829
111,3704
98,3701
33,2234
48,4979
85,18007
125,17159
55,10824
87,7911
60,4398
54,2108
118,16964
73,10220
63,8064
93,7900
69,7189
505,22360
83,4727
146,2076
38,3665
60,4422
119,6614
173,3948
90,11411
93,3289
84,7138
56,2622
123,3855
145,5286
76,12832
78,3787
110,5892
79,3944
92,6023
69,4985
66,17353
108,8375
170,10960
111,3243
120,14091
51,1564
88,5132
101,12678
95,1664
166,17244
95,7718
52,2646
92,6739
132,3703
536,12024
54,3704
115,7989
128,6845
48,4021
105,12057
75,7955
75,7248
73,8671
103,4527
62,3653
253,2492
154,17997
188,4600
140,2829
60,3818
58,11360
65,17146
146,7896
158,9273
52,5616
53,8957
92,5416
51,13400
171,13130
77,5391
116,14479
109,4394
66,5807
191,19177
79,7730
96,12502
66,11391
81,3488
36,7374
142,3242
93,4846
129,7660
45,16736
67,6177
126,12417
70,7351
107,5840
206,10168
164,5556
79,5238
74,3377
339,6955
52,12956
102,3830
76,18641
109,9633
61,4812
155,22596
140,5994
51,6828
52,3728
41,6621
67,3799
105,3146
69,4334
137,17744
126,15438
37,5190
136,5570
176,12365
74,8230
59,6031
129,12348
56,5312
62,6791
97,2951
67,16339
135,8392
49,6800
58,5770
69,4441
116,18474
75,9117
121,12256
103,13225
75,3530
72,6390
114,6477
93,18558
101,3885
122,13564
95,9730
72,3117
111,2836
107,4050
121,16887
109,9381
88,11251
53,6725
139,2223
161,2465
82,2709
54,19660
36,3455
59,13834
139,17896
95,7278
125,10810
85,14258
115,8571
61,4391
94,6896
114,6112
71,2200
60,6388
32,2152
76,8958
87,10960
118,10413
43,8063
86,16833
129,3340
130,15741
98,18613
92,11734
117,3941
68,4203
302,9725
85,20767
133,4536
312,12383
57,4404
41,11844
82,2772
37,4711
74,5606
44,4480
66,3288
59,13076
203,8206
110,4703
126,6481
100,6526
80,12063
242,7465
50,16356
67,15865
34,1399
75,6031
198,10470
168,9044
74,3999
154,13353
104,10023
54,11191
54,7572
777,2018
68,5954
1445,26908
140,22102
155,3471
70,1653
85,3993
141,8399
134,2864
155,11246
47,10557
84,7257
127,5364
49,2232
106,1817
98,9716
39,5113
107,6986
102,1034
161,10081
52,2401
91,4756
82,3195
44,2611
149,5549
88,4638
102,7347
188,13241
86,3493
61,8099
145,9608
232,19128
81,7688
57,8981
58,4252
40,1899
70,5062
103,7491
1325,25595
55,14027
52,12214
186,7140
156,12875
147,10416
114,24031
130,17466
40,10307
86,6835
115,2356
63,5902
116,8730
80,9034
136,16378
63,2866
62,8948
113,4440
47,3029
53,18600
292,2568
77,4393
85,4694
225,15214
89,23145
103,17006
297,5344
269,8956
62,2475
346,6677
80,8458
114,4958
122,5547
52,4342
55,1226
63,3546
47,12113
51,4439
117,7967
83,11578
76,7561
194,6167
111,5531
119,5412
95,2772
128,3253
39,2811
85,5568
93,16334
117,10151
59,4190
230,6548
49,4118
82,6142
139,14549
100,17077
203,3445
83,6359
95,8067
103,19170
43,5825
144,13807
72,6065
89,4085
111,3769
63,4912
136,5279
46,1675
99,9835
102,2047
58,8986
118,4446
190,13252
91,12813
61,1739
110,6648
71,2300
49,8289
80,6471
96,5015
70,4620
68,1229
35,14933
67,5632
104,7111
133,6560
85,3543
69,3523
59,2803
57,21678
54,2238
43,7809
48,2597
59,9225
102,6781
38,16181
1160,16807
65,6519
157,11216
53,9369
84,3558
66,9355
74,3223
102,4537
92,11872
44,5023
61,2414
116,13241
107,8059
86,8640
178,16040
96,2585
32,3614
70,9480
97,13801
53,7226
75,10230
50,6672
58,2606
199,7427
61,15607
59,12390
248,18902
107,9062
109,13201
77,9287
128,17074
1153,25612
82,4186
120,1830
70,7614
95,12078
146,17188
82,6525
63,10546
46,8555
116,14665
132,5743
38,1052
91,20057
52,7199
69,9353
108,8534
63,4670
89,9003
119,18076
78,12315
101,4204
132,8289
64,2383
60,23389
110,5585
68,1446
112,15871
63,3767
155,5320
58,4444
137,5289
66,5902
69,5014
147,5110
157,10772
147,13763
97,7693
105,9347
76,1898
839,13224
90,7269
71,12374
52,7011
65,21720
1412,1828
130,22086
78,11262
48,6702
104,4106
65,6595
42,13322
77,10281
109,6870
86,2220
58,11646
72,2405
112,5811
47,2499
117,8713
64,6402
634,11030
132,5539
69,2370
98,3056
54,4158
56,9153
96,5184
232,13896
73,8658
61,7770
101,10403
96,5123
84,2464
203,5352
99,17557
252,11434
99,7932
90,24277
123,12279
81,1732
108,4417
77,10216
195,7717
36,8169
38,7140
112,4322
70,8234
48,6098
54,1992
60,3928
36,2718
30,1767
143,6779
86,4283
77,5988
46,9805
120,3161
161,4462
83,4239
52,6166
135,10050
273,5176
56,7675
157,6649
69,4683
70,12062
40,7295
161,7771
122,10771
88,8298
221,3946
54,8815
256,6383
48,4095
60,10588
275,20062
117,7177
74,5232
126,4751
61,6858
75,8532
110,5675
86,10010
90,5336
141,9837
73,11580
109,9897
135,13304
37,6235
47,3386
116,20762
246,4198
65,3120
34,4978
153,11640
43,4353
46,16350
85,7248
59,2675
42,4891
60,4648
138,11130
42,9520
122,16153
223,13269
28,2978
82,12032
105,9938
151,3673
123,18897
76,14649
190,3647
37,5625
281,3599
61,4328
275,17003
41,7324
133,13553
105,7750
227,3672
42,11698
74,8750
75,13201
87,4978
44,7792
141,6345
110,5532
104,15211
39,2549
42,8167
79,11134
38,6477
74,4317
57,7578
54,1441
60,10643
148,3960
886,20348
136,7191
80,2177
278,24883
63,2346
110,14576
148,3026
49,9543
126,14177
52,12006
109,23854
74,4212
124,6700
38,2608
100,3606
71,8264
53,4473
121,3687
197,3825
51,15938
118,14186
158,13027
42,8049
104,2623
89,3443
164,11143
126,4839
50,10634
168,15613
56,4683
137,12974
49,3014
45,3787
55,15341
61,1970
66,2370
261,16317
157,17397
145,17852
56,9720
125,11344
62,3549
139,14278
37,7339
75,13083
60,3568
207,3078
129,13037
65,10144
202,2273
135,12630
79,7642
65,19267
42,6402
92,6500
71,9204
39,9640
133,4916
358,2287
108,20044
60,9257
86,16169
91,22071
131,9919
112,1742
105,11698
37,2234
95,5629
70,1980
41,5350
144,6854
211,6772
48,1594
52,6200
150,14999
66,3329
160,2523
98,5300
58,7266
89,15507
138,10539
59,5143
62,8760
103,8601
67,9697
84,11602
78,6512
65,4381
89,6637
49,2060
37,10109
35,10220
115,12385
129,17658
105,4778
41,6066
82,9510
51,2679
93,2113
71,3655
131,9991
56,4162
42,2300
86,7260
59,3610
56,12535
62,16166
191,20065
29,8218
54,14965
142,3862
124,13535
100,5048
102,1454
113,7645
63,3024
45,6801
76,3524
68,22153
133,19841
70,5461
85,13498
297,1837
229,13959
67,10955
58,4086
96,8635
109,6380
197,19673
132,6689
65,12500
48,10975
64,1633
73,10594
259,8768
43,15883
97,11703
109,4991
77,5424
139,3481
115,16534
186,6340
54,3045
185,1860
60,3205
86,18045
43,2517
66,4188
122,6659
78,8187
71,9322
91,5010
86,10498
112,3937
119,15659
112,18388
147,6909
158,1927
73,9881
33,3240
117,10165
101,9082
77,3486
99,4625
66,8048
147,10560
43,5786
40,1577
69,1512
41,5600
106,13603
105,5125
113,4010
116,20287
84,8496
61,5178
84,13084
307,6142
111,13298
69,3041
167,11099
114,20355
120,15771
63,13964
220,17829
75,5044
70,14243
66,8578
96,6977
55,2882
188,16578
139,6047
128,7836
52,16112
84,2299
98,3601
63,6031
81,14150
68,2416
99,5282
222,4076
66,8558
145,13683
228,20324
59,9619
48,9992
35,6350
63,9947
156,8408
60,10773
162,21218
59,13159
89,7914
810,10753
87,8818
151,4516
117,2114
65,25200
88,7190
125,17783
116,6688
339,15099
161,20986
63,6592
70,6874
108,4008
87,7694
151,7811
84,13414
45,3450
103,4654
61,3878
59,4614
55,9103
110,19174
40,7705
71,4947
52,3828
101,4297
83,9951
72,4694
162,9202
40,8406
80,12107
200,9290
136,11502
206,9824
51,11487
111,2080
58,10408
1393,24828
76,4093
256,4749
43,15742
107,17920
166,10400
117,7017
157,5296
108,3967
102,8739
78,6916
56,10021
91,21063
41,4845
115,14599
75,3395
93,1359
70,5854
50,7029
101,2738
90,10406
89,10011
160,16681
76,4134
72,16844
100,3891
127,9693
300,10737
51,6512
115,19577
76,20106
121,6616
65,6527
60,3739
76,7065
45,1694
79,13184
106,16097
44,13246
78,9505
137,5642
84,10448
64,13858
190,7688
114,5767
107,5350
64,9318
80,6557
112,12904
87,7773
74,9852
102,6753
68,14524
62,21140
134,6128
67,3304
96,5542
123,16327
99,8611
124,6947
89,19609
57,4100
92,3590
49,5382
102,8051
82,8111
80,3844
61,4383
63,10050
352,5381
250,6144
129,13839
49,4612
95,6551
42,6373
50,7586
143,19883
74,14180
40,4822
94,16575
68,12498
123,4836
195,17806
98,12862
55,2786
112,7788
49,10571
66,10551
43,9347
157,6195
51,4397
36,2351
170,10097
136,8212
88,6656
145,2007
132,15125
148,9416
64,10928
66,3902
131,3521
267,7197
135,1942
54,4547
73,10105
174,8902
126,21615
88,14999
96,15591
115,6577
116,9508
118,24689
107,4926
88,2777
52,2929
113,15938
57,8222
92,20567
74,4101
158,10116
68,18787
712,15785
52,4520
96,9486
73,10438
310,9692
61,3557
58,8916
84,8925
66,6133
47,4159
183,12290
82,7930
137,8759
336,3476
46,2906
60,3980
169,3740
132,18863
230,6748
95,10466
151,11852
92,5251
51,3395
44,10572
130,10283
71,2305
92,8066
126,11427
65,10546
50,12468
68,9793
156,5991
47,4415
53,22660
103,15236
50,2126
82,10256
109,9558
155,17724
47,11994
137,8704
197,8681
273,6259
45,8011
76,3691
128,4344
105,7715
57,12947
60,4367
81,1862
915,19811
85,5504
176,8161
69,4681
164,4371
41,7722
60,8968
81,7196
66,4368
115,9594
123,7539
150,8368
29,1943
54,4401
50,3556
111,9964
153,3955
77,7762
122,4447
169,3752
80,3851
111,810
158,10472
82,6244
117,8085
68,1866
128,4296
208,8351
127,10471
93,14798
810,9849
125,15396
38,3619
98,3931
207,13519
90,17315
73,2979
193,12720
73,5997
104,12266
85,3817
52,12277
59,1603
146,13706
75,6015
185,12969
74,11184
55,7802
48,9419
161,6252
191,5334
121,4419
153,9105
110,5152
112,6297
67,7406
68,4677
130,17113
66,5142
81,2147
89,5541
73,10302
96,7258
53,7345
142,9926
126,4549
58,4420
43,6682
35,9805
120,15375
35,7905
77,4813
79,6530
95,5465
121,9428
229,12867
77,4030
52,4226
112,2351
104,5663
39,6724
61,6845
70,16444
114,8454
60,894
34,4720
119,4063
37,3668
98,6993
177,7657
45,3778
52,10404
142,4188
31,4343
91,13249
74,3453
69,12694
53,5515
158,7819
62,6391
130,5124
77,1989
104,4785
95,16525
114,4973
46,3506
87,6487
79,3543
128,5103
47,8224
131,10506
179,12454
101,7122
40,6052
207,5921
125,15114
139,24104
191,10796
76,7331
136,11976
85,5020
129,19625
71,3047
100,6885
59,18698
64,4802
134,8315
126,5744
96,9187
1596,20503
100,7928
105,3962
68,15256
95,10796
39,1900
88,8890
127,7615
29,3569
93,6206
91,2081
99,2588
93,7900
68,3216
78,3947
56,1628
170,2630
136,3277
62,12387
150,11656
68,8726
93,8564
51,2653
94,6278
92,5310
44,10282
51,14950
140,10746
81,2575
72,11606
140,10777
47,12722
75,6431
101,7638
112,3729
44,11477
114,16594
166,19913
85,4329
66,8125
145,13493
66,8236
109,10594
93,18849
108,8544
111,9763
44,2335
163,1715
172,7008
171,19283
136,15669
149,6945
79,16018
105,10314
69,6052
159,10609
61,4183
83,4331
107,3555
117,2583
69,4973
45,7896
155,18073
53,1474
74,6068
196,15864
93,8238
230,15433
61,2795
105,21458
105,14952
50,11067
128,14729
87,2081
52,7351
67,3992
99,2161
64,4790
82,13850
231,11947
68,14161
176,2865
108,5225
62,4621
138,2033
53,4713
156,5573
66,3430
87,11005
71,9624
123,11671
63,6718
81,10384
85,18175
104,5189
74,8254
84,17435
49,9419
115,22998
110,13172
56,10105
101,15326
135,13321
54,1620
131,2805
237,18137
51,5244
95,15760
49,6901
1019,20325
71,3749
28,7952
60,8966
92,4648
53,3561
250,14094
75,4581
156,11907
79,8674
67,6295
102,2929
67,1748
34,3982
71,6348
113,5146
119,16067
49,3739
173,7915
41,7489
79,7449
96,8492
80,7003
402,8318
63,4234
72,2901
122,5016
71,6471
213,29358
59,8255
193,15671
31,2669
73,7906
66,9536
53,4551
109,6912
77,5365
203,14518
164,14244
142,24499
73,9725
295,16829
54,8476
83,8857
83,6473
85,9760
46,7336
113,12886
131,10700
49,4714
98,3611
107,5586
62,2643
163,7681
237,1576
95,9002
101,12803
136,3258
75,6988
128,3372
89,3239
180,12196
55,4994
48,9522
56,8947
54,17841
114,9797
97,7633
85,1895
107,6907
160,10870
146,8000
124,15320
154,15314
62,11594
157,7248
141,3070
112,13121
71,7846
126,11969
47,7951
91,3178
206,3633
155,19334
67,7870
203,12480
164,8844
68,5979
168,5784
101,2760
78,6488
125,3524
59,4011
91,12309
137,7810
66,13112
85,13534
42,2898
152,4564
38,5660
81,9515
60,3603
83,1513
50,3863
91,6026
64,4836
53,3268
100,3758
166,2560
114,3456
59,11065
119,12573
60,6499
36,3777
85,16091
58,5490
81,4224
79,11934
56,3744
63,2618
106,4964
82,5684
110,10944
148,8533
107,7249
96,13783
145,5004
249,6226
65,5609
111,4502
126,5845
49,4220
81,7995
67,6726
74,2961
100,18164
69,5722
82,6702
124,6052
87,4034
105,2628
48,7557
195,17029
58,4130
54,4236
53,2908
27,3017
47,6499
90,22054
110,18463
108,3001
156,14513
37,5961
174,4784
101,5371
105,2014
84,10505
121,13129
88,12749
89,6452
83,8786
154,6756
96,9834
143,9848
167,19173
39,10398
100,6724
76,5186
70,3498
137,11712
52,4727
113,9713
50,4345
122,14819
187,16884
67,6124
85,7209
97,5519
98,1857
129,3777
87,4998
79,4101
54,1462
65,7371
51,4049
115,14256
42,6053
40,8415
92,14712
122,3943
113,2896
942,819
164,11429
105,6591
97,2721
66,8519
127,6154
109,5705
160,22166
101,7616
175,15825
155,12994
137,7293
54,7667
168,11751
192,6051
136,6823
58,5709
99,5479
93,2992
104,4255
108,1900
37,12553
128,3554
64,1572
56,11151
117,4650
53,2180
103,9744
127,5599
53,2709
34,8322
143,12181
64,5622
145,5081
157,14871
114,13951
101,1339
88,9598
36,5716
95,3682
264,13186
64,3146
358,5312
106,11001
80,5291
109,6921
137,11554
74,6191
82,1627
109,11233
72,4415
41,10069
66,12304
63,4380
76,3632
182,6967
138,7226
56,7002
162,10383
66,8344
53,1665
100,7825
84,6825
78,7448
73,1844
64,3750
58,1863
84,7387
96,3529
58,5055
862,17185
38,4049
186,10077
70,4965
43,7186
140,9737
66,11635
98,3639
105,1652
1369,25354
85,2697
122,5842
70,13537
49,4721
120,7424
103,15878
44,8034
82,3262
271,12374
132,12219
82,12408
140,10487
147,7564
81,9842
89,16045
121,5125
49,10155
51,8919
135,7458
73,5169
105,15619
140,10429
53,4352
145,7823
209,7366
86,9610
73,5959
60,4641
53,2325
103,2459
42,3505
153,13203
66,18296
57,9048
121,12722
138,10766
89,12965
68,25258
61,3779
48,18823
60,2583
64,3612
60,3099
107,3739
121,7302
191,16077
103,8270
108,3023
58,4020
171,4470
54,8553
99,9492
66,8509
282,12909
388,16069
34,7589
70,3564
93,11789
106,3680
184,19163
191,13070
190,12930
108,14834
59,5375
47,13642
111,4532
120,14317
96,23933
74,2953
63,7645
136,10002
94,6846
79,8277
640,6559
112,6627
70,16316
156,16600
126,5093
282,1711
78,11584
58,6254
64,9945
74,10728
123,20574
223,3423
111,13910
76,613
83,12023
81,17783
90,2580
104,3397
31,8017
69,12079
344,6241
125,4994
49,9220
69,4695
68,6310
80,8185
64,6163
101,10708
77,2037
97,10726
117,5211
91,9172
76,19120
86,9926
132,4418
108,7609
118,6695
74,1889
35,6096
77,8003
114,7641
658,29907
64,14087
73,4262
152,6734
105,3313
141,10703
66,9498
87,5355
76,2574
90,6778
138,11180
65,2626
37,3416
78,13117
87,13802
137,6794
67,14809
45,2135
146,10008
75,9397
48,4372
117,3303
166,21007
134,4407
76,18007
38,13737
186,8269
163,7962
131,17944
112,4893
44,12508
178,20308
791,6205
101,14057
162,20577
71,9187
71,12063
49,7800
120,20925
68,20062
62,3351
46,3648
153,5216
67,8426
107,22249
87,15584
89,6675
43,8082
247,9704
71,3326
182,8177
167,13945
153,9720
227,7780
79,2873
129,11542
186,18617
42,2773
55,1784
87,5496
61,5791
80,7544
90,9715
50,4006
92,10211
140,16416
40,1804
1174,29502
143,8252
66,5534
187,9079
93,4376
116,14864
43,3951
144,16789
64,13157
173,7325
71,5348
152,15135
85,8303
92,7585
85,9946
63,4219
98,14960
159,3522
154,8570
37,17713
51,5996
64,5759
144,3365
55,7001
171,18670
231,18222
100,8389
98,3525
65,3793
76,6683
96,4024
91,11998
36,1808
145,3467
76,6590
71,2196
53,3167
79,4840
190,12825
84,10336
162,7005
58,9117
90,9619
63,4235
111,4075
119,14562
140,14559
190,18879
160,6400
94,5833
115,11824
83,6329
53,6929
78,3655
70,8735
112,4824
87,9059
83,6104
93,2970
1043,7713
74,8460
42,2917
82,16378
146,4761
153,3671
35,5043
103,4430
80,1784
113,5015
239,15503
98,11524
96,11407
65,10539
257,7494
351,20284
73,4088
100,6798
153,6912
123,2529
61,11161
60,8190
248,1895
150,4830
85,8250
70,13306
103,6476
175,9838
90,2233
64,1665
33,6258
61,7912
52,11389
34,4244
130,3636
54,12088
98,16786
1205,30162
135,16993
79,7017
97,7410
59,7522
50,9554
46,6979
52,4168
86,7969
45,6800
33,1685
81,2376
120,12676
123,7453
86,3082
117,15057
90,14624
138,4314
117,2921
28,3647
202,21039
46,4770
148,3124
125,5684
39,1992
59,2953
65,3057
130,3004
59,11454
130,6907
96,7670
122,3592
130,16988
254,8437
118,11400
97,12966
117,2675
116,3932
93,8319
265,1471
278,14302
116,5377
95,7742
110,7308
72,5834
52,11913
153,9227
85,7053
50,3285
62,1524
43,13445
177,5393
189,8482
26,8247
518,12337
99,12819
45,1819
37,3579
71,5976
157,5933
103,4097
87,15829
109,10637
49,8427
45,4960
51,3029
137,15786
68,6593
64,6767
83,7378
44,5896
179,20027
106,9961
74,9295
38,3306
100,5621
127,7492
114,14773
97,14859
102,3649
79,8508
90,5054
79,5444
41,6615
76,8789
108,12825
115,5672
75,831
82,6668
103,13540
81,9190
175,18764
140,6870
86,6995
120,20088
148,9331
151,8313
165,6920
162,19371
41,9944
228,8105
54,11273
65,11551
94,1757
179,13383
92,1708
238,5288
234,21481
202,7867
81,7921
68,3506
130,7517
79,6421
54,4522
113,7379
76,2666
195,7806
63,2630
87,7964
176,14333
141,5182
103,7057
93,8014
93,10847
104,5687
128,7849
104,5936
74,13766
274,6033
44,1406
53,2789
45,10543
89,11818
80,6015
175,5753
112,4153
112,10906
40,9658
85,4614
83,3923
39,5543
48,14692
110,12175
180,5297
106,3249
90,15581
42,5862
53,11823
130,2783
43,15273
100,5155
140,5517
33,8707
44,6792
61,8018
209,2678
54,8311
163,16727
63,6452
58,4040
119,17456
104,2461
64,10505
108,6849
68,3283
75,2842
108,4907
59,12583
54,4530
169,1894
42,10647
75,10483
113,9854
69,3231
99,4256
51,8727
138,5993
165,7018
93,4334
121,5251
95,11975
67,6361
289,14737
63,2498
24,4938
29,3776
220,10687
92,7318
166,11556
81,4971
70,9162
57,8024
76,18894
128,4102
167,5406
161,9024
90,10177
104,2863
49,4202
119,7726
31,9818
182,9945
105,2566
42,4601
67,6632
47,4021
68,12884
209,23919
69,5950
52,2951
46,6584
78,5392
179,18454
74,10104
128,15063
124,12877
74,6911
267,2124
85,9258
57,7842
301,2260
44,7566
122,10003
240,9459
128,8771
207,11461
32,2615
87,6963
73,7570
94,11057
109,17880
54,6746
195,1963
73,10296
102,5730
73,2955
48,5988
139,14837
56,3214
55,3114
103,11442
52,8975
164,8908
89,14575
33,7848
155,5800
147,7581
78,5778
95,3572
162,10661
93,6008
131,11197
149,3280
79,3847
56,9010
59,5615
52,6468
233,6952
103,13082
164,5288
69,3572
129,13548
191,3789
74,5919
42,4866
97,7652
45,4746
301,2740
32,4620
121,3411
61,6154
105,6053
102,10555
108,13897
153,12579
227,11652
54,11010
108,9050
63,16211
62,7965
65,5450
88,22437
155,8813
111,8047
56,4221
78,12446
62,3369
122,15006
82,1955
64,1495
68,6592
153,8000
41,6326
118,8230
63,7927
156,12454
162,8573
69,2483
64,9882
61,5227
59,5465
104,18776
70,13310
97,10864
492,3237
73,11966
87,7794
71,12293
60,6359
139,9152
147,6188
53,8035
119,9622
101,2456
149,13309
38,2288
74,3946
223,4633
178,13201
197,6054
137,2704
77,21938
88,9557
78,15758
48,11870
103,4300
72,4780
59,7759
105,8746
99,2959
76,7555
121,7039
77,4827
158,18660
39,6095
131,3747
93,11426
133,17162
109,13418
40,5166
75,12531
69,4111
49,8752
84,12483
112,16223
69,13618
60,16149
71,2683
77,6163
61,3363
46,1895
196,9792
73,15355
789,21824
77,2030
92,3735
96,6578
39,4103
40,14253
116,3148
135,3632
117,4873
75,5366
46,4734
90,5455
139,7289
47,3335
67,8358
88,7499
65,4467
44,1874
30,5951
129,8551
26,1829
223,2500
139,6557
67,11681
78,3413
225,16509
66,6662
128,5952
35,7978
87,4649
46,2824
154,8673
128,10528
126,3368
76,7502
58,13764
109,4819
55,4199
73,10496
187,12243
322,16210
129,15533
118,5370
227,14210
51,8700
141,7413
242,13912
130,2082
103,2813
197,5110
114,5363
103,4569
77,7109
91,10925
41,11161
138,8352
229,18510
166,3090
80,3004
149,19949
99,8619
59,5100
460,3073
59,15237
89,5337
164,8852
107,7647
185,7307
197,16415
117,2548
75,4169
36,6167
79,5928
64,7344
106,7129
27,1745
124,8611
187,3619
46,1468
68,13273
253,8220
95,17975
69,2755
61,9142
127,5145
86,2518
156,15018
105,10538
76,6427
61,6663
139,10747
78,5529
161,8010
61,5319
106,8141
140,7667
54,16146
30,13398
247,5566
92,12633
79,12927
91,11645
74,5808
55,1505
149,1770
50,1696
155,9493
239,7337
56,7964
66,6536
121,5881
244,3983
54,8255
91,5496
27,10938
208,20100
104,8695
42,7383
52,15534
62,5984
32,3917
149,11098
99,11734
112,11521
152,7896
184,20193
186,12708
96,9750
143,15205
68,1480
155,5090
56,6716
68,8687
91,7108
108,1587
109,18609
78,8680
71,4021
71,23716
48,1654
66,4162
75,8125
61,10361
61,12048
78,2795
54,9355
76,7784
125,17937
102,9182
85,18102
52,6232
64,8312
99,13622
80,6687
81,3138
76,5041
1482,23808
149,4609
75,13701
49,4464
133,15243
39,3298
46,9603
102,9296
112,10191
111,5859
111,6895
124,20752
54,4776
156,17032
45,9203
61,8193
98,2733
38,5751
111,10424
44,8549
129,14646
47,10978
141,17925
60,23142
134,14494
43,9646
56,3747
43,6106
71,4413
249,11295
176,14176
72,9861
85,4579
36,8045
67,14154
87,5464
77,6697
84,4534
97,10121
155,10302
76,14975
85,6778
167,20497
104,5684
131,13573
117,11075
83,7088
151,4694
51,8511
184,13212
95,8713
130,3302
150,3238
113,6168
1050,8003
70,1434
81,4179
119,5185
92,5175
60,9172
51,6793
113,5866
59,7763
75,19546
117,5412
212,10629
126,14620
87,3722
112,9245
156,15637
106,23379
84,18204
193,14720
49,8406
99,16021
82,3792
79,7664
30,1222
43,5197
49,7345
86,2494
102,2407
37,1724
61,5392
62,2462
140,7205
103,3985
87,4983
32,5721
122,4007
68,2608
166,2888
159,8430
67,3901
56,9340
33,3420
84,1326
70,3791
104,1829
62,10170
96,4221
107,8972
59,2892
134,4688
172,7950
65,7425
66,6717
123,3131
119,7413
123,16540
96,5945
111,8498
69,3815
187,19999
66,4851
56,11485
86,6024
99,22745
97,14601
89,4267
82,8841
94,9613
108,13735
39,8354
95,21091
77,13356
66,10612
203,4178
64,4056
131,7427
162,3658
101,5157
80,9022
147,7409
97,6951
129,7191
176,3487
87,7270
145,4812
101,10712
288,14416
57,4492
38,2049
95,19609
215,3701
114,8631
133,6655
97,2720
105,6918
123,4174
139,10630
120,11872
208,12965
81,3419
149,4618
116,10913
99,9539
106,13784
50,6315
319,8821
85,12587
87,3529
89,8236
55,3697
76,6306
94,2749
50,966
60,3474
118,16263
118,9312
74,4504
117,5284
80,10449
143,4984
91,2900
121,10154
66,2282
79,15967
43,8926
148,12721
137,15776
141,19013
760,22957
134,10391
39,1237
73,6554
188,3593
115,2485
74,1327
140,10462
50,5453
55,4961
62,8610
61,7167
156,6085
41,5995
76,15622
37,3771
84,10055
51,6240
68,4198
183,9394
174,14654
113,2871
141,8620
165,18403
70,7711
61,14134
40,9699
81,12357
65,2185
183,4761
49,2744
110,12299
99,4592
62,9449
186,19762
84,2627
62,10596
66,9331
52,10017
29,2427
49,1423
89,6701
47,5306
45,3587
52,11297
177,5719
55,3398
69,10519
83,7360
72,12271
69,6364
59,6526
52,10096
51,3442
74,7982
126,6917
65,17147
56,8403
70,4072
1074,25297
94,5092
109,3675
71,3571
132,10594
102,12844
69,3701
87,2794
36,16582
196,23580
150,12375
59,12219
48,2723
79,4939
118,19198
83,3929
112,10655
34,3467
48,4552
164,7266
67,13942
131,9288
207,6329
187,13813
155,16495
114,2229
102,11954
138,6326
76,11252
109,9756
238,10307
46,5933
160,22323
151,7673
83,9365
72,6738
82,16757
50,4162
56,6708
161,10227
88,3794
81,13998
126,17077
87,10972
99,9379
94,10020
219,2832
97,8561
158,5720
56,7841
114,8467
48,11767
101,1253
101,3222
152,3290
94,13387
107,7603
48,12128
107,4186
63,3132
143,4574
80,1042
87,2873
108,19339
50,11188
71,14390
173,6090
162,5809
126,10986
76,4805
83,4490
146,5936
85,15178
32,2697
138,15077
106,4149
71,13764
116,4679
53,11541
243,1259
70,16581
159,3570
78,11679
98,11731
167,17384
77,5761
120,12764
75,9435
51,6111
96,14889
101,14402
120,4321
146,11528
302,17149
91,5377
59,15832
107,12676
73,4339
93,3860
91,2559
48,4901
73,8982
93,12325
125,11974
99,8723
109,5085
118,3466
44,3599
35,10062
75,6364
76,8108
93,11164
44,2778
52,1257
98,4806
29,1892
91,2277
83,16100
71,5053
99,11910
201,8073
74,2272
150,7846
36,2856
72,8812
178,10578
68,11318
62,3233
78,5471
74,6749
88,6338
114,7403
95,7391
209,6946
140,16468
83,8088
132,11438
409,15914
37,8515
88,2540
55,4558
123,14913
107,6577
62,1444
88,12579
98,3345
44,6064
60,7117
171,4005
47,5699
121,6893
124,3364
108,11982
43,7636
43,2835
83,14668
83,10684
71,10161
143,2930
66,10792
73,7687
50,10379
36,2093
110,4215
122,10930
118,6467
117,8159
41,8551
78,6654
169,10539
76,5310
78,3729
51,2004
102,4243
77,9206
154,13182
41,3539
536,11905
133,12110
127,11243
156,3798
101,2096
137,6332
196,16478
38,3817
95,6294
59,1869
71,12691
80,2809
141,19811
47,12497
40,10858
39,5002
42,13321
273,7965
136,6343
86,11415
131,8043
86,4404
167,16233
145,16452
190,6241
170,4508
66,4532
73,3553
96,9808
150,13955
56,4083
135,5050
144,2498
91,2781
35,3863
74,14614
53,6609
71,5138
194,10408
210,4235
80,27938
74,8536
140,17220
157,9826
228,8410
133,23086
140,18353
124,7087
86,4792
56,3578
88,4267
42,7005
88,8647
60,8543
66,11784
37,8528
65,4978
113,9805
110,15674
45,5939
90,8126
54,1887
68,14734
238,12055
141,6286
78,15524
146,12924
37,4475
73,8754
77,1730
59,17764
157,9883
63,12491
137,8279
241,14290
41,4428
77,3616
60,6828
75,5510
82,8407
82,2218
70,26681
118,25898
40,6026
95,2174
100,7662
31,6622
77,24921
128,15222
53,7119
83,3066
61,11203
66,8680
83,2704
89,10049
95,9914
66,9532
308,2853
39,2997
75,1943
99,11840
71,8214
63,1802
80,3761
116,13686
248,6718
165,13712
66,2391
197,14570
59,4693
102,9878
82,5285
215,8588
82,8722
90,6946
43,6812
114,9067
42,12299
117,5142
131,20414
335,6760
122,6612
119,7636
98,7076
74,6268
62,9167
175,6334
158,4838
194,1195
44,3548
106,6156
212,4841
131,12288
94,3097
71,2265
70,4502
180,2081
95,13347
112,8043
75,12109
87,11331
81,8313
228,10925
91,4812
97,3649
99,10227
30,4357
122,6625
66,3730
94,12322
89,1953
77,5473
76,3308
185,12743
83,9748
96,6845
278,7514
97,6570
82,2794
119,13395
50,10307
78,8328
47,7094
83,13576
60,12266
96,5244
86,10924
60,2732
64,3861
173,14484
140,7555
87,2626
70,4205
42,4449
69,2644
220,21938
73,11280
73,5601
120,18094
77,6728
114,3888
60,2623
130,11987
56,3985
40,10442
136,4503
108,2049
91,4185
70,9026
34,5008
134,7473
83,2039
52,11130
51,9613
99,4809
125,13135
111,9481
131,8122
85,874
175,13264
86,8363
100,4610
128,15809
98,9008
185,11006
85,1334
85,5720
76,2826
67,24950
55,3188
161,11033
128,24175
102,5561
107,6767
146,19924
50,10168
59,2461
59,1861
77,1222
167,5886
150,6552
62,2147
112,13938
63,5078
76,17516
101,6418
136,6364
116,6342
103,7445
48,4223
91,7252
115,13016
72,13953
103,2134
80,10823
278,4838
157,3912
60,5669
46,16244
90,3252
55,7847
95,4149
180,13924
114,1770
63,6686
50,4681
80,10410
195,13944
114,2673
74,8995
35,9610
54,13419
122,3207
67,11028
97,17957
66,4224
84,10191
82,16055
94,2970
284,13141
100,5263
52,1499
96,6371
108,9135
64,4063
249,17932
42,9270
58,1211
40,7726
98,8275
158,2861
101,1526
98,15054
69,1138
59,8873
117,11858
77,6473
222,14714
61,5302
36,7455
92,10091
93,5680
56,3824
105,10363
104,13512
88,14981
94,2539
84,10194
117,4111
93,6806
87,8456
98,13807
62,3884
64,8686
71,5146
114,3636
124,5425
81,5468
54,8456
101,2253
93,5080
55,6387
42,6043
53,2528
118,22134
138,6519
108,16116
124,12867
110,8116
80,3004
56,6062
79,8808
38,2145
144,5022
60,1886
297,11533
106,5520
103,10487
60,13723
70,16397
50,3677
113,9027
241,14037
35,9280
127,12886
84,9984
97,5787
85,2371
83,4963
74,8839
82,8241
85,5227
92,9420
85,3828
105,2761
41,2440
80,5036
125,3609
29,7054
155,8906
72,9631
104,6433
124,11467
39,4842
30,6227
79,7314
85,10705
78,3729
74,11601
76,6048
72,9050
107,9400
33,7127
46,2517
116,8493
226,13687
62,2056
82,8550
88,8164
98,1747
151,10862
58,2758
164,16321
139,6268
88,4091
63,9338
67,5759
41,6907
66,4734
74,2568
146,10823
67,4199
140,3600
74,15187
71,11034
59,7618
83,1499
58,3988
99,14685
126,2180
227,7136
62,3251
171,5574
81,7978
62,17807
75,13877
185,2982
133,3356
89,4372
94,2155
95,3539
123,8038
88,13004
74,4104
51,9721
164,7408
121,6108
59,14166
147,10088
52,9909
110,816
77,15263
64,7129
59,7160
58,3219
86,4113
125,13226
148,2860
157,5500
65,5438
106,4964
99,4063
69,3542
98,8856
59,5180
49,8070
78,11134
211,3692
112,8936
106,20287
27,7002
52,6618
166,2640
59,4544
85,13321
81,10868
479,12812
149,17312
65,8027
113,7380
54,2730
44,4909
93,9976
49,11084
117,10099
105,17580
183,5472
117,5670
66,2155
99,7892
88,5710
268,8531
47,4449
86,1858
114,5058
78,16361
102,18645
81,7446
127,9275
97,9358
52,9471
102,5742
46,10045
92,13590
68,12384
90,5604
122,10085
55,7237
112,7905
85,6044
72,15666
144,1901
47,5650
92,4187
60,5809
56,6493
71,14092
124,15975
114,6684
24,6598
203,14876
104,3077
111,6200
65,7287
107,11775
71,5062
169,14884
64,3698
234,6879
108,12831
42,3563
187,17878
81,10886
42,2845
59,5959
160,2182
111,5125
115,9692
49,1920
118,3792
124,10315
73,5540
62,7594
140,10825
125,3959
87,10091
93,3222
119,3430
45,7727
201,6824
49,8667
151,14409
153,7824
65,5866
69,3002
201,9740
37,1367
260,7882
101,2654
66,4156
194,5000
51,5854
109,4420
78,8370
80,9366
201,6350
62,10192
91,12345
75,2799
86,5274
59,9762
116,4515
55,4465
47,3673
92,6938
83,9606
101,17314
40,11805
176,7250
228,3922
135,3000
175,3759
39,11227
136,15879
51,1623
130,16376
120,6119
85,5249
70,18261
143,11349
47,11266
94,4960
114,1235
160,6898
244,6296
107,7861
98,4873
33,4470
62,18606
128,2041
192,10986
99,9297
70,14066
111,850
83,4366
75,4619
77,8090
78,4167
124,15520
113,6308
121,7693
146,5275
91,2769
39,6795
163,12408
50,11983
47,8674
58,7412
45,5005
134,8655
72,9885
35,11183
164,21938
124,2080
112,8073
46,6409
149,4723
102,3999
174,14907
162,7165
43,3285
132,3249
246,12377
39,5701
90,10266
144,3240
340,20665
131,11795
55,2358
80,19368
49,3151
90,2793
72,5894
170,12921
219,9626
75,16858
89,3013
124,5905
125,7054
54,2781
134,7128
939,19970
89,10839
106,8019
165,15071
107,5807
101,4296
93,11141
254,9653
67,7006
109,5516
51,3634
62,5666
31,11503
107,2820
218,9366
50,6387
104,11288
68,1222
201,3618
88,5591
87,16928
35,1663
93,10715
84,5541
356,13402
131,7872
148,12231
94,3242
164,9453
132,1994
142,28791
106,3850
108,13660
51,5014
77,3551
69,5804
62,9388
129,6072
115,16260
98,5264
78,14278
95,5530
186,8471
55,8637
102,6907
73,5572
79,5680
71,6965
104,15848
66,6223
60,5475
89,7493
84,13468
87,6365
52,8254
182,4761
353,9014
114,9816
36,5879
57,3194
140,2217
44,15495
274,3011
155,10900
144,9526
44,18652
101,6285
106,18457
123,1461
73,14113
73,13593
57,3499
85,13356
147,7507
85,2172
38,10846
86,10531
117,4531
166,5525
64,6895
82,1909
69,1799
68,3061
133,12222
83,3762
118,5477
44,4025
59,1609
187,4421
71,8905
214,3830
83,8300
58,6904
119,25253
76,5416
119,6594
86,6240
79,9760
102,6888
49,6616
82,10253
62,5413
66,22409
92,6607
48,17028
187,16654
134,18579
84,6045
192,2933
98,21757
55,6704
127,17938
47,2737
86,3494
94,1802
113,3413
173,4187
58,13625
148,9837
140,10581
68,2353
31,8756
370,6535
192,5781
154,3358
94,17554
90,2486
116,16656
59,3482
59,4217
61,13595
202,13738
90,730
176,8314
101,20106
159,13016
147,21029
62,6792
68,13140
107,12665
128,11067
149,9636
208,7776
110,5060
70,5929
200,16033
57,8045
59,6784
113,4319
51,4738
48,15412
71,6614
88,7528
162,6045
64,5039
157,3480
96,4248
74,5042
240,1677
74,8186
74,4092
225,9083
122,21381
41,3115
71,2055
330,12906
79,2118
75,10716
37,8080
166,21341
127,16912
74,2915
122,8908
57,10724
52,6529
156,3537
154,18425
75,4331
68,5783
84,3607
47,7181
148,9878
123,4483
346,3684
81,13084
63,1474
193,19480
82,6892
67,2731
208,11859
50,9212
131,8849
68,4600
197,20416
59,10550
66,5985
141,6674
146,3928
132,6910
57,3960
119,4075
177,17164
143,4387
114,4567
82,4035
44,14339
63,7310
105,17989
148,6841
75,9333
96,9491
75,3077
77,8891
95,7233
60,8504
92,10129
103,3312
71,5512
83,7679
42,8676
214,9606
170,2805
52,5651
137,5946
77,8858
67,6059
37,1840
103,4825
152,3618
69,7300
51,14073
85,14889
147,2928
262,1335
75,2860
154,6970
71,5253
78,8917
63,8762
118,4380
30,6077
63,8625
169,3990
111,10619
93,4958
126,2302
47,2767
90,7883
100,7270
194,3145
120,14598
59,3342
83,5891
52,2130
46,3944
91,2454
187,15711
225,16638
88,21771
167,10931
57,10675
103,7343
91,2120
77,9357
50,6959
91,7435
123,5343
111,9685
44,5656
58,11025
71,13567
64,4473
69,4611
90,6238
156,2798
74,5503
49,4455
182,2209
141,7997
125,11710
86,3640
182,15402
91,7023
141,3608
52,7327
63,2632
121,8968
163,7190
64,3835
76,9837
100,14586
206,11426
67,1079
59,8858
88,15698
50,8856
95,4982
85,14095
136,3068
105,5233
120,2031
127,17492
51,1690
41,12031
67,9464
42,4393
65,10378
123,14618
118,21675
34,4817
40,8929
35,5844
266,11910
164,5249
78,6610
149,6843
83,8790
78,6855
61,4595
46,3707
180,7925
58,7839
69,5061
131,11015
136,10199
45,12091
165,12685
79,11939
70,10024
58,2763
70,3710
144,11299
180,8598
57,7124
92,8580
63,3732
43,14085
77,13469
53,2047
62,5869
86,10675
54,1310
94,5038
122,7716
39,5838
67,12808
92,5744
189,6197
175,4347
282,12785
289,9874
80,4197
122,11968
77,4367
172,14088
42,6926
155,13278
172,16109
85,8830
66,12863
139,4714
168,3140
1324,25393
92,2525
102,2965
85,11195
50,6858
67,9438
98,23039
161,16880
140,10682
94,5096
69,8372
47,6679
109,3596
168,16843
113,10057
124,14727
89,11718
1238,23069
184,3555
78,11536
116,4419
36,5920
97,3982
56,13086
90,13538
98,5979
132,11499
65,6923
156,17287
83,6758
145,5629
120,4222
85,12505
77,25027
107,1912
52,2895
44,4546
74,3362
54,1585
54,5028
57,3838
85,9983
158,8588
54,1839
119,3112
82,5566
77,3488
116,8876
77,3174
1397,26792
65,6720
39,3068
48,17372
115,9508
38,3924
93,9529
53,3779
156,4457
160,18563
169,11765
88,10410
87,8962
370,4348
56,2857
93,11729
54,3465
64,5718
45,7201
330,8754
122,7086
49,2319
62,3585
63,2113
29,1572
137,6950
100,3963
73,7881
58,7446
125,6897
104,12253
144,9853
59,4830
92,9213
213,13898
93,20358
72,5830
124,15631
230,9919
80,13847
88,5797
49,5951
127,4075
62,9383
69,4943
54,3687
83,6535
104,5261
50,13906
126,10425
47,7586
62,5132
86,7703
47,5720
135,6093
103,19043
124,11875
43,1389
169,5707
120,6334
30,4785
30,9792
75,8134
74,16780
82,8288
134,3328
47,13514
132,1892
92,5596
200,7189
137,4147
40,7424
193,5315
268,6830
59,20230
95,10116
149,9661
95,10420
526,17926
85,4106
94,4962
78,8915
116,2574
115,6567
105,18936
46,16466
53,13158
43,5722
161,3541
110,4137
50,1958
119,2632
111,9632
67,8624
131,9030
119,5820
137,2489
132,9175
98,9577
48,18699
98,7642
45,8408
178,4107
224,19602
71,3455
97,15567
229,13571
185,10013
63,6529
59,7257
180,22817
35,8524
67,8078
41,8777
53,10899
65,2784
102,14970
109,9563
347,5874
70,12385
44,9412
103,7937
55,6423
140,5362
108,9043
37,1487
65,4669
82,7948
153,4750
103,1105
80,15949
65,7865
112,9269
69,3285
51,2229
67,4757
121,3490
81,11410
118,10449
188,11063
83,6039
110,4072
131,5991
43,3417
106,7133
53,9160
75,3486
58,3196
115,20073
174,4420
84,12130
39,6171
52,22936
266,9835
40,7878
125,11899
70,6677
74,7528
106,7718
160,5449
189,11344
103,5091
97,6640
179,10441
373,15066
37,7810
85,9684
61,9716
57,4263
58,6496
78,1714
62,1515
762,26316
53,3855
86,15656
65,2707
139,20928
47,9896
80,5475
128,13059
158,8648
41,6109
132,4595
86,5502
105,2363
131,10325
156,16317
134,6790
129,8461
171,2938
90,12908
60,4233
90,6773
75,9710
195,13138
76,17026
55,2238
103,11558
107,12657
78,16038
160,12393
152,8722
128,4858
56,4604
32,5043
98,6570
76,6486
33,1894
79,4073
62,3672
95,7808
202,9787
97,3229
112,5627
49,11002
138,9388
157,15910
44,15219
41,1422
172,4224
74,6536
60,11564
44,2844
93,5031
83,2689
75,8255
142,12275
90,5035
221,4579
46,5848
59,14309
46,5830
134,6359
33,2141
44,2207
145,5881
78,6770
72,2840
165,8228
86,11688
143,16547
71,14104
68,2529
106,6246
152,4646
111,4193
139,7740
37,2177
67,6566
153,3343
75,6140
67,8246
78,2563
134,6221
173,22807
635,15277
94,10211
56,4717
82,7581
41,5552
94,3190
51,2421
188,7757
38,6312
37,6081
78,5464
197,3147
113,7963
41,10622
150,7626
106,8922
95,6809
74,18309
112,9385
73,3855
74,4909
125,11967
150,18884
61,15534
122,8298
37,12212
45,13729
141,10338
89,10125
160,15360
55,6488
74,2648
91,4742
137,8559
129,19120
77,1552
61,14053
90,17581
263,8437
42,4367
56,5150
116,4214
53,9275
70,12285
73,3765
57,12077
88,8203
109,5943
82,8149
46,2371
59,6243
103,10317
102,7495
97,3769
58,3021
106,3530
44,4462
70,3929
81,12782
157,9128
214,9441
130,14082
85,8254
114,10537
52,10919
62,4783
163,20697
65,8282
92,9124
97,3660
190,7539
42,4120
41,4312
147,17874
99,4591
140,8453
39,6490
879,12970
131,5741
221,5997
110,8557
100,4101
65,9415
170,12294
82,6888
53,12226
103,20619
55,2441
54,9082
118,3553
60,5352
93,9791
65,6863
62,8241
137,4400
78,7744
100,4168
90,3261
92,8598
52,5017
71,3527
75,5271
50,1049
116,9721
133,4759
91,3284
50,9154
97,9634
79,5508
71,21422
92,2357
307,11463
71,7991
233,23565
37,5476
45,2256
68,4611
46,4057
90,10998
80,5498
59,4224
66,3264
58,3285
57,3891
78,10734
68,2306
103,6632
101,16651
57,10507
54,3410
82,19784
60,2578
45,6256
151,7889
97,7111
45,2916
245,11814
99,7655
111,4066
45,6196
114,4105
31,2059
148,8094
91,2796
65,2086
79,5408
124,8908
52,3613
95,4550
65,8867
52,5104
130,10040
107,9906
51,8072
64,2173
216,4184
122,6247
37,9471
76,3071
66,9781
126,10468
117,4804
40,4162
40,6397
168,11422
75,6637
39,1912
36,1326
105,10498
66,3106
132,4659
107,6339
282,10876
112,13183
74,3443
34,10202
56,6904
106,14069
62,3151
66,14058
91,11011
90,13255
64,9004
179,10306
83,11947
182,13820
129,13971
68,4657
44,3955
55,10107
324,12907
59,9015
67,3342
41,2174
92,1620
55,1921
38,6015
101,7897
45,1081
85,4356
142,3990
85,11759
134,2308
124,4252
133,5810
57,1333
214,19657
124,1889
59,3282
121,10368
71,10173
51,4988
214,10139
58,3475
99,16411
29,6307
122,3443
85,15085
115,11779
150,5231
105,5464
62,2910
48,6677
113,14009
102,7880
69,13860
44,11772
75,6239
481,3730
60,4549
54,3238
138,10523
62,3864
69,4410
95,19801
94,8201
121,15091
110,13036
50,8668
73,16322
234,10070
54,2034
304,13759
55,3851
77,10900
144,16245
99,10021
83,6221
94,10405
59,10020
53,5794
135,10861
112,17397
51,4121
35,5473
127,10010
88,6399
86,10412
44,2840
52,14569
148,6904
32,4792
203,10958
175,15881
81,6314
48,5471
97,6789
145,9894
52,11588
94,8726
107,6113
62,6245
93,5664
86,9007
98,10104
69,4797
120,6155
207,15432
175,14187
137,13242
104,2692
181,3217
43,9347
63,16966
78,5914
48,6808
79,4331
134,2291
101,2560
73,2818
59,5595
79,5192
66,5364
72,17134
98,7257
67,4229
47,7684
121,12287
111,8229
70,7493
106,15623
47,4120
52,4203
56,7048
120,10038
83,8620
78,4832
67,14102
88,9691
139,2715
89,4661
140,15673
61,18694
66,7143
99,4938
123,8031
43,2094
121,22731
44,4780
194,15060
60,5231
106,12025
101,8476
90,10633
84,3492
70,4165
115,4522
27,6686
81,5999
193,16783
99,10797
75,4998
42,5609
174,12364
91,5823
69,7543
89,5878
157,4274
58,4997
78,8078
107,9049
40,9185
128,4402
213,8761
133,15307
40,2437
75,16933
81,1045
124,3432
93,4176
88,6347
54,2839
128,9994
126,4564
135,16271
86,9451
166,5786
117,7287
69,2507
100,5667
93,13976
168,7452
94,7089
56,5287
59,12479
62,10694
146,14400
100,7506
91,7973
40,14748
105,6592
93,15590
99,7502
131,4538
67,12299
108,7158
114,9368
134,4082
89,9334
109,3887
92,4451
299,13679
83,15123
94,7419
44,8043
139,15746
78,9266
150,6251
88,2306
105,14402
77,6105
109,7863
116,16429
71,13928
152,3303
50,1831
76,9235
201,9539
138,21061
121,8457
48,3365
143,5579
157,10822
71,5811
55,5027
90,7586
599,3398
120,13584
38,6815
65,11968
154,6486
40,5865
90,9458
388,10527
161,7089
74,5088
177,11045
66,3670
142,11230
34,4125
44,2317
115,19520
103,6031
114,3895
64,19355
80,4103
110,6897
160,11757
91,9268
57,2817
127,9629
71,5532
107,5059
175,12319
53,1646
70,7970
42,1097
163,9541
106,2594
121,5271
45,4530
52,10117
80,10678
47,1646
61,5617
122,13492
119,15533
64,5812
137,13527
205,4752
79,8894
65,7819
107,8607
36,7442
84,5490
70,1906
54,8465
131,5592
80,10593
92,6531
146,4953
144,15868
102,18486
82,6843
135,14499
146,4557
138,5682
147,9868
122,5720
174,4047
45,2696
337,11657
63,4879
144,13785
78,8401
35,5453
1363,12619
40,1240
57,6062
112,16377
216,9461
191,15810
111,7139
79,3275
104,4214
51,3606
72,9759
52,13602
140,3305
89,13783
69,6882
76,8526
57,2362
123,5660
73,4785
134,6725
110,9709
59,5708
70,1220
65,3487
102,5013
68,1345
149,16484
69,2204
76,2325
41,8469
217,2803
97,1354
138,3494
149,16380
87,9698
104,3470
217,5963
94,8431
76,4294
88,3855
78,16600
271,4128
124,6416
54,9496
105,5420
167,8497
242,5127
203,10353
48,4477
54,4833
95,15395
60,11942
90,17890
102,1753
77,1162
47,5840
89,13949
45,4333
99,14578
96,6904
306,7148
52,8102
126,2324
130,5824
49,4194
41,6075
74,14894
70,3891
63,1448
94,3113
43,9123
90,12543
36,8046
141,5087
59,2818
140,6549
76,8094
84,3384
93,5881
97,1868
65,6091
75,3570
166,10598
65,5106
50,6399
82,5486
110,11656
116,4880
40,6266
130,3876
44,3416
84,6928
139,15849
104,7204
51,14057
169,7368
199,6892
54,8923
83,14068
181,8940
110,3745
53,8769
161,11433
91,4780
58,6603
29,3761
62,3668
77,1887
77,8508
72,4896
76,9184
124,5635
85,3700
76,4366
52,12502
624,9449
113,23936
121,7569
63,4935
70,6701
42,5442
127,3959
97,4232
86,10859
36,5158
162,12466
61,13068
150,10829
61,10575
78,9217
91,1965
89,3023
50,2987
88,7382
85,5876
157,4430
43,3734
149,5297
51,5657
67,8937
62,8473
221,9638
194,9207
83,3878
38,16939
108,13267
42,7016
39,5739
67,2132
98,5672
80,9332
101,8336
92,9624
63,8565
93,3022
127,10613
70,9568
158,18739
140,1792
114,4940
114,8386
165,7113
65,4275
47,7566
231,14600
83,6902
78,10349
65,7642
45,7522
964,11538
89,16034
69,7666
75,9503
62,1157
38,5558
82,11983
104,12573
74,3507
151,3538
70,11810
249,11397
57,14890
49,1864
146,8776
145,14507
74,3598
101,7385
83,10714
240,3706
79,10009
33,2132
110,14142
93,3837
44,2205
172,7571
117,9521
91,8751
55,8129
175,11776
109,2407
135,7103
166,11100
252,15439
66,7084
39,4583
82,2842
51,4636
33,12763
213,5100
114,10076
124,2547
62,7278
48,2900
44,8221
737,26543
634,20246
157,11792
72,3644
218,9578
133,8583
146,15935
70,9933
145,4567
50,6033
91,9868
91,7591
78,6239
93,9803
110,8197
67,4076
141,5617
55,3587
70,11537
66,6341
113,3981
83,10482
69,12554
104,14299
28,3578
102,8425
223,18801
113,8110
140,9826
52,8228
124,7159
134,4866
100,11350
179,2986
29,2008
1163,12235
31,7464
82,6773
1082,26236
56,7714
100,8734
89,8463
146,6850
98,12139
101,6823
118,7252
83,14974
94,14118
121,7644
48,7991
47,10075
126,3470
204,14110
46,3076
90,5026
59,21502
84,11248
69,2996
108,9878
136,19453
98,11530
67,13085
46,3514
145,9832
117,10965
118,4288
106,6322
59,4407
113,9137
185,9939
96,3128
82,10237
170,1610
140,20193
110,3293
90,16114
114,2709
206,15701
91,4721
72,10292
96,9605
102,11778
522,16250
109,7919
146,2501
84,4059
111,6085
129,7777
73,2095
36,2109
74,8353
48,4493
108,13532
96,11290
89,19362
80,5774
473,9905
96,13541
70,5993
126,14473
197,4922
83,5998
105,18327
96,4583
50,7347
98,7092
92,2525
51,4015
140,3590
62,3025
395,2743
161,15181
164,4177
39,3170
42,4958
140,6752
65,12317
73,7845
196,10272
161,4230
67,2539
80,12537
59,6285
134,4384
60,6888
45,7198
31,2410
112,2028
163,7219
186,7317
70,9842
135,5541
36,9397
62,10436
105,6702
105,4931
143,3180
42,2229
165,16303
97,10994
94,7305
148,7965
49,4086
104,5396
117,10975
39,2964
126,2506
98,16190
43,5815
135,15350
148,7259
152,9264
73,5159
106,6540
37,7516
79,3469
62,2012
104,1635
67,9095
84,5002
197,11858
87,4023
42,1892
30,3616
36,4592
185,3972
137,8414
69,4701
90,7739
158,1108
53,4056
76,17042
117,9770
115,5057
160,18745
89,3993
102,7902
129,8168
67,3125
100,10507
89,2008
76,4080
77,21561
163,5855
59,3985
166,6101
68,4928
91,5115
64,6633
106,6277
105,8729
109,11290
88,15267
45,6210
100,2182
315,11136
82,7306
56,2928
104,7850
192,17383
100,11958
61,10662
113,11340
99,3857
52,17961
112,7704
301,8204
144,9276
138,16357
116,7946
108,14359
130,2487
115,9837
72,4748
192,10663
118,6174
51,6667
51,9935
69,11456
186,5973
90,7578
42,8889
110,1406
82,10651
101,9230
81,17840
68,10149
84,2486
56,11383
107,9795
150,15213
74,4731
239,3918
165,11122
785,16299
64,4909
174,16362
103,12052
89,11869
104,10867
291,3105
72,3344
76,10475
58,7042
47,8077
118,9837
106,16279
88,2015
162,14003
74,12987
91,3690
49,5163
126,8024
100,15392
143,9858
57,3843
146,7546
47,661
138,11164
48,4497
35,5103
59,3903
83,18961
78,4962
88,9815
105,2692
79,7690
99,6992
119,12059
64,4041
86,7260
99,2805
191,1883
96,5476
106,5253
81,3570
249,21959
89,2378
43,5340
164,4964
171,9920
71,8349
75,2553
162,12015
82,7726
103,18596
123,7216
71,4205
48,7018
30,3454
40,2197
101,4206
125,4163
145,8499
41,5870
124,2512
96,9227
66,5955
83,2050
97,18442
167,10792
39,2948
84,7148
136,3584
57,5334
50,8055
210,9960
80,9725
81,1946
80,17303
108,12880
92,3574
105,8200
170,18755
144,3306
101,14123
139,6367
106,13169
57,10735
485,3061
75,3646
56,7519
50,1326
133,10084
225,5369
120,19644
102,2757
87,7748
114,3091
179,3738
89,5416
176,7966
175,8153
61,3727
120,5865
42,2172
68,10613
91,1939
153,4394
103,10690
93,1715
124,11703
137,11602
35,2463
103,5248
76,11895
148,2563
86,4891
40,6995
137,3106
49,3698
48,9488
46,11298
113,5171
77,1856
55,3644
62,5702
288,4424
220,14504
62,9011
62,4285
99,3104
77,9207
86,4175
42,2604
59,8146
76,7091
268,1259
46,2157
88,10238
80,2528
71,9839
342,9250
71,7944
61,5123
173,12532
86,5434
54,1789
143,2369
58,14424
77,3347
74,2822
70,3649
78,13526
120,16148
152,6423
141,1551
61,10387
78,2930
50,14571
67,5538
69,2559
25,1965
72,6682
86,19498
136,5243
117,24066
92,8915
162,7482
117,15207
101,11227
182,3892
106,9414
112,11249
136,7007
97,9222
178,15463
67,4016
112,2491
42,7556
56,1153
127,21958
71,7849
68,4415
49,4860
105,3253
105,1817
70,8332
52,2472
128,5529
52,8726
84,2837
128,25739
91,7997
130,5178
162,2771
99,4092
348,5218
59,8530
68,12956
41,6154
39,8026
59,4905
245,5175
320,8953
97,2559
139,5481
111,3451
84,5102
119,6941
126,7241
82,6031
81,4633
58,5471
86,10741
33,7242
95,8407
74,3218
72,3950
106,7403
40,7400
39,4127
47,1659
122,2997
101,4443
73,2483
84,7792
99,8064
85,4273
58,7138
68,19449
56,3649
130,5413
54,6964
57,4697
96,8161
137,7673
120,11211
88,16788
100,3592
115,7053
97,13285
77,3940
85,11849
59,2407
46,4437
43,10458
159,16927
31,7818
175,4583
55,6966
51,10592
1042,14195
106,14594
137,10644
100,2497
100,8304
42,12972
86,6182
156,8558
64,4592
78,6437
98,5353
50,6850
65,2915
89,3273
84,4225
100,4637
95,6726
61,11827
116,11414
163,14886
181,17437
104,13554
74,3914
117,11279
126,5879
646,27471
40,3024
164,17126
142,9475
124,15452
35,6698
160,5222
185,5075
49,7234
235,18581
54,8002
99,5432
45,6653
258,6505
71,3003
134,6113
68,3082
60,6229
77,9591
120,13570
40,4562
59,6659
98,6775
119,1762
170,23705
107,2250
47,2741
217,7672
117,7963
126,18604
85,4625
157,11891
125,7951
110,9984
135,12002
72,5068
45,5838
1335,19486
113,4054
111,9128
101,15800
108,3863
106,8144
46,1467
79,9289
94,7868
139,17010
41,6273
85,5954
194,4166
63,9845
137,6398
130,15373
95,3528
94,15662
185,2704
86,5063
42,5739
62,8722
126,2667
81,2810
75,3912
147,3464
47,16806
75,20555
127,6473
146,7462
62,2443
149,5824
91,6172
89,4190
102,14453
114,5127
133,2099
393,2774
107,14114
245,8572
32,7699
78,3694
172,9964
66,3757
92,1608
64,8028
104,10035
72,6571
273,17689
235,3930
180,1534
94,4363
130,13445
184,26798
49,9072
78,19895
91,6908
42,10009
51,4494
87,1943
89,15775
100,5554
84,16787
121,5156
70,6078
100,13601
173,5494
119,7619
91,6125
57,3141
130,7125
108,8592
87,7127
57,2972
118,5433
90,10045
201,5310
44,1655
79,19630
98,4587
61,6423
135,8644
113,5064
52,2396
77,2616
77,3312
110,4625
46,4552
143,9829
258,5070
104,7460
89,9197
45,6572
79,3255
72,21762
100,3072
90,5674
64,3073
33,3451
66,11019
153,23787
129,3843
133,2778
200,4313
92,3754
162,10968
55,3438
56,6602
88,9683
117,6236
146,21338
45,3880
176,11053
63,2373
179,6796
237,18716
167,4483
71,17677
91,4058
81,2830
101,9932
42,4148
125,10255
50,6634
65,22243
73,7593
103,4592
176,6001
62,10960
91,5590
150,17990
109,9031
115,5666
43,1343
96,3182
84,8131
34,3217
171,7377
57,4055
120,8834
575,4579
120,21508
187,2520
37,1887
85,3137
125,14266
122,5313
185,12308
89,12879
93,7923
180,16645
69,2958
101,4776
75,7726
133,5628
117,9889
180,3506
126,4042
69,2442
130,6180
133,12777
67,2257
81,10803
89,5150
67,2712
93,5822
69,11630
86,4220
60,3058
114,6587
198,5802
91,5950
59,11047
122,5433
100,4988
121,5327
156,2669
65,18645
23,6829
65,21495
79,5137
55,2553
190,4769
59,4171
66,1945
62,5166
40,4458
94,5417
99,2603
150,8102
75,17252
41,9560
76,11249
134,7744
127,17311
175,6910
61,2159
99,23258
30,5032
82,5274
136,12170
51,4462
87,14702
45,9156
148,15691
52,2179
192,7650
57,3238
138,2049
39,2164
70,16983
79,19834
67,2668
109,8902
53,6037
70,3009
28,2045
126,13124
82,12652
168,8572
136,2190
80,3113
73,2339
92,1286
116,4882
138,7583
141,4602
109,7552
77,4570
45,3802
43,10698
50,4285
75,2599
59,17455
79,1482
44,7577
65,4913
112,10469
116,16479
59,3694
52,5977
109,6878
57,3401
92,19673
37,4814
82,3668
37,8872
35,18201
106,7687
92,9813
54,7782
191,12567
56,7058
84,3659
113,5675
57,5511
84,1932
98,5218
90,6638
94,4248
76,4572
50,5638
76,16907
122,10365
42,7384
123,4003
165,12672
65,5090
68,10534
79,10784
139,17085
151,20871
163,4313
92,12231
172,11603
75,17974
35,2172
152,15769
238,13743
75,9713
120,5241
49,13073
55,8125
111,4130
39,3118
191,7035
111,4140
37,9383
114,16502
102,12301
108,19466
107,5326
108,7265
65,7301
48,7458
41,1679
78,3304
231,9214
91,7575
41,4718
113,15881
82,4256
68,7607
69,2994
86,7767
62,5413
99,4857
177,6529
99,10685
71,5000
77,3964
96,1676
60,3089
153,10195
58,9124
66,6894
97,8689
130,16411
60,5520
84,3558
130,14697
83,9939
280,18498
72,6053
100,3257
215,18683
63,4459
52,7347
107,8486
46,6184
96,11742
56,5048
89,2313
111,3118
48,20314
53,9864
112,19441
73,1424
62,12644
111,7715
65,1718
214,3321
59,7425
69,7608
315,13211
67,2513
41,4128
116,12694
65,3232
101,13337
80,22235
105,4596
185,7006
64,7444
120,8640
201,11469
121,13166
39,3193
103,6649
74,5150
87,6592
263,16247
93,9348
251,6063
44,9183
103,9083
130,9903
179,8420
132,2917
47,2521
107,13519
41,7532
32,4615
153,17673
132,5936
68,11359
126,3917
93,2370
122,2811
123,24282
73,8376
81,2794
81,7825
57,5940
142,1120
65,6160
93,3166
84,4050
128,5297
59,7093
74,7099
52,2066
70,16322
47,3598
60,17996
132,11700
44,2825
95,4895
118,4142
132,7218
80,6330
100,2006
76,20537
168,7154
125,13448
100,7223
120,13292
89,19406
177,1984
34,4505
116,4398
62,6634
149,6790
31,6823
126,11185
98,8520
84,2011
207,10856
69,4272
120,11727
162,6679
113,15881
49,4796
97,10694
47,10579
127,19044
72,4497
44,6713
75,4588
120,13079
74,9519
100,11569
89,4933
183,5312
340,8096
280,3633
59,4540
296,4401
72,9696
32,4784
67,11893
82,13055
171,2503
140,4556
56,1845
90,3264
126,17576
49,4355
59,9194
64,4873
149,4666
96,7251
114,11696
402,4970
116,22430
56,9021
114,10280
55,2823
96,12585
119,11899
88,6041
133,9670
151,4249
102,6112
95,12108
84,9904
50,8643
144,14242
76,11663
55,11635
287,13962
66,12745
115,6804
111,6667
68,7731
236,15927
70,5377
151,2912
55,2923
40,12223
182,2381
93,7775
52,2618
38,10310
59,5189
135,10852
63,1611
44,5435
61,5857
41,16169
47,5030
61,12431
37,5937
83,19844
103,5360
285,16667
69,9189
83,9820
68,10841
93,14707
62,11513
67,12203
55,6876
126,3356
99,13454
104,6091
53,4479
249,6609
49,2939
44,10150
115,18933
118,6880
50,1652
45,4732
48,4969
90,6354
70,3650
78,5466
130,8823
180,11815
130,11082
38,7825
125,6288
91,3476
134,17453
132,16759
71,3154
94,9900
80,15166
65,10839
38,7517
54,2680
91,2182
1043,19764
64,2103
61,4661
73,4008
44,4152
61,11331
34,13235
102,2937
62,3193
110,3747
36,6052
37,3584
104,7297
208,7879
142,16788
155,7128
144,16285
33,4054
115,8974
68,6225
79,9678
72,3123
177,13248
72,2489
110,3126
109,14458
55,4856
105,17123
70,5469
51,3254
86,2675
98,7159
1056,16160
140,12189
197,7926
100,12197
52,8752
67,4492
43,3701
78,18827
307,9939
224,5054
48,6868
144,4029
112,13373
369,4939
85,8359
52,4706
141,6462
71,8904
177,3093
78,13888
83,7721
33,4666
74,2789
94,2113
65,6472
74,1680
84,3651
88,6770
34,5812
68,6321
171,10175
99,7793
63,5566
73,8091
121,14580
155,17710
77,5541
123,11760
106,20366
78,3141
133,2839
42,10739
148,3752
77,4979
95,15362
115,12221
